period,group,crime_type,measure,category,years,years_offered,n_base,n_cases,n_eff_kish,pct,ci95_low,ci95_high,flag
2015-2019,all_20plus,cyber,other_body,acquaintance,5,5,915,156,874.0,17.3,14.9,19.9,
2015-2019,all_20plus,cyber,other_body,bank,5,0,915,0,874.0,0.0,0.0,0.4,
2015-2019,all_20plus,cyber,other_body,family,5,5,915,193,874.0,21.5,18.9,24.4,
2015-2019,all_20plus,cyber,other_body,government,5,0,915,0,874.0,0.0,0.0,0.4,
2015-2019,all_20plus,cyber,other_body,isp,5,5,915,86,874.0,8.8,7.1,10.9,
2015-2019,all_20plus,cyber,other_body,legal,5,4,915,15,874.0,1.7,1.0,2.8,
2015-2019,all_20plus,cyber,other_body,none,5,5,915,349,874.0,38.3,35.2,41.6,
2015-2019,all_20plus,cyber,other_body,other,5,5,915,204,874.0,22.1,19.4,24.9,
2015-2019,all_20plus,cyber,other_body,professional,5,0,915,0,874.0,0.0,0.0,0.4,
2015-2019,all_20plus,cyber,other_body,website,5,5,915,114,874.0,12.6,10.5,14.9,
2015-2019,all_20plus,cyber,other_body_nonreporters,acquaintance,5,5,808,126,773.0,16.0,13.6,18.7,
2015-2019,all_20plus,cyber,other_body_nonreporters,bank,5,0,808,0,773.0,0.0,0.0,0.5,
2015-2019,all_20plus,cyber,other_body_nonreporters,family,5,5,808,159,773.0,20.2,17.5,23.1,
2015-2019,all_20plus,cyber,other_body_nonreporters,government,5,0,808,0,773.0,0.0,0.0,0.5,
2015-2019,all_20plus,cyber,other_body_nonreporters,isp,5,5,808,76,773.0,8.8,7.0,11.1,
2015-2019,all_20plus,cyber,other_body_nonreporters,legal,5,4,808,10,773.0,1.3,0.7,2.4,
2015-2019,all_20plus,cyber,other_body_nonreporters,none,5,5,808,317,773.0,39.4,36.0,42.9,
2015-2019,all_20plus,cyber,other_body_nonreporters,other,5,5,808,188,773.0,23.0,20.2,26.1,
2015-2019,all_20plus,cyber,other_body_nonreporters,professional,5,0,808,0,773.0,0.0,0.0,0.5,
2015-2019,all_20plus,cyber,other_body_nonreporters,website,5,5,808,97,773.0,12.1,10.0,14.6,
2015-2019,all_20plus,cyber,other_body_reporters,acquaintance,5,5,107,30,101.0,27.4,19.7,36.8,
2015-2019,all_20plus,cyber,other_body_reporters,bank,5,0,107,0,101.0,0.0,0.0,3.7,
2015-2019,all_20plus,cyber,other_body_reporters,family,5,5,107,34,101.0,32.2,23.9,41.8,
2015-2019,all_20plus,cyber,other_body_reporters,government,5,0,107,0,101.0,0.0,0.0,3.7,
2015-2019,all_20plus,cyber,other_body_reporters,isp,5,5,107,10,101.0,8.7,4.6,15.8,
2015-2019,all_20plus,cyber,other_body_reporters,legal,5,4,107,5,101.0,4.6,1.9,10.6,
2015-2019,all_20plus,cyber,other_body_reporters,none,5,5,107,32,101.0,30.2,22.1,39.8,
2015-2019,all_20plus,cyber,other_body_reporters,other,5,5,107,16,101.0,14.8,9.1,23.0,
2015-2019,all_20plus,cyber,other_body_reporters,professional,5,0,107,0,101.0,0.0,0.0,3.7,
2015-2019,all_20plus,cyber,other_body_reporters,website,5,5,107,17,101.0,16.0,10.1,24.4,
2015-2019,all_20plus,sexual_harassment,other_body,acquaintance,5,4,555,84,529.1,15.0,12.2,18.3,
2015-2019,all_20plus,sexual_harassment,other_body,family,5,4,555,87,529.1,15.5,12.7,18.9,
2015-2019,all_20plus,sexual_harassment,other_body,legal,5,4,555,4,529.1,0.7,0.3,1.9,
2015-2019,all_20plus,sexual_harassment,other_body,medical,5,5,555,8,529.1,1.5,0.7,2.9,
2015-2019,all_20plus,sexual_harassment,other_body,mental_health,5,5,555,26,529.1,4.5,3.0,6.6,
2015-2019,all_20plus,sexual_harassment,other_body,ngo,5,5,555,5,529.1,0.9,0.4,2.2,
2015-2019,all_20plus,sexual_harassment,other_body,none,5,5,555,365,529.1,66.6,62.5,70.5,
2015-2019,all_20plus,sexual_harassment,other_body,other,5,5,555,42,529.1,7.6,5.6,10.2,
2015-2019,all_20plus,sexual_harassment,other_body,welfare,5,5,555,8,529.1,1.3,0.6,2.6,
2015-2019,all_20plus,sexual_harassment,other_body,workplace,5,0,555,0,529.1,0.0,0.0,0.7,
2015-2019,all_20plus,sexual_harassment,other_body_nonreporters,acquaintance,5,4,531,82,506.5,15.2,12.3,18.6,
2015-2019,all_20plus,sexual_harassment,other_body_nonreporters,family,5,4,531,80,506.5,15.0,12.2,18.4,
2015-2019,all_20plus,sexual_harassment,other_body_nonreporters,legal,5,4,531,1,506.5,0.2,0.0,1.2,
2015-2019,all_20plus,sexual_harassment,other_body_nonreporters,medical,5,5,531,5,506.5,1.0,0.4,2.3,
2015-2019,all_20plus,sexual_harassment,other_body_nonreporters,mental_health,5,5,531,20,506.5,3.6,2.3,5.6,
2015-2019,all_20plus,sexual_harassment,other_body_nonreporters,ngo,5,5,531,4,506.5,0.8,0.3,2.0,
2015-2019,all_20plus,sexual_harassment,other_body_nonreporters,none,5,5,531,355,506.5,67.7,63.5,71.6,
2015-2019,all_20plus,sexual_harassment,other_body_nonreporters,other,5,5,531,40,506.5,7.6,5.6,10.2,
2015-2019,all_20plus,sexual_harassment,other_body_nonreporters,welfare,5,5,531,5,506.5,0.8,0.3,2.0,
2015-2019,all_20plus,sexual_harassment,other_body_nonreporters,workplace,5,0,531,0,506.5,0.0,0.0,0.8,
2015-2019,all_20plus,sexual_harassment,other_body_reporters,acquaintance,5,4,23,2,21.8,,,,suppressed_n_lt_30
2015-2019,all_20plus,sexual_harassment,other_body_reporters,family,5,4,23,6,21.8,,,,suppressed_n_lt_30
2015-2019,all_20plus,sexual_harassment,other_body_reporters,legal,5,4,23,3,21.8,,,,suppressed_n_lt_30
2015-2019,all_20plus,sexual_harassment,other_body_reporters,medical,5,5,23,3,21.8,,,,suppressed_n_lt_30
2015-2019,all_20plus,sexual_harassment,other_body_reporters,mental_health,5,5,23,6,21.8,,,,suppressed_n_lt_30
2015-2019,all_20plus,sexual_harassment,other_body_reporters,ngo,5,5,23,1,21.8,,,,suppressed_n_lt_30
2015-2019,all_20plus,sexual_harassment,other_body_reporters,none,5,5,23,9,21.8,,,,suppressed_n_lt_30
2015-2019,all_20plus,sexual_harassment,other_body_reporters,other,5,5,23,2,21.8,,,,suppressed_n_lt_30
2015-2019,all_20plus,sexual_harassment,other_body_reporters,welfare,5,5,23,3,21.8,,,,suppressed_n_lt_30
2015-2019,all_20plus,sexual_harassment,other_body_reporters,workplace,5,0,23,0,21.8,,,,suppressed_n_lt_30
2015-2019,all_20plus,violence_threat,other_body,acquaintance,5,4,784,91,751.6,12.1,9.9,14.6,
2015-2019,all_20plus,violence_threat,other_body,family,5,4,784,136,751.6,17.7,15.1,20.6,
2015-2019,all_20plus,violence_threat,other_body,legal,5,4,784,38,751.6,4.8,3.5,6.5,
2015-2019,all_20plus,violence_threat,other_body,medical,5,5,784,55,751.6,7.0,5.4,9.0,
2015-2019,all_20plus,violence_threat,other_body,mental_health,5,5,784,32,751.6,4.3,3.0,6.0,
2015-2019,all_20plus,violence_threat,other_body,ngo,5,5,784,15,751.6,2.2,1.4,3.5,
2015-2019,all_20plus,violence_threat,other_body,none,5,5,784,456,751.6,58.2,54.7,61.7,
2015-2019,all_20plus,violence_threat,other_body,other,5,5,784,86,751.6,10.7,8.7,13.1,
2015-2019,all_20plus,violence_threat,other_body,welfare,5,5,784,28,751.6,3.3,2.2,4.8,
2015-2019,all_20plus,violence_threat,other_body,workplace,5,0,784,0,751.6,0.0,0.0,0.5,
2015-2019,all_20plus,violence_threat,other_body_nonreporters,acquaintance,5,4,468,55,448.5,12.8,10.0,16.2,
2015-2019,all_20plus,violence_threat,other_body_nonreporters,family,5,4,468,86,448.5,19.3,15.9,23.2,
2015-2019,all_20plus,violence_threat,other_body_nonreporters,legal,5,4,468,8,448.5,1.6,0.8,3.3,
2015-2019,all_20plus,violence_threat,other_body_nonreporters,medical,5,5,468,16,448.5,3.1,1.9,5.1,
2015-2019,all_20plus,violence_threat,other_body_nonreporters,mental_health,5,5,468,9,448.5,2.0,1.0,3.7,
2015-2019,all_20plus,violence_threat,other_body_nonreporters,ngo,5,5,468,6,448.5,1.5,0.7,3.1,
2015-2019,all_20plus,violence_threat,other_body_nonreporters,none,5,5,468,287,448.5,61.1,56.5,65.5,
2015-2019,all_20plus,violence_threat,other_body_nonreporters,other,5,5,468,53,448.5,10.8,8.3,14.1,
2015-2019,all_20plus,violence_threat,other_body_nonreporters,welfare,5,5,468,7,448.5,1.4,0.7,3.0,
2015-2019,all_20plus,violence_threat,other_body_nonreporters,workplace,5,0,468,0,448.5,0.0,0.0,0.8,
2015-2019,all_20plus,violence_threat,other_body_reporters,acquaintance,5,4,310,36,297.3,11.2,8.1,15.3,
2015-2019,all_20plus,violence_threat,other_body_reporters,family,5,4,310,50,297.3,15.7,12.0,20.3,
2015-2019,all_20plus,violence_threat,other_body_reporters,legal,5,4,310,28,297.3,9.0,6.3,12.8,
2015-2019,all_20plus,violence_threat,other_body_reporters,medical,5,5,310,39,297.3,13.0,9.6,17.2,
2015-2019,all_20plus,violence_threat,other_body_reporters,mental_health,5,5,310,22,297.3,7.5,5.1,11.1,
2015-2019,all_20plus,violence_threat,other_body_reporters,ngo,5,5,310,9,297.3,3.2,1.8,5.9,
2015-2019,all_20plus,violence_threat,other_body_reporters,none,5,5,310,167,297.3,54.4,48.7,59.9,
2015-2019,all_20plus,violence_threat,other_body_reporters,other,5,5,310,32,297.3,10.4,7.4,14.4,
2015-2019,all_20plus,violence_threat,other_body_reporters,welfare,5,5,310,20,297.3,5.9,3.7,9.1,
2015-2019,all_20plus,violence_threat,other_body_reporters,workplace,5,0,310,0,297.3,0.0,0.0,1.3,
2015-2019,haredi,cyber,other_body,acquaintance,5,5,38,9,37.3,24.4,13.5,40.1,warn_n_30_49
2015-2019,haredi,cyber,other_body,bank,5,0,38,0,37.3,0.0,0.0,9.3,warn_n_30_49
2015-2019,haredi,cyber,other_body,family,5,5,38,4,37.3,11.1,4.5,25.0,warn_n_30_49
2015-2019,haredi,cyber,other_body,government,5,0,38,0,37.3,0.0,0.0,9.3,warn_n_30_49
2015-2019,haredi,cyber,other_body,isp,5,5,38,2,37.3,4.9,1.3,17.0,warn_n_30_49
2015-2019,haredi,cyber,other_body,legal,5,4,38,2,37.3,5.9,1.7,18.4,warn_n_30_49
2015-2019,haredi,cyber,other_body,none,5,5,38,16,37.3,41.0,26.8,56.9,warn_n_30_49
2015-2019,haredi,cyber,other_body,other,5,5,38,7,37.3,19.3,9.8,34.6,warn_n_30_49
2015-2019,haredi,cyber,other_body,professional,5,0,38,0,37.3,0.0,0.0,9.3,warn_n_30_49
2015-2019,haredi,cyber,other_body,website,5,5,38,5,37.3,12.2,5.1,26.4,warn_n_30_49
2015-2019,haredi,cyber,other_body_nonreporters,acquaintance,5,5,32,5,31.5,15.2,6.6,31.4,warn_n_30_49
2015-2019,haredi,cyber,other_body_nonreporters,bank,5,0,32,0,31.5,0.0,0.0,10.9,warn_n_30_49
2015-2019,haredi,cyber,other_body_nonreporters,family,5,5,32,1,31.5,2.8,0.4,15.3,warn_n_30_49
2015-2019,haredi,cyber,other_body_nonreporters,government,5,0,32,0,31.5,0.0,0.0,10.9,warn_n_30_49
2015-2019,haredi,cyber,other_body_nonreporters,isp,5,5,32,2,31.5,6.0,1.6,20.0,warn_n_30_49
2015-2019,haredi,cyber,other_body_nonreporters,legal,5,4,32,1,31.5,3.6,0.7,16.7,warn_n_30_49
2015-2019,haredi,cyber,other_body_nonreporters,none,5,5,32,15,31.5,46.4,30.4,63.3,warn_n_30_49
2015-2019,haredi,cyber,other_body_nonreporters,other,5,5,32,6,31.5,19.7,9.5,36.5,warn_n_30_49
2015-2019,haredi,cyber,other_body_nonreporters,professional,5,0,32,0,31.5,0.0,0.0,10.9,warn_n_30_49
2015-2019,haredi,cyber,other_body_nonreporters,website,5,5,32,4,31.5,12.1,4.7,27.7,warn_n_30_49
2015-2019,haredi,cyber,other_body_reporters,acquaintance,5,5,6,4,5.8,,,,suppressed_n_lt_30
2015-2019,haredi,cyber,other_body_reporters,bank,5,0,6,0,5.8,,,,suppressed_n_lt_30
2015-2019,haredi,cyber,other_body_reporters,family,5,5,6,3,5.8,,,,suppressed_n_lt_30
2015-2019,haredi,cyber,other_body_reporters,government,5,0,6,0,5.8,,,,suppressed_n_lt_30
2015-2019,haredi,cyber,other_body_reporters,isp,5,5,6,0,5.8,,,,suppressed_n_lt_30
2015-2019,haredi,cyber,other_body_reporters,legal,5,4,6,1,5.8,,,,suppressed_n_lt_30
2015-2019,haredi,cyber,other_body_reporters,none,5,5,6,1,5.8,,,,suppressed_n_lt_30
2015-2019,haredi,cyber,other_body_reporters,other,5,5,6,1,5.8,,,,suppressed_n_lt_30
2015-2019,haredi,cyber,other_body_reporters,professional,5,0,6,0,5.8,,,,suppressed_n_lt_30
2015-2019,haredi,cyber,other_body_reporters,website,5,5,6,1,5.8,,,,suppressed_n_lt_30
2015-2019,haredi,sexual_harassment,other_body,acquaintance,5,4,20,3,19.3,,,,suppressed_n_lt_30
2015-2019,haredi,sexual_harassment,other_body,family,5,4,20,4,19.3,,,,suppressed_n_lt_30
2015-2019,haredi,sexual_harassment,other_body,legal,5,4,20,0,19.3,,,,suppressed_n_lt_30
2015-2019,haredi,sexual_harassment,other_body,medical,5,5,20,1,19.3,,,,suppressed_n_lt_30
2015-2019,haredi,sexual_harassment,other_body,mental_health,5,5,20,1,19.3,,,,suppressed_n_lt_30
2015-2019,haredi,sexual_harassment,other_body,ngo,5,5,20,0,19.3,,,,suppressed_n_lt_30
2015-2019,haredi,sexual_harassment,other_body,none,5,5,20,11,19.3,,,,suppressed_n_lt_30
2015-2019,haredi,sexual_harassment,other_body,other,5,5,20,2,19.3,,,,suppressed_n_lt_30
2015-2019,haredi,sexual_harassment,other_body,welfare,5,5,20,0,19.3,,,,suppressed_n_lt_30
2015-2019,haredi,sexual_harassment,other_body,workplace,5,0,20,0,19.3,,,,suppressed_n_lt_30
2015-2019,haredi,sexual_harassment,other_body_nonreporters,acquaintance,5,4,19,3,18.3,,,,suppressed_n_lt_30
2015-2019,haredi,sexual_harassment,other_body_nonreporters,family,5,4,19,4,18.3,,,,suppressed_n_lt_30
2015-2019,haredi,sexual_harassment,other_body_nonreporters,legal,5,4,19,0,18.3,,,,suppressed_n_lt_30
2015-2019,haredi,sexual_harassment,other_body_nonreporters,medical,5,5,19,1,18.3,,,,suppressed_n_lt_30
2015-2019,haredi,sexual_harassment,other_body_nonreporters,mental_health,5,5,19,0,18.3,,,,suppressed_n_lt_30
2015-2019,haredi,sexual_harassment,other_body_nonreporters,ngo,5,5,19,0,18.3,,,,suppressed_n_lt_30
2015-2019,haredi,sexual_harassment,other_body_nonreporters,none,5,5,19,11,18.3,,,,suppressed_n_lt_30
2015-2019,haredi,sexual_harassment,other_body_nonreporters,other,5,5,19,2,18.3,,,,suppressed_n_lt_30
2015-2019,haredi,sexual_harassment,other_body_nonreporters,welfare,5,5,19,0,18.3,,,,suppressed_n_lt_30
2015-2019,haredi,sexual_harassment,other_body_nonreporters,workplace,5,0,19,0,18.3,,,,suppressed_n_lt_30
2015-2019,haredi,sexual_harassment,other_body_reporters,acquaintance,5,4,1,0,1.0,,,,suppressed_n_lt_30
2015-2019,haredi,sexual_harassment,other_body_reporters,family,5,4,1,0,1.0,,,,suppressed_n_lt_30
2015-2019,haredi,sexual_harassment,other_body_reporters,legal,5,4,1,0,1.0,,,,suppressed_n_lt_30
2015-2019,haredi,sexual_harassment,other_body_reporters,medical,5,5,1,0,1.0,,,,suppressed_n_lt_30
2015-2019,haredi,sexual_harassment,other_body_reporters,mental_health,5,5,1,1,1.0,,,,suppressed_n_lt_30
2015-2019,haredi,sexual_harassment,other_body_reporters,ngo,5,5,1,0,1.0,,,,suppressed_n_lt_30
2015-2019,haredi,sexual_harassment,other_body_reporters,none,5,5,1,0,1.0,,,,suppressed_n_lt_30
2015-2019,haredi,sexual_harassment,other_body_reporters,other,5,5,1,0,1.0,,,,suppressed_n_lt_30
2015-2019,haredi,sexual_harassment,other_body_reporters,welfare,5,5,1,0,1.0,,,,suppressed_n_lt_30
2015-2019,haredi,sexual_harassment,other_body_reporters,workplace,5,0,1,0,1.0,,,,suppressed_n_lt_30
2015-2019,haredi,violence_threat,other_body,acquaintance,5,4,55,7,53.7,12.5,6.1,23.9,
2015-2019,haredi,violence_threat,other_body,family,5,4,55,12,53.7,21.5,12.6,34.2,
2015-2019,haredi,violence_threat,other_body,legal,5,4,55,3,53.7,5.6,1.9,15.1,
2015-2019,haredi,violence_threat,other_body,medical,5,5,55,3,53.7,5.7,2.0,15.3,
2015-2019,haredi,violence_threat,other_body,mental_health,5,5,55,1,53.7,1.9,0.3,9.9,
2015-2019,haredi,violence_threat,other_body,ngo,5,5,55,1,53.7,1.9,0.3,9.9,
2015-2019,haredi,violence_threat,other_body,none,5,5,55,28,53.7,52.7,39.6,65.4,
2015-2019,haredi,violence_threat,other_body,other,5,5,55,8,53.7,13.8,7.0,25.4,
2015-2019,haredi,violence_threat,other_body,welfare,5,5,55,2,53.7,3.5,0.9,12.3,
2015-2019,haredi,violence_threat,other_body,workplace,5,0,55,0,53.7,0.0,0.0,6.7,
2015-2019,haredi,violence_threat,other_body_nonreporters,acquaintance,5,4,33,4,32.2,12.4,4.9,27.8,warn_n_30_49
2015-2019,haredi,violence_threat,other_body_nonreporters,family,5,4,33,8,32.2,24.5,12.9,41.5,warn_n_30_49
2015-2019,haredi,violence_threat,other_body_nonreporters,legal,5,4,33,0,32.2,0.0,0.0,10.6,warn_n_30_49
2015-2019,haredi,violence_threat,other_body_nonreporters,medical,5,5,33,1,32.2,3.5,0.7,16.2,warn_n_30_49
2015-2019,haredi,violence_threat,other_body_nonreporters,mental_health,5,5,33,0,32.2,0.0,0.0,10.6,warn_n_30_49
2015-2019,haredi,violence_threat,other_body_nonreporters,ngo,5,5,33,0,32.2,0.0,0.0,10.6,warn_n_30_49
2015-2019,haredi,violence_threat,other_body_nonreporters,none,5,5,33,17,32.2,52.9,36.3,68.9,warn_n_30_49
2015-2019,haredi,violence_threat,other_body_nonreporters,other,5,5,33,5,32.2,14.2,6.0,30.1,warn_n_30_49
2015-2019,haredi,violence_threat,other_body_nonreporters,welfare,5,5,33,1,32.2,2.6,0.4,14.9,warn_n_30_49
2015-2019,haredi,violence_threat,other_body_nonreporters,workplace,5,0,33,0,32.2,0.0,0.0,10.6,warn_n_30_49
2015-2019,haredi,violence_threat,other_body_reporters,acquaintance,5,4,21,3,20.5,,,,suppressed_n_lt_30
2015-2019,haredi,violence_threat,other_body_reporters,family,5,4,21,4,20.5,,,,suppressed_n_lt_30
2015-2019,haredi,violence_threat,other_body_reporters,legal,5,4,21,3,20.5,,,,suppressed_n_lt_30
2015-2019,haredi,violence_threat,other_body_reporters,medical,5,5,21,2,20.5,,,,suppressed_n_lt_30
2015-2019,haredi,violence_threat,other_body_reporters,mental_health,5,5,21,1,20.5,,,,suppressed_n_lt_30
2015-2019,haredi,violence_threat,other_body_reporters,ngo,5,5,21,1,20.5,,,,suppressed_n_lt_30
2015-2019,haredi,violence_threat,other_body_reporters,none,5,5,21,10,20.5,,,,suppressed_n_lt_30
2015-2019,haredi,violence_threat,other_body_reporters,other,5,5,21,3,20.5,,,,suppressed_n_lt_30
2015-2019,haredi,violence_threat,other_body_reporters,welfare,5,5,21,1,20.5,,,,suppressed_n_lt_30
2015-2019,haredi,violence_threat,other_body_reporters,workplace,5,0,21,0,20.5,,,,suppressed_n_lt_30
2015-2019,nonharedi_jew,cyber,other_body,acquaintance,5,5,734,120,708.7,16.6,14.1,19.5,
2015-2019,nonharedi_jew,cyber,other_body,bank,5,0,734,0,708.7,0.0,0.0,0.5,
2015-2019,nonharedi_jew,cyber,other_body,family,5,5,734,154,708.7,21.2,18.4,24.4,
2015-2019,nonharedi_jew,cyber,other_body,government,5,0,734,0,708.7,0.0,0.0,0.5,
2015-2019,nonharedi_jew,cyber,other_body,isp,5,5,734,67,708.7,8.6,6.7,10.9,
2015-2019,nonharedi_jew,cyber,other_body,legal,5,4,734,12,708.7,1.6,0.9,2.9,
2015-2019,nonharedi_jew,cyber,other_body,none,5,5,734,282,708.7,38.7,35.2,42.3,
2015-2019,nonharedi_jew,cyber,other_body,other,5,5,734,169,708.7,22.8,19.9,26.1,
2015-2019,nonharedi_jew,cyber,other_body,professional,5,0,734,0,708.7,0.0,0.0,0.5,
2015-2019,nonharedi_jew,cyber,other_body,website,5,5,734,87,708.7,12.1,9.9,14.7,
2015-2019,nonharedi_jew,cyber,other_body_nonreporters,acquaintance,5,5,655,100,632.3,15.7,13.0,18.7,
2015-2019,nonharedi_jew,cyber,other_body_nonreporters,bank,5,0,655,0,632.3,0.0,0.0,0.6,
2015-2019,nonharedi_jew,cyber,other_body_nonreporters,family,5,5,655,129,632.3,19.8,16.9,23.1,
2015-2019,nonharedi_jew,cyber,other_body_nonreporters,government,5,0,655,0,632.3,0.0,0.0,0.6,
2015-2019,nonharedi_jew,cyber,other_body_nonreporters,isp,5,5,655,60,632.3,8.6,6.6,11.0,
2015-2019,nonharedi_jew,cyber,other_body_nonreporters,legal,5,4,655,8,632.3,1.3,0.6,2.5,
2015-2019,nonharedi_jew,cyber,other_body_nonreporters,none,5,5,655,258,632.3,39.7,36.0,43.6,
2015-2019,nonharedi_jew,cyber,other_body_nonreporters,other,5,5,655,156,632.3,23.6,20.5,27.1,
2015-2019,nonharedi_jew,cyber,other_body_nonreporters,professional,5,0,655,0,632.3,0.0,0.0,0.6,
2015-2019,nonharedi_jew,cyber,other_body_nonreporters,website,5,5,655,74,632.3,11.6,9.3,14.3,
2015-2019,nonharedi_jew,cyber,other_body_reporters,acquaintance,5,5,79,20,76.5,24.9,16.6,35.6,
2015-2019,nonharedi_jew,cyber,other_body_reporters,bank,5,0,79,0,76.5,0.0,0.0,4.8,
2015-2019,nonharedi_jew,cyber,other_body_reporters,family,5,5,79,25,76.5,32.9,23.4,44.0,
2015-2019,nonharedi_jew,cyber,other_body_reporters,government,5,0,79,0,76.5,0.0,0.0,4.8,
2015-2019,nonharedi_jew,cyber,other_body_reporters,isp,5,5,79,7,76.5,8.9,4.3,17.4,
2015-2019,nonharedi_jew,cyber,other_body_reporters,legal,5,4,79,4,76.5,4.9,1.9,12.3,
2015-2019,nonharedi_jew,cyber,other_body_reporters,none,5,5,79,24,76.5,29.9,20.8,40.9,
2015-2019,nonharedi_jew,cyber,other_body_reporters,other,5,5,79,13,76.5,16.2,9.6,26.1,
2015-2019,nonharedi_jew,cyber,other_body_reporters,professional,5,0,79,0,76.5,0.0,0.0,4.8,
2015-2019,nonharedi_jew,cyber,other_body_reporters,website,5,5,79,13,76.5,16.6,9.9,26.5,
2015-2019,nonharedi_jew,sexual_harassment,other_body,acquaintance,5,4,450,68,433.4,14.7,11.7,18.3,
2015-2019,nonharedi_jew,sexual_harassment,other_body,family,5,4,450,72,433.4,16.2,13.0,19.9,
2015-2019,nonharedi_jew,sexual_harassment,other_body,legal,5,4,450,4,433.4,0.9,0.4,2.3,
2015-2019,nonharedi_jew,sexual_harassment,other_body,medical,5,5,450,6,433.4,1.4,0.6,3.0,
2015-2019,nonharedi_jew,sexual_harassment,other_body,mental_health,5,5,450,23,433.4,4.7,3.0,7.1,
2015-2019,nonharedi_jew,sexual_harassment,other_body,ngo,5,5,450,5,433.4,1.2,0.5,2.7,
2015-2019,nonharedi_jew,sexual_harassment,other_body,none,5,5,450,295,433.4,66.6,62.0,70.8,
2015-2019,nonharedi_jew,sexual_harassment,other_body,other,5,5,450,35,433.4,7.8,5.6,10.7,
2015-2019,nonharedi_jew,sexual_harassment,other_body,welfare,5,5,450,6,433.4,1.2,0.5,2.8,
2015-2019,nonharedi_jew,sexual_harassment,other_body,workplace,5,0,450,0,433.4,0.0,0.0,0.9,
2015-2019,nonharedi_jew,sexual_harassment,other_body_nonreporters,acquaintance,5,4,433,67,417.2,15.0,11.9,18.7,
2015-2019,nonharedi_jew,sexual_harassment,other_body_nonreporters,family,5,4,433,67,417.2,15.7,12.6,19.6,
2015-2019,nonharedi_jew,sexual_harassment,other_body_nonreporters,legal,5,4,433,1,417.2,0.3,0.1,1.4,
2015-2019,nonharedi_jew,sexual_harassment,other_body_nonreporters,medical,5,5,433,4,417.2,1.0,0.4,2.5,
2015-2019,nonharedi_jew,sexual_harassment,other_body_nonreporters,mental_health,5,5,433,18,417.2,3.8,2.4,6.1,
2015-2019,nonharedi_jew,sexual_harassment,other_body_nonreporters,ngo,5,5,433,4,417.2,1.0,0.4,2.5,
2015-2019,nonharedi_jew,sexual_harassment,other_body_nonreporters,none,5,5,433,287,417.2,67.2,62.5,71.5,
2015-2019,nonharedi_jew,sexual_harassment,other_body_nonreporters,other,5,5,433,34,417.2,7.9,5.7,10.9,
2015-2019,nonharedi_jew,sexual_harassment,other_body_nonreporters,welfare,5,5,433,3,417.2,0.6,0.2,1.9,
2015-2019,nonharedi_jew,sexual_harassment,other_body_nonreporters,workplace,5,0,433,0,417.2,0.0,0.0,0.9,
2015-2019,nonharedi_jew,sexual_harassment,other_body_reporters,acquaintance,5,4,16,1,15.6,,,,suppressed_n_lt_30
2015-2019,nonharedi_jew,sexual_harassment,other_body_reporters,family,5,4,16,4,15.6,,,,suppressed_n_lt_30
2015-2019,nonharedi_jew,sexual_harassment,other_body_reporters,legal,5,4,16,3,15.6,,,,suppressed_n_lt_30
2015-2019,nonharedi_jew,sexual_harassment,other_body_reporters,medical,5,5,16,2,15.6,,,,suppressed_n_lt_30
2015-2019,nonharedi_jew,sexual_harassment,other_body_reporters,mental_health,5,5,16,5,15.6,,,,suppressed_n_lt_30
2015-2019,nonharedi_jew,sexual_harassment,other_body_reporters,ngo,5,5,16,1,15.6,,,,suppressed_n_lt_30
2015-2019,nonharedi_jew,sexual_harassment,other_body_reporters,none,5,5,16,7,15.6,,,,suppressed_n_lt_30
2015-2019,nonharedi_jew,sexual_harassment,other_body_reporters,other,5,5,16,1,15.6,,,,suppressed_n_lt_30
2015-2019,nonharedi_jew,sexual_harassment,other_body_reporters,welfare,5,5,16,3,15.6,,,,suppressed_n_lt_30
2015-2019,nonharedi_jew,sexual_harassment,other_body_reporters,workplace,5,0,16,0,15.6,,,,suppressed_n_lt_30
2015-2019,nonharedi_jew,violence_threat,other_body,acquaintance,5,4,604,68,583.0,11.8,9.4,14.7,
2015-2019,nonharedi_jew,violence_threat,other_body,family,5,4,604,103,583.0,17.9,15.0,21.3,
2015-2019,nonharedi_jew,violence_threat,other_body,legal,5,4,604,31,583.0,4.9,3.4,7.0,
2015-2019,nonharedi_jew,violence_threat,other_body,medical,5,5,604,35,583.0,5.8,4.2,8.0,
2015-2019,nonharedi_jew,violence_threat,other_body,mental_health,5,5,604,27,583.0,4.6,3.2,6.6,
2015-2019,nonharedi_jew,violence_threat,other_body,ngo,5,5,604,12,583.0,2.2,1.3,3.7,
2015-2019,nonharedi_jew,violence_threat,other_body,none,5,5,604,358,583.0,59.2,55.1,63.1,
2015-2019,nonharedi_jew,violence_threat,other_body,other,5,5,604,70,583.0,11.2,8.9,14.0,
2015-2019,nonharedi_jew,violence_threat,other_body,welfare,5,5,604,24,583.0,3.6,2.4,5.4,
2015-2019,nonharedi_jew,violence_threat,other_body,workplace,5,0,604,0,583.0,0.0,0.0,0.7,
2015-2019,nonharedi_jew,violence_threat,other_body_nonreporters,acquaintance,5,4,365,44,353.3,13.2,10.0,17.1,
2015-2019,nonharedi_jew,violence_threat,other_body_nonreporters,family,5,4,365,64,353.3,18.8,15.1,23.2,
2015-2019,nonharedi_jew,violence_threat,other_body_nonreporters,legal,5,4,365,7,353.3,1.8,0.8,3.8,
2015-2019,nonharedi_jew,violence_threat,other_body_nonreporters,medical,5,5,365,11,353.3,2.8,1.5,5.1,
2015-2019,nonharedi_jew,violence_threat,other_body_nonreporters,mental_health,5,5,365,8,353.3,2.2,1.1,4.3,
2015-2019,nonharedi_jew,violence_threat,other_body_nonreporters,ngo,5,5,365,6,353.3,1.9,0.9,3.9,
2015-2019,nonharedi_jew,violence_threat,other_body_nonreporters,none,5,5,365,226,353.3,61.3,56.1,66.2,
2015-2019,nonharedi_jew,violence_threat,other_body_nonreporters,other,5,5,365,42,353.3,10.9,8.0,14.6,
2015-2019,nonharedi_jew,violence_threat,other_body_nonreporters,welfare,5,5,365,5,353.3,1.3,0.5,3.1,
2015-2019,nonharedi_jew,violence_threat,other_body_nonreporters,workplace,5,0,365,0,353.3,0.0,0.0,1.1,
2015-2019,nonharedi_jew,violence_threat,other_body_reporters,acquaintance,5,4,234,24,225.0,9.9,6.6,14.5,
2015-2019,nonharedi_jew,violence_threat,other_body_reporters,family,5,4,234,39,225.0,16.9,12.6,22.3,
2015-2019,nonharedi_jew,violence_threat,other_body_reporters,legal,5,4,234,22,225.0,9.2,6.1,13.7,
2015-2019,nonharedi_jew,violence_threat,other_body_reporters,medical,5,5,234,24,225.0,10.5,7.1,15.1,
2015-2019,nonharedi_jew,violence_threat,other_body_reporters,mental_health,5,5,234,18,225.0,8.1,5.2,12.4,
2015-2019,nonharedi_jew,violence_threat,other_body_reporters,ngo,5,5,234,6,225.0,2.6,1.2,5.6,
2015-2019,nonharedi_jew,violence_threat,other_body_reporters,none,5,5,234,131,225.0,56.6,50.1,62.9,
2015-2019,nonharedi_jew,violence_threat,other_body_reporters,other,5,5,234,27,225.0,11.5,7.9,16.3,
2015-2019,nonharedi_jew,violence_threat,other_body_reporters,welfare,5,5,234,18,225.0,6.9,4.2,11.0,
2015-2019,nonharedi_jew,violence_threat,other_body_reporters,workplace,5,0,234,0,225.0,0.0,0.0,1.7,
2020-2022,all_20plus,cyber,other_body,acquaintance,3,3,859,122,832.7,14.2,12.0,16.8,
2020-2022,all_20plus,cyber,other_body,bank,3,2,859,270,832.7,31.8,28.7,35.0,
2020-2022,all_20plus,cyber,other_body,family,3,3,859,249,832.7,29.1,26.1,32.3,
2020-2022,all_20plus,cyber,other_body,government,3,1,859,9,832.7,1.2,0.6,2.1,
2020-2022,all_20plus,cyber,other_body,isp,3,3,859,37,832.7,4.2,3.0,5.8,
2020-2022,all_20plus,cyber,other_body,legal,3,3,859,14,832.7,1.6,0.9,2.7,
2020-2022,all_20plus,cyber,other_body,none,3,3,859,231,832.7,26.6,23.7,29.7,
2020-2022,all_20plus,cyber,other_body,other,3,3,859,70,832.7,8.0,6.3,10.0,
2020-2022,all_20plus,cyber,other_body,professional,3,2,859,63,832.7,7.5,5.9,9.5,
2020-2022,all_20plus,cyber,other_body,website,3,3,859,70,832.7,8.0,6.3,10.0,
2020-2022,all_20plus,cyber,other_body_nonreporters,acquaintance,3,3,798,105,774.0,13.1,10.9,15.6,
2020-2022,all_20plus,cyber,other_body_nonreporters,bank,3,2,798,259,774.0,32.7,29.5,36.1,
2020-2022,all_20plus,cyber,other_body_nonreporters,family,3,3,798,222,774.0,28.0,24.9,31.3,
2020-2022,all_20plus,cyber,other_body_nonreporters,government,3,1,798,7,774.0,1.0,0.5,2.0,
2020-2022,all_20plus,cyber,other_body_nonreporters,isp,3,3,798,32,774.0,3.8,2.7,5.4,
2020-2022,all_20plus,cyber,other_body_nonreporters,legal,3,3,798,6,774.0,0.7,0.3,1.6,
2020-2022,all_20plus,cyber,other_body_nonreporters,none,3,3,798,218,774.0,27.0,24.0,30.2,
2020-2022,all_20plus,cyber,other_body_nonreporters,other,3,3,798,60,774.0,7.4,5.8,9.5,
2020-2022,all_20plus,cyber,other_body_nonreporters,professional,3,2,798,58,774.0,7.5,5.8,9.5,
2020-2022,all_20plus,cyber,other_body_nonreporters,website,3,3,798,64,774.0,7.9,6.2,10.0,
2020-2022,all_20plus,cyber,other_body_reporters,acquaintance,3,3,59,17,56.8,30.0,19.6,42.8,
2020-2022,all_20plus,cyber,other_body_reporters,bank,3,2,59,11,56.8,20.4,12.0,32.6,
2020-2022,all_20plus,cyber,other_body_reporters,family,3,3,59,27,56.8,44.5,32.4,57.4,
2020-2022,all_20plus,cyber,other_body_reporters,government,3,1,59,2,56.8,3.3,0.9,11.6,
2020-2022,all_20plus,cyber,other_body_reporters,isp,3,3,59,5,56.8,9.7,4.4,20.2,
2020-2022,all_20plus,cyber,other_body_reporters,legal,3,3,59,8,56.8,13.6,7.0,24.8,
2020-2022,all_20plus,cyber,other_body_reporters,none,3,3,59,11,56.8,18.4,10.4,30.3,
2020-2022,all_20plus,cyber,other_body_reporters,other,3,3,59,10,56.8,16.2,8.9,27.9,
2020-2022,all_20plus,cyber,other_body_reporters,professional,3,2,59,5,56.8,7.9,3.3,17.8,
2020-2022,all_20plus,cyber,other_body_reporters,website,3,3,59,6,56.8,9.6,4.3,20.0,
2020-2022,all_20plus,sexual_harassment,other_body,acquaintance,3,3,385,104,372.5,27.1,22.9,31.8,
2020-2022,all_20plus,sexual_harassment,other_body,family,3,3,385,85,372.5,22.3,18.4,26.8,
2020-2022,all_20plus,sexual_harassment,other_body,legal,3,3,385,4,372.5,1.0,0.4,2.7,
2020-2022,all_20plus,sexual_harassment,other_body,medical,3,3,385,4,372.5,1.1,0.4,2.7,
2020-2022,all_20plus,sexual_harassment,other_body,mental_health,3,3,385,35,372.5,8.1,5.7,11.3,
2020-2022,all_20plus,sexual_harassment,other_body,ngo,3,3,385,7,372.5,1.9,0.9,3.8,
2020-2022,all_20plus,sexual_harassment,other_body,none,3,3,385,190,372.5,49.6,44.5,54.6,
2020-2022,all_20plus,sexual_harassment,other_body,other,3,3,385,2,372.5,0.5,0.1,1.9,
2020-2022,all_20plus,sexual_harassment,other_body,welfare,3,3,385,13,372.5,3.6,2.1,6.0,
2020-2022,all_20plus,sexual_harassment,other_body,workplace,3,3,385,45,372.5,11.8,8.9,15.5,
2020-2022,all_20plus,sexual_harassment,other_body_nonreporters,acquaintance,3,3,371,101,359.1,27.4,23.0,32.2,
2020-2022,all_20plus,sexual_harassment,other_body_nonreporters,family,3,3,371,82,359.1,22.4,18.4,27.0,
2020-2022,all_20plus,sexual_harassment,other_body_nonreporters,legal,3,3,371,3,359.1,0.7,0.2,2.3,
2020-2022,all_20plus,sexual_harassment,other_body_nonreporters,medical,3,3,371,2,359.1,0.5,0.1,1.9,
2020-2022,all_20plus,sexual_harassment,other_body_nonreporters,mental_health,3,3,371,33,359.1,7.7,5.4,11.0,
2020-2022,all_20plus,sexual_harassment,other_body_nonreporters,ngo,3,3,371,6,359.1,1.6,0.7,3.5,
2020-2022,all_20plus,sexual_harassment,other_body_nonreporters,none,3,3,371,182,359.1,49.3,44.1,54.4,
2020-2022,all_20plus,sexual_harassment,other_body_nonreporters,other,3,3,371,2,359.1,0.5,0.1,1.9,
2020-2022,all_20plus,sexual_harassment,other_body_nonreporters,welfare,3,3,371,11,359.1,3.0,1.7,5.4,
2020-2022,all_20plus,sexual_harassment,other_body_nonreporters,workplace,3,3,371,44,359.1,12.0,9.0,15.8,
2020-2022,all_20plus,sexual_harassment,other_body_reporters,acquaintance,3,3,13,3,12.6,,,,suppressed_n_lt_30
2020-2022,all_20plus,sexual_harassment,other_body_reporters,family,3,3,13,3,12.6,,,,suppressed_n_lt_30
2020-2022,all_20plus,sexual_harassment,other_body_reporters,legal,3,3,13,1,12.6,,,,suppressed_n_lt_30
2020-2022,all_20plus,sexual_harassment,other_body_reporters,medical,3,3,13,2,12.6,,,,suppressed_n_lt_30
2020-2022,all_20plus,sexual_harassment,other_body_reporters,mental_health,3,3,13,2,12.6,,,,suppressed_n_lt_30
2020-2022,all_20plus,sexual_harassment,other_body_reporters,ngo,3,3,13,1,12.6,,,,suppressed_n_lt_30
2020-2022,all_20plus,sexual_harassment,other_body_reporters,none,3,3,13,7,12.6,,,,suppressed_n_lt_30
2020-2022,all_20plus,sexual_harassment,other_body_reporters,other,3,3,13,0,12.6,,,,suppressed_n_lt_30
2020-2022,all_20plus,sexual_harassment,other_body_reporters,welfare,3,3,13,2,12.6,,,,suppressed_n_lt_30
2020-2022,all_20plus,sexual_harassment,other_body_reporters,workplace,3,3,13,1,12.6,,,,suppressed_n_lt_30
2020-2022,all_20plus,violence_threat,other_body,acquaintance,3,3,481,115,460.3,23.6,20.0,27.7,
2020-2022,all_20plus,violence_threat,other_body,family,3,3,481,142,460.3,29.5,25.5,33.8,
2020-2022,all_20plus,violence_threat,other_body,legal,3,3,481,31,460.3,6.1,4.3,8.7,
2020-2022,all_20plus,violence_threat,other_body,medical,3,3,481,37,460.3,7.7,5.6,10.5,
2020-2022,all_20plus,violence_threat,other_body,mental_health,3,3,481,41,460.3,8.3,6.1,11.2,
2020-2022,all_20plus,violence_threat,other_body,ngo,3,3,481,10,460.3,2.0,1.1,3.8,
2020-2022,all_20plus,violence_threat,other_body,none,3,3,481,207,460.3,43.6,39.2,48.2,
2020-2022,all_20plus,violence_threat,other_body,other,3,3,481,31,460.3,6.3,4.4,8.8,
2020-2022,all_20plus,violence_threat,other_body,welfare,3,3,481,23,460.3,4.2,2.7,6.5,
2020-2022,all_20plus,violence_threat,other_body,workplace,3,3,481,78,460.3,16.2,13.1,19.8,
2020-2022,all_20plus,violence_threat,other_body_nonreporters,acquaintance,3,3,299,77,289.2,26.0,21.3,31.3,
2020-2022,all_20plus,violence_threat,other_body_nonreporters,family,3,3,299,93,289.2,31.7,26.6,37.2,
2020-2022,all_20plus,violence_threat,other_body_nonreporters,legal,3,3,299,3,289.2,1.1,0.4,3.1,
2020-2022,all_20plus,violence_threat,other_body_nonreporters,medical,3,3,299,9,289.2,3.1,1.6,5.8,
2020-2022,all_20plus,violence_threat,other_body_nonreporters,mental_health,3,3,299,20,289.2,6.6,4.2,10.0,
2020-2022,all_20plus,violence_threat,other_body_nonreporters,ngo,3,3,299,4,289.2,1.4,0.5,3.5,
2020-2022,all_20plus,violence_threat,other_body_nonreporters,none,3,3,299,131,289.2,43.8,38.2,49.6,
2020-2022,all_20plus,violence_threat,other_body_nonreporters,other,3,3,299,15,289.2,4.4,2.5,7.4,
2020-2022,all_20plus,violence_threat,other_body_nonreporters,welfare,3,3,299,6,289.2,2.0,0.9,4.3,
2020-2022,all_20plus,violence_threat,other_body_nonreporters,workplace,3,3,299,45,289.2,15.3,11.6,19.9,
2020-2022,all_20plus,violence_threat,other_body_reporters,acquaintance,3,3,181,38,170.3,19.9,14.6,26.5,
2020-2022,all_20plus,violence_threat,other_body_reporters,family,3,3,181,49,170.3,26.0,20.0,33.1,
2020-2022,all_20plus,violence_threat,other_body_reporters,legal,3,3,181,28,170.3,14.3,9.8,20.3,
2020-2022,all_20plus,violence_threat,other_body_reporters,medical,3,3,181,28,170.3,15.2,10.6,21.4,
2020-2022,all_20plus,violence_threat,other_body_reporters,mental_health,3,3,181,21,170.3,11.2,7.3,16.8,
2020-2022,all_20plus,violence_threat,other_body_reporters,ngo,3,3,181,6,170.3,3.1,1.4,6.9,
2020-2022,all_20plus,violence_threat,other_body_reporters,none,3,3,181,75,170.3,43.0,35.8,50.5,
2020-2022,all_20plus,violence_threat,other_body_reporters,other,3,3,181,16,170.3,9.4,5.9,14.7,
2020-2022,all_20plus,violence_threat,other_body_reporters,welfare,3,3,181,17,170.3,7.9,4.7,13.0,
2020-2022,all_20plus,violence_threat,other_body_reporters,workplace,3,3,181,33,170.3,17.6,12.6,24.0,
2020-2022,haredi,cyber,other_body,acquaintance,3,3,48,8,46.6,15.8,8.0,28.8,warn_n_30_49
2020-2022,haredi,cyber,other_body,bank,3,2,48,22,46.6,46.8,33.3,60.8,warn_n_30_49
2020-2022,haredi,cyber,other_body,family,3,3,48,14,46.6,30.9,19.5,45.2,warn_n_30_49
2020-2022,haredi,cyber,other_body,government,3,1,48,1,46.6,2.7,0.6,12.1,warn_n_30_49
2020-2022,haredi,cyber,other_body,isp,3,3,48,2,46.6,4.9,1.4,15.2,warn_n_30_49
2020-2022,haredi,cyber,other_body,legal,3,3,48,0,46.6,0.0,0.0,7.6,warn_n_30_49
2020-2022,haredi,cyber,other_body,none,3,3,48,13,46.6,26.4,15.9,40.5,warn_n_30_49
2020-2022,haredi,cyber,other_body,other,3,3,48,3,46.6,5.6,1.8,16.2,warn_n_30_49
2020-2022,haredi,cyber,other_body,professional,3,2,48,5,46.6,11.2,5.0,23.4,warn_n_30_49
2020-2022,haredi,cyber,other_body,website,3,3,48,0,46.6,0.0,0.0,7.6,warn_n_30_49
2020-2022,haredi,cyber,other_body_nonreporters,acquaintance,3,3,48,8,46.6,15.8,8.0,28.8,warn_n_30_49
2020-2022,haredi,cyber,other_body_nonreporters,bank,3,2,48,22,46.6,46.8,33.3,60.8,warn_n_30_49
2020-2022,haredi,cyber,other_body_nonreporters,family,3,3,48,14,46.6,30.9,19.5,45.2,warn_n_30_49
2020-2022,haredi,cyber,other_body_nonreporters,government,3,1,48,1,46.6,2.7,0.6,12.1,warn_n_30_49
2020-2022,haredi,cyber,other_body_nonreporters,isp,3,3,48,2,46.6,4.9,1.4,15.2,warn_n_30_49
2020-2022,haredi,cyber,other_body_nonreporters,legal,3,3,48,0,46.6,0.0,0.0,7.6,warn_n_30_49
2020-2022,haredi,cyber,other_body_nonreporters,none,3,3,48,13,46.6,26.4,15.9,40.5,warn_n_30_49
2020-2022,haredi,cyber,other_body_nonreporters,other,3,3,48,3,46.6,5.6,1.8,16.2,warn_n_30_49
2020-2022,haredi,cyber,other_body_nonreporters,professional,3,2,48,5,46.6,11.2,5.0,23.4,warn_n_30_49
2020-2022,haredi,cyber,other_body_nonreporters,website,3,3,48,0,46.6,0.0,0.0,7.6,warn_n_30_49
2020-2022,haredi,cyber,other_body_reporters,acquaintance,3,3,0,0,0.0,,,,suppressed_n_lt_30
2020-2022,haredi,cyber,other_body_reporters,bank,3,2,0,0,0.0,,,,suppressed_n_lt_30
2020-2022,haredi,cyber,other_body_reporters,family,3,3,0,0,0.0,,,,suppressed_n_lt_30
2020-2022,haredi,cyber,other_body_reporters,government,3,1,0,0,0.0,,,,suppressed_n_lt_30
2020-2022,haredi,cyber,other_body_reporters,isp,3,3,0,0,0.0,,,,suppressed_n_lt_30
2020-2022,haredi,cyber,other_body_reporters,legal,3,3,0,0,0.0,,,,suppressed_n_lt_30
2020-2022,haredi,cyber,other_body_reporters,none,3,3,0,0,0.0,,,,suppressed_n_lt_30
2020-2022,haredi,cyber,other_body_reporters,other,3,3,0,0,0.0,,,,suppressed_n_lt_30
2020-2022,haredi,cyber,other_body_reporters,professional,3,2,0,0,0.0,,,,suppressed_n_lt_30
2020-2022,haredi,cyber,other_body_reporters,website,3,3,0,0,0.0,,,,suppressed_n_lt_30
2020-2022,haredi,sexual_harassment,other_body,acquaintance,3,3,12,3,11.7,,,,suppressed_n_lt_30
2020-2022,haredi,sexual_harassment,other_body,family,3,3,12,4,11.7,,,,suppressed_n_lt_30
2020-2022,haredi,sexual_harassment,other_body,legal,3,3,12,1,11.7,,,,suppressed_n_lt_30
2020-2022,haredi,sexual_harassment,other_body,medical,3,3,12,0,11.7,,,,suppressed_n_lt_30
2020-2022,haredi,sexual_harassment,other_body,mental_health,3,3,12,3,11.7,,,,suppressed_n_lt_30
2020-2022,haredi,sexual_harassment,other_body,ngo,3,3,12,0,11.7,,,,suppressed_n_lt_30
2020-2022,haredi,sexual_harassment,other_body,none,3,3,12,5,11.7,,,,suppressed_n_lt_30
2020-2022,haredi,sexual_harassment,other_body,other,3,3,12,0,11.7,,,,suppressed_n_lt_30
2020-2022,haredi,sexual_harassment,other_body,welfare,3,3,12,1,11.7,,,,suppressed_n_lt_30
2020-2022,haredi,sexual_harassment,other_body,workplace,3,3,12,2,11.7,,,,suppressed_n_lt_30
2020-2022,haredi,sexual_harassment,other_body_nonreporters,acquaintance,3,3,12,3,11.7,,,,suppressed_n_lt_30
2020-2022,haredi,sexual_harassment,other_body_nonreporters,family,3,3,12,4,11.7,,,,suppressed_n_lt_30
2020-2022,haredi,sexual_harassment,other_body_nonreporters,legal,3,3,12,1,11.7,,,,suppressed_n_lt_30
2020-2022,haredi,sexual_harassment,other_body_nonreporters,medical,3,3,12,0,11.7,,,,suppressed_n_lt_30
2020-2022,haredi,sexual_harassment,other_body_nonreporters,mental_health,3,3,12,3,11.7,,,,suppressed_n_lt_30
2020-2022,haredi,sexual_harassment,other_body_nonreporters,ngo,3,3,12,0,11.7,,,,suppressed_n_lt_30
2020-2022,haredi,sexual_harassment,other_body_nonreporters,none,3,3,12,5,11.7,,,,suppressed_n_lt_30
2020-2022,haredi,sexual_harassment,other_body_nonreporters,other,3,3,12,0,11.7,,,,suppressed_n_lt_30
2020-2022,haredi,sexual_harassment,other_body_nonreporters,welfare,3,3,12,1,11.7,,,,suppressed_n_lt_30
2020-2022,haredi,sexual_harassment,other_body_nonreporters,workplace,3,3,12,2,11.7,,,,suppressed_n_lt_30
2020-2022,haredi,sexual_harassment,other_body_reporters,acquaintance,3,3,0,0,0.0,,,,suppressed_n_lt_30
2020-2022,haredi,sexual_harassment,other_body_reporters,family,3,3,0,0,0.0,,,,suppressed_n_lt_30
2020-2022,haredi,sexual_harassment,other_body_reporters,legal,3,3,0,0,0.0,,,,suppressed_n_lt_30
2020-2022,haredi,sexual_harassment,other_body_reporters,medical,3,3,0,0,0.0,,,,suppressed_n_lt_30
2020-2022,haredi,sexual_harassment,other_body_reporters,mental_health,3,3,0,0,0.0,,,,suppressed_n_lt_30
2020-2022,haredi,sexual_harassment,other_body_reporters,ngo,3,3,0,0,0.0,,,,suppressed_n_lt_30
2020-2022,haredi,sexual_harassment,other_body_reporters,none,3,3,0,0,0.0,,,,suppressed_n_lt_30
2020-2022,haredi,sexual_harassment,other_body_reporters,other,3,3,0,0,0.0,,,,suppressed_n_lt_30
2020-2022,haredi,sexual_harassment,other_body_reporters,welfare,3,3,0,0,0.0,,,,suppressed_n_lt_30
2020-2022,haredi,sexual_harassment,other_body_reporters,workplace,3,3,0,0,0.0,,,,suppressed_n_lt_30
2020-2022,haredi,violence_threat,other_body,acquaintance,3,3,43,12,42.2,27.8,16.6,42.7,warn_n_30_49
2020-2022,haredi,violence_threat,other_body,family,3,3,43,10,42.2,24.8,14.3,39.6,warn_n_30_49
2020-2022,haredi,violence_threat,other_body,legal,3,3,43,3,42.2,7.5,2.7,19.5,warn_n_30_49
2020-2022,haredi,violence_threat,other_body,medical,3,3,43,2,42.2,4.2,1.1,15.0,warn_n_30_49
2020-2022,haredi,violence_threat,other_body,mental_health,3,3,43,2,42.2,5.0,1.4,16.1,warn_n_30_49
2020-2022,haredi,violence_threat,other_body,ngo,3,3,43,2,42.2,5.1,1.5,16.3,warn_n_30_49
2020-2022,haredi,violence_threat,other_body,none,3,3,43,16,42.2,36.7,23.9,51.8,warn_n_30_49
2020-2022,haredi,violence_threat,other_body,other,3,3,43,4,42.2,9.4,3.7,21.9,warn_n_30_49
2020-2022,haredi,violence_threat,other_body,welfare,3,3,43,1,42.2,2.4,0.4,12.3,warn_n_30_49
2020-2022,haredi,violence_threat,other_body,workplace,3,3,43,5,42.2,11.3,4.8,24.2,warn_n_30_49
2020-2022,haredi,violence_threat,other_body_nonreporters,acquaintance,3,3,26,6,25.5,,,,suppressed_n_lt_30
2020-2022,haredi,violence_threat,other_body_nonreporters,family,3,3,26,8,25.5,,,,suppressed_n_lt_30
2020-2022,haredi,violence_threat,other_body_nonreporters,legal,3,3,26,0,25.5,,,,suppressed_n_lt_30
2020-2022,haredi,violence_threat,other_body_nonreporters,medical,3,3,26,1,25.5,,,,suppressed_n_lt_30
2020-2022,haredi,violence_threat,other_body_nonreporters,mental_health,3,3,26,0,25.5,,,,suppressed_n_lt_30
2020-2022,haredi,violence_threat,other_body_nonreporters,ngo,3,3,26,0,25.5,,,,suppressed_n_lt_30
2020-2022,haredi,violence_threat,other_body_nonreporters,none,3,3,26,8,25.5,,,,suppressed_n_lt_30
2020-2022,haredi,violence_threat,other_body_nonreporters,other,3,3,26,4,25.5,,,,suppressed_n_lt_30
2020-2022,haredi,violence_threat,other_body_nonreporters,welfare,3,3,26,0,25.5,,,,suppressed_n_lt_30
2020-2022,haredi,violence_threat,other_body_nonreporters,workplace,3,3,26,3,25.5,,,,suppressed_n_lt_30
2020-2022,haredi,violence_threat,other_body_reporters,acquaintance,3,3,16,6,15.7,,,,suppressed_n_lt_30
2020-2022,haredi,violence_threat,other_body_reporters,family,3,3,16,2,15.7,,,,suppressed_n_lt_30
2020-2022,haredi,violence_threat,other_body_reporters,legal,3,3,16,3,15.7,,,,suppressed_n_lt_30
2020-2022,haredi,violence_threat,other_body_reporters,medical,3,3,16,1,15.7,,,,suppressed_n_lt_30
2020-2022,haredi,violence_threat,other_body_reporters,mental_health,3,3,16,2,15.7,,,,suppressed_n_lt_30
2020-2022,haredi,violence_threat,other_body_reporters,ngo,3,3,16,2,15.7,,,,suppressed_n_lt_30
2020-2022,haredi,violence_threat,other_body_reporters,none,3,3,16,7,15.7,,,,suppressed_n_lt_30
2020-2022,haredi,violence_threat,other_body_reporters,other,3,3,16,0,15.7,,,,suppressed_n_lt_30
2020-2022,haredi,violence_threat,other_body_reporters,welfare,3,3,16,1,15.7,,,,suppressed_n_lt_30
2020-2022,haredi,violence_threat,other_body_reporters,workplace,3,3,16,2,15.7,,,,suppressed_n_lt_30
2020-2022,nonharedi_jew,cyber,other_body,acquaintance,3,3,718,98,699.8,13.8,11.4,16.5,
2020-2022,nonharedi_jew,cyber,other_body,bank,3,2,718,224,699.8,31.3,27.9,34.8,
2020-2022,nonharedi_jew,cyber,other_body,family,3,3,718,208,699.8,29.2,25.9,32.7,
2020-2022,nonharedi_jew,cyber,other_body,government,3,1,718,5,699.8,0.8,0.3,1.7,
2020-2022,nonharedi_jew,cyber,other_body,isp,3,3,718,29,699.8,3.9,2.7,5.6,
2020-2022,nonharedi_jew,cyber,other_body,legal,3,3,718,9,699.8,1.2,0.6,2.3,
2020-2022,nonharedi_jew,cyber,other_body,none,3,3,718,189,699.8,25.9,22.8,29.3,
2020-2022,nonharedi_jew,cyber,other_body,other,3,3,718,62,699.8,8.6,6.7,10.9,
2020-2022,nonharedi_jew,cyber,other_body,professional,3,2,718,54,699.8,7.8,6.0,10.0,
2020-2022,nonharedi_jew,cyber,other_body,website,3,3,718,60,699.8,8.4,6.5,10.7,
2020-2022,nonharedi_jew,cyber,other_body_nonreporters,acquaintance,3,3,670,86,653.0,13.0,10.6,15.8,
2020-2022,nonharedi_jew,cyber,other_body_nonreporters,bank,3,2,670,215,653.0,32.1,28.6,35.8,
2020-2022,nonharedi_jew,cyber,other_body_nonreporters,family,3,3,670,187,653.0,28.2,24.9,31.8,
2020-2022,nonharedi_jew,cyber,other_body_nonreporters,government,3,1,670,5,653.0,0.8,0.4,1.8,
2020-2022,nonharedi_jew,cyber,other_body_nonreporters,isp,3,3,670,25,653.0,3.6,2.4,5.3,
2020-2022,nonharedi_jew,cyber,other_body_nonreporters,legal,3,3,670,5,653.0,0.7,0.3,1.7,
2020-2022,nonharedi_jew,cyber,other_body_nonreporters,none,3,3,670,179,653.0,26.2,23.0,29.7,
2020-2022,nonharedi_jew,cyber,other_body_nonreporters,other,3,3,670,52,653.0,7.7,5.9,10.0,
2020-2022,nonharedi_jew,cyber,other_body_nonreporters,professional,3,2,670,49,653.0,7.6,5.8,9.9,
2020-2022,nonharedi_jew,cyber,other_body_nonreporters,website,3,3,670,56,653.0,8.4,6.5,10.8,
2020-2022,nonharedi_jew,cyber,other_body_reporters,acquaintance,3,3,46,12,44.8,26.0,15.4,40.4,warn_n_30_49
2020-2022,nonharedi_jew,cyber,other_body_reporters,bank,3,2,46,9,44.8,20.7,11.4,34.6,warn_n_30_49
2020-2022,nonharedi_jew,cyber,other_body_reporters,family,3,3,46,21,44.8,45.0,31.5,59.4,warn_n_30_49
2020-2022,nonharedi_jew,cyber,other_body_reporters,government,3,1,46,0,44.8,0.0,0.0,7.9,warn_n_30_49
2020-2022,nonharedi_jew,cyber,other_body_reporters,isp,3,3,46,4,44.8,9.4,3.8,21.4,warn_n_30_49
2020-2022,nonharedi_jew,cyber,other_body_reporters,legal,3,3,46,4,44.8,9.1,3.6,21.0,warn_n_30_49
2020-2022,nonharedi_jew,cyber,other_body_reporters,none,3,3,46,8,44.8,17.3,8.9,30.8,warn_n_30_49
2020-2022,nonharedi_jew,cyber,other_body_reporters,other,3,3,46,10,44.8,21.1,11.7,35.1,warn_n_30_49
2020-2022,nonharedi_jew,cyber,other_body_reporters,professional,3,2,46,5,44.8,10.3,4.3,22.5,warn_n_30_49
2020-2022,nonharedi_jew,cyber,other_body_reporters,website,3,3,46,4,44.8,8.1,3.0,19.7,warn_n_30_49
2020-2022,nonharedi_jew,sexual_harassment,other_body,acquaintance,3,3,323,88,313.8,27.1,22.5,32.3,
2020-2022,nonharedi_jew,sexual_harassment,other_body,family,3,3,323,74,313.8,23.2,18.8,28.1,
2020-2022,nonharedi_jew,sexual_harassment,other_body,legal,3,3,323,3,313.8,1.0,0.4,2.9,
2020-2022,nonharedi_jew,sexual_harassment,other_body,medical,3,3,323,2,313.8,0.7,0.2,2.4,
2020-2022,nonharedi_jew,sexual_harassment,other_body,mental_health,3,3,323,25,313.8,7.1,4.7,10.5,
2020-2022,nonharedi_jew,sexual_harassment,other_body,ngo,3,3,323,6,313.8,1.9,0.9,4.1,
2020-2022,nonharedi_jew,sexual_harassment,other_body,none,3,3,323,160,313.8,49.8,44.3,55.3,
2020-2022,nonharedi_jew,sexual_harassment,other_body,other,3,3,323,2,313.8,0.6,0.1,2.2,
2020-2022,nonharedi_jew,sexual_harassment,other_body,welfare,3,3,323,9,313.8,3.0,1.6,5.5,
2020-2022,nonharedi_jew,sexual_harassment,other_body,workplace,3,3,323,38,313.8,11.6,8.5,15.7,
2020-2022,nonharedi_jew,sexual_harassment,other_body_nonreporters,acquaintance,3,3,314,86,305.1,27.3,22.6,32.6,
2020-2022,nonharedi_jew,sexual_harassment,other_body_nonreporters,family,3,3,314,72,305.1,23.3,18.9,28.3,
2020-2022,nonharedi_jew,sexual_harassment,other_body_nonreporters,legal,3,3,314,2,305.1,0.7,0.2,2.4,
2020-2022,nonharedi_jew,sexual_harassment,other_body_nonreporters,medical,3,3,314,1,305.1,0.3,0.1,1.8,
2020-2022,nonharedi_jew,sexual_harassment,other_body_nonreporters,mental_health,3,3,314,23,305.1,6.5,4.2,9.8,
2020-2022,nonharedi_jew,sexual_harassment,other_body_nonreporters,ngo,3,3,314,5,305.1,1.6,0.7,3.7,
2020-2022,nonharedi_jew,sexual_harassment,other_body_nonreporters,none,3,3,314,155,305.1,49.7,44.1,55.2,
2020-2022,nonharedi_jew,sexual_harassment,other_body_nonreporters,other,3,3,314,2,305.1,0.6,0.2,2.3,
2020-2022,nonharedi_jew,sexual_harassment,other_body_nonreporters,welfare,3,3,314,8,305.1,2.7,1.4,5.2,
2020-2022,nonharedi_jew,sexual_harassment,other_body_nonreporters,workplace,3,3,314,37,305.1,11.6,8.5,15.7,
2020-2022,nonharedi_jew,sexual_harassment,other_body_reporters,acquaintance,3,3,8,2,7.7,,,,suppressed_n_lt_30
2020-2022,nonharedi_jew,sexual_harassment,other_body_reporters,family,3,3,8,2,7.7,,,,suppressed_n_lt_30
2020-2022,nonharedi_jew,sexual_harassment,other_body_reporters,legal,3,3,8,1,7.7,,,,suppressed_n_lt_30
2020-2022,nonharedi_jew,sexual_harassment,other_body_reporters,medical,3,3,8,1,7.7,,,,suppressed_n_lt_30
2020-2022,nonharedi_jew,sexual_harassment,other_body_reporters,mental_health,3,3,8,2,7.7,,,,suppressed_n_lt_30
2020-2022,nonharedi_jew,sexual_harassment,other_body_reporters,ngo,3,3,8,1,7.7,,,,suppressed_n_lt_30
2020-2022,nonharedi_jew,sexual_harassment,other_body_reporters,none,3,3,8,4,7.7,,,,suppressed_n_lt_30
2020-2022,nonharedi_jew,sexual_harassment,other_body_reporters,other,3,3,8,0,7.7,,,,suppressed_n_lt_30
2020-2022,nonharedi_jew,sexual_harassment,other_body_reporters,welfare,3,3,8,1,7.7,,,,suppressed_n_lt_30
2020-2022,nonharedi_jew,sexual_harassment,other_body_reporters,workplace,3,3,8,1,7.7,,,,suppressed_n_lt_30
2020-2022,nonharedi_jew,violence_threat,other_body,acquaintance,3,3,335,91,325.6,27.1,22.6,32.2,
2020-2022,nonharedi_jew,violence_threat,other_body,family,3,3,335,112,325.6,33.6,28.7,38.9,
2020-2022,nonharedi_jew,violence_threat,other_body,legal,3,3,335,19,325.6,5.1,3.2,8.1,
2020-2022,nonharedi_jew,violence_threat,other_body,medical,3,3,335,22,325.6,6.5,4.3,9.8,
2020-2022,nonharedi_jew,violence_threat,other_body,mental_health,3,3,335,26,325.6,7.4,5.0,10.8,
2020-2022,nonharedi_jew,violence_threat,other_body,ngo,3,3,335,4,325.6,1.1,0.4,2.9,
2020-2022,nonharedi_jew,violence_threat,other_body,none,3,3,335,140,325.6,42.1,36.9,47.5,
2020-2022,nonharedi_jew,violence_threat,other_body,other,3,3,335,22,325.6,6.1,4.0,9.3,
2020-2022,nonharedi_jew,violence_threat,other_body,welfare,3,3,335,15,325.6,3.9,2.3,6.6,
2020-2022,nonharedi_jew,violence_threat,other_body,workplace,3,3,335,57,325.6,17.3,13.5,21.7,
2020-2022,nonharedi_jew,violence_threat,other_body_nonreporters,acquaintance,3,3,223,60,216.9,27.4,21.9,33.7,
2020-2022,nonharedi_jew,violence_threat,other_body_nonreporters,family,3,3,223,75,216.9,34.3,28.3,40.9,
2020-2022,nonharedi_jew,violence_threat,other_body_nonreporters,legal,3,3,223,2,216.9,0.9,0.2,3.3,
2020-2022,nonharedi_jew,violence_threat,other_body_nonreporters,medical,3,3,223,6,216.9,2.7,1.2,5.8,
2020-2022,nonharedi_jew,violence_threat,other_body_nonreporters,mental_health,3,3,223,14,216.9,6.2,3.7,10.2,
2020-2022,nonharedi_jew,violence_threat,other_body_nonreporters,ngo,3,3,223,1,216.9,0.4,0.1,2.5,
2020-2022,nonharedi_jew,violence_threat,other_body_nonreporters,none,3,3,223,95,216.9,42.3,35.9,48.9,
2020-2022,nonharedi_jew,violence_threat,other_body_nonreporters,other,3,3,223,11,216.9,4.1,2.2,7.7,
2020-2022,nonharedi_jew,violence_threat,other_body_nonreporters,welfare,3,3,223,4,216.9,1.8,0.7,4.5,
2020-2022,nonharedi_jew,violence_threat,other_body_nonreporters,workplace,3,3,223,37,216.9,17.1,12.7,22.7,
2020-2022,nonharedi_jew,violence_threat,other_body_reporters,acquaintance,3,3,112,31,108.7,26.5,19.1,35.5,
2020-2022,nonharedi_jew,violence_threat,other_body_reporters,family,3,3,112,37,108.7,32.1,24.1,41.4,
2020-2022,nonharedi_jew,violence_threat,other_body_reporters,legal,3,3,112,17,108.7,13.5,8.3,21.2,
2020-2022,nonharedi_jew,violence_threat,other_body_reporters,medical,3,3,112,16,108.7,14.2,8.9,22.0,
2020-2022,nonharedi_jew,violence_threat,other_body_reporters,mental_health,3,3,112,12,108.7,9.9,5.5,16.9,
2020-2022,nonharedi_jew,violence_threat,other_body_reporters,ngo,3,3,112,3,108.7,2.3,0.7,7.2,
2020-2022,nonharedi_jew,violence_threat,other_body_reporters,none,3,3,112,45,108.7,41.8,33.0,51.2,
2020-2022,nonharedi_jew,violence_threat,other_body_reporters,other,3,3,112,11,108.7,10.0,5.7,17.1,
2020-2022,nonharedi_jew,violence_threat,other_body_reporters,welfare,3,3,112,11,108.7,8.3,4.4,15.0,
2020-2022,nonharedi_jew,violence_threat,other_body_reporters,workplace,3,3,112,20,108.7,17.6,11.6,25.8,
2023-2025,all_20plus,cyber,other_body,acquaintance,3,3,1285,204,1247.6,16.1,14.2,18.2,
2023-2025,all_20plus,cyber,other_body,bank,3,3,1285,567,1247.6,43.9,41.1,46.6,
2023-2025,all_20plus,cyber,other_body,family,3,3,1285,378,1247.6,29.6,27.1,32.1,
2023-2025,all_20plus,cyber,other_body,government,3,3,1285,32,1247.6,2.5,1.7,3.5,
2023-2025,all_20plus,cyber,other_body,isp,3,3,1285,50,1247.6,3.9,2.9,5.1,
2023-2025,all_20plus,cyber,other_body,legal,3,3,1285,11,1247.6,0.9,0.5,1.7,
2023-2025,all_20plus,cyber,other_body,none,3,3,1285,319,1247.6,24.9,22.6,27.4,
2023-2025,all_20plus,cyber,other_body,other,3,3,1285,41,1247.6,3.2,2.4,4.4,
2023-2025,all_20plus,cyber,other_body,professional,3,3,1285,80,1247.6,6.2,5.0,7.7,
2023-2025,all_20plus,cyber,other_body,website,3,3,1285,91,1247.6,7.1,5.8,8.6,
2023-2025,all_20plus,cyber,other_body_nonreporters,acquaintance,3,3,1179,187,1145.3,16.1,14.1,18.3,
2023-2025,all_20plus,cyber,other_body_nonreporters,bank,3,3,1179,532,1145.3,44.8,42.0,47.7,
2023-2025,all_20plus,cyber,other_body_nonreporters,family,3,3,1179,347,1145.3,29.5,26.9,32.2,
2023-2025,all_20plus,cyber,other_body_nonreporters,government,3,3,1179,21,1145.3,1.7,1.1,2.6,
2023-2025,all_20plus,cyber,other_body_nonreporters,isp,3,3,1179,46,1145.3,3.9,3.0,5.2,
2023-2025,all_20plus,cyber,other_body_nonreporters,legal,3,3,1179,8,1145.3,0.8,0.4,1.5,
2023-2025,all_20plus,cyber,other_body_nonreporters,none,3,3,1179,293,1145.3,25.0,22.6,27.6,
2023-2025,all_20plus,cyber,other_body_nonreporters,other,3,3,1179,32,1145.3,2.8,2.0,3.9,
2023-2025,all_20plus,cyber,other_body_nonreporters,professional,3,3,1179,72,1145.3,6.1,4.8,7.6,
2023-2025,all_20plus,cyber,other_body_nonreporters,website,3,3,1179,83,1145.3,7.1,5.7,8.7,
2023-2025,all_20plus,cyber,other_body_reporters,acquaintance,3,3,106,17,102.5,15.9,10.1,24.2,
2023-2025,all_20plus,cyber,other_body_reporters,bank,3,3,106,35,102.5,32.6,24.3,42.2,
2023-2025,all_20plus,cyber,other_body_reporters,family,3,3,106,31,102.5,30.2,22.2,39.7,
2023-2025,all_20plus,cyber,other_body_reporters,government,3,3,106,11,102.5,11.4,6.6,19.0,
2023-2025,all_20plus,cyber,other_body_reporters,isp,3,3,106,4,102.5,2.9,1.0,8.2,
2023-2025,all_20plus,cyber,other_body_reporters,legal,3,3,106,3,102.5,2.9,1.0,8.3,
2023-2025,all_20plus,cyber,other_body_reporters,none,3,3,106,26,102.5,23.8,16.6,32.9,
2023-2025,all_20plus,cyber,other_body_reporters,other,3,3,106,9,102.5,8.5,4.5,15.4,
2023-2025,all_20plus,cyber,other_body_reporters,professional,3,3,106,8,102.5,7.7,4.0,14.6,
2023-2025,all_20plus,cyber,other_body_reporters,website,3,3,106,8,102.5,6.6,3.2,13.2,
2023-2025,all_20plus,sexual_harassment,other_body,acquaintance,3,3,390,107,376.6,28.2,23.9,33.0,
2023-2025,all_20plus,sexual_harassment,other_body,family,3,3,390,115,376.6,29.7,25.3,34.5,
2023-2025,all_20plus,sexual_harassment,other_body,legal,3,3,390,7,376.6,1.8,0.9,3.7,
2023-2025,all_20plus,sexual_harassment,other_body,medical,3,3,390,5,376.6,1.2,0.5,2.9,
2023-2025,all_20plus,sexual_harassment,other_body,mental_health,3,3,390,47,376.6,12.3,9.3,16.0,
2023-2025,all_20plus,sexual_harassment,other_body,ngo,3,3,390,8,376.6,2.1,1.0,4.1,
2023-2025,all_20plus,sexual_harassment,other_body,none,3,3,390,170,376.6,42.7,37.8,47.8,
2023-2025,all_20plus,sexual_harassment,other_body,other,3,3,390,6,376.6,1.9,0.9,3.8,
2023-2025,all_20plus,sexual_harassment,other_body,welfare,3,3,390,10,376.6,2.5,1.4,4.7,
2023-2025,all_20plus,sexual_harassment,other_body,workplace,3,3,390,41,376.6,10.4,7.7,13.9,
2023-2025,all_20plus,sexual_harassment,other_body_nonreporters,acquaintance,3,3,367,99,354.4,27.6,23.2,32.5,
2023-2025,all_20plus,sexual_harassment,other_body_nonreporters,family,3,3,367,106,354.4,29.0,24.5,33.9,
2023-2025,all_20plus,sexual_harassment,other_body_nonreporters,legal,3,3,367,5,354.4,1.4,0.6,3.2,
2023-2025,all_20plus,sexual_harassment,other_body_nonreporters,medical,3,3,367,5,354.4,1.3,0.5,3.1,
2023-2025,all_20plus,sexual_harassment,other_body_nonreporters,mental_health,3,3,367,41,354.4,11.2,8.4,15.0,
2023-2025,all_20plus,sexual_harassment,other_body_nonreporters,ngo,3,3,367,8,354.4,2.2,1.1,4.3,
2023-2025,all_20plus,sexual_harassment,other_body_nonreporters,none,3,3,367,160,354.4,43.0,37.9,48.2,
2023-2025,all_20plus,sexual_harassment,other_body_nonreporters,other,3,3,367,6,354.4,2.0,1.0,4.0,
2023-2025,all_20plus,sexual_harassment,other_body_nonreporters,welfare,3,3,367,9,354.4,2.3,1.2,4.5,
2023-2025,all_20plus,sexual_harassment,other_body_nonreporters,workplace,3,3,367,38,354.4,10.2,7.5,13.8,
2023-2025,all_20plus,sexual_harassment,other_body_reporters,acquaintance,3,3,22,8,21.2,,,,suppressed_n_lt_30
2023-2025,all_20plus,sexual_harassment,other_body_reporters,family,3,3,22,9,21.2,,,,suppressed_n_lt_30
2023-2025,all_20plus,sexual_harassment,other_body_reporters,legal,3,3,22,2,21.2,,,,suppressed_n_lt_30
2023-2025,all_20plus,sexual_harassment,other_body_reporters,medical,3,3,22,0,21.2,,,,suppressed_n_lt_30
2023-2025,all_20plus,sexual_harassment,other_body_reporters,mental_health,3,3,22,6,21.2,,,,suppressed_n_lt_30
2023-2025,all_20plus,sexual_harassment,other_body_reporters,ngo,3,3,22,0,21.2,,,,suppressed_n_lt_30
2023-2025,all_20plus,sexual_harassment,other_body_reporters,none,3,3,22,9,21.2,,,,suppressed_n_lt_30
2023-2025,all_20plus,sexual_harassment,other_body_reporters,other,3,3,22,0,21.2,,,,suppressed_n_lt_30
2023-2025,all_20plus,sexual_harassment,other_body_reporters,welfare,3,3,22,1,21.2,,,,suppressed_n_lt_30
2023-2025,all_20plus,sexual_harassment,other_body_reporters,workplace,3,3,22,3,21.2,,,,suppressed_n_lt_30
2023-2025,all_20plus,violence_threat,other_body,acquaintance,3,3,528,114,510.4,21.8,18.4,25.6,
2023-2025,all_20plus,violence_threat,other_body,family,3,3,528,172,510.4,33.2,29.3,37.4,
2023-2025,all_20plus,violence_threat,other_body,legal,3,3,528,28,510.4,5.3,3.6,7.6,
2023-2025,all_20plus,violence_threat,other_body,medical,3,3,528,24,510.4,4.7,3.2,6.9,
2023-2025,all_20plus,violence_threat,other_body,mental_health,3,3,528,51,510.4,9.8,7.5,12.7,
2023-2025,all_20plus,violence_threat,other_body,ngo,3,3,528,7,510.4,1.3,0.6,2.7,
2023-2025,all_20plus,violence_threat,other_body,none,3,3,528,234,510.4,44.0,39.7,48.3,
2023-2025,all_20plus,violence_threat,other_body,other,3,3,528,25,510.4,4.8,3.3,7.0,
2023-2025,all_20plus,violence_threat,other_body,welfare,3,3,528,17,510.4,2.9,1.8,4.7,
2023-2025,all_20plus,violence_threat,other_body,workplace,3,3,528,80,510.4,15.1,12.3,18.5,
2023-2025,all_20plus,violence_threat,other_body_nonreporters,acquaintance,3,3,397,77,384.6,19.5,15.9,23.8,
2023-2025,all_20plus,violence_threat,other_body_nonreporters,family,3,3,397,127,384.6,32.5,28.0,37.3,
2023-2025,all_20plus,violence_threat,other_body_nonreporters,legal,3,3,397,13,384.6,3.5,2.1,5.8,
2023-2025,all_20plus,violence_threat,other_body_nonreporters,medical,3,3,397,4,384.6,1.0,0.4,2.6,
2023-2025,all_20plus,violence_threat,other_body_nonreporters,mental_health,3,3,397,26,384.6,6.7,4.6,9.6,
2023-2025,all_20plus,violence_threat,other_body_nonreporters,ngo,3,3,397,6,384.6,1.6,0.7,3.4,
2023-2025,all_20plus,violence_threat,other_body_nonreporters,none,3,3,397,189,384.6,47.1,42.2,52.1,
2023-2025,all_20plus,violence_threat,other_body_nonreporters,other,3,3,397,16,384.6,4.2,2.6,6.7,
2023-2025,all_20plus,violence_threat,other_body_nonreporters,welfare,3,3,397,3,384.6,0.7,0.2,2.1,
2023-2025,all_20plus,violence_threat,other_body_nonreporters,workplace,3,3,397,59,384.6,15.0,11.8,18.9,
2023-2025,all_20plus,violence_threat,other_body_reporters,acquaintance,3,3,131,37,125.9,29.0,21.8,37.5,
2023-2025,all_20plus,violence_threat,other_body_reporters,family,3,3,131,45,125.9,35.6,27.8,44.3,
2023-2025,all_20plus,violence_threat,other_body_reporters,legal,3,3,131,15,125.9,10.9,6.6,17.5,
2023-2025,all_20plus,violence_threat,other_body_reporters,medical,3,3,131,20,125.9,16.2,10.8,23.6,
2023-2025,all_20plus,violence_threat,other_body_reporters,mental_health,3,3,131,25,125.9,19.8,13.7,27.6,
2023-2025,all_20plus,violence_threat,other_body_reporters,ngo,3,3,131,1,125.9,0.6,0.1,4.0,
2023-2025,all_20plus,violence_threat,other_body_reporters,none,3,3,131,45,125.9,34.0,26.4,42.7,
2023-2025,all_20plus,violence_threat,other_body_reporters,other,3,3,131,9,125.9,6.8,3.5,12.5,
2023-2025,all_20plus,violence_threat,other_body_reporters,welfare,3,3,131,14,125.9,9.9,5.8,16.4,
2023-2025,all_20plus,violence_threat,other_body_reporters,workplace,3,3,131,21,125.9,15.6,10.3,22.9,
2023-2025,haredi,cyber,other_body,acquaintance,3,3,81,12,79.5,14.3,8.3,23.7,
2023-2025,haredi,cyber,other_body,bank,3,3,81,39,79.5,50.0,39.3,60.7,
2023-2025,haredi,cyber,other_body,family,3,3,81,21,79.5,25.5,17.2,36.0,
2023-2025,haredi,cyber,other_body,government,3,3,81,1,79.5,1.4,0.3,7.0,
2023-2025,haredi,cyber,other_body,isp,3,3,81,0,79.5,0.0,0.0,4.6,
2023-2025,haredi,cyber,other_body,legal,3,3,81,0,79.5,0.0,0.0,4.6,
2023-2025,haredi,cyber,other_body,none,3,3,81,22,79.5,25.6,17.2,36.1,
2023-2025,haredi,cyber,other_body,other,3,3,81,5,79.5,6.4,2.8,14.1,
2023-2025,haredi,cyber,other_body,professional,3,3,81,4,79.5,4.4,1.6,11.4,
2023-2025,haredi,cyber,other_body,website,3,3,81,3,79.5,4.1,1.5,11.0,
2023-2025,haredi,cyber,other_body_nonreporters,acquaintance,3,3,79,11,77.5,13.3,7.4,22.6,
2023-2025,haredi,cyber,other_body_nonreporters,bank,3,3,79,39,77.5,51.3,40.4,62.1,
2023-2025,haredi,cyber,other_body_nonreporters,family,3,3,79,21,77.5,26.1,17.6,36.9,
2023-2025,haredi,cyber,other_body_nonreporters,government,3,3,79,1,77.5,1.5,0.3,7.2,
2023-2025,haredi,cyber,other_body_nonreporters,isp,3,3,79,0,77.5,0.0,0.0,4.7,
2023-2025,haredi,cyber,other_body_nonreporters,legal,3,3,79,0,77.5,0.0,0.0,4.7,
2023-2025,haredi,cyber,other_body_nonreporters,none,3,3,79,21,77.5,25.0,16.7,35.7,
2023-2025,haredi,cyber,other_body_nonreporters,other,3,3,79,5,77.5,6.6,2.9,14.4,
2023-2025,haredi,cyber,other_body_nonreporters,professional,3,3,79,4,77.5,4.5,1.7,11.7,
2023-2025,haredi,cyber,other_body_nonreporters,website,3,3,79,3,77.5,4.2,1.5,11.2,
2023-2025,haredi,cyber,other_body_reporters,acquaintance,3,3,2,1,2.0,,,,suppressed_n_lt_30
2023-2025,haredi,cyber,other_body_reporters,bank,3,3,2,0,2.0,,,,suppressed_n_lt_30
2023-2025,haredi,cyber,other_body_reporters,family,3,3,2,0,2.0,,,,suppressed_n_lt_30
2023-2025,haredi,cyber,other_body_reporters,government,3,3,2,0,2.0,,,,suppressed_n_lt_30
2023-2025,haredi,cyber,other_body_reporters,isp,3,3,2,0,2.0,,,,suppressed_n_lt_30
2023-2025,haredi,cyber,other_body_reporters,legal,3,3,2,0,2.0,,,,suppressed_n_lt_30
2023-2025,haredi,cyber,other_body_reporters,none,3,3,2,1,2.0,,,,suppressed_n_lt_30
2023-2025,haredi,cyber,other_body_reporters,other,3,3,2,0,2.0,,,,suppressed_n_lt_30
2023-2025,haredi,cyber,other_body_reporters,professional,3,3,2,0,2.0,,,,suppressed_n_lt_30
2023-2025,haredi,cyber,other_body_reporters,website,3,3,2,0,2.0,,,,suppressed_n_lt_30
2023-2025,haredi,sexual_harassment,other_body,acquaintance,3,3,20,5,19.7,,,,suppressed_n_lt_30
2023-2025,haredi,sexual_harassment,other_body,family,3,3,20,9,19.7,,,,suppressed_n_lt_30
2023-2025,haredi,sexual_harassment,other_body,legal,3,3,20,1,19.7,,,,suppressed_n_lt_30
2023-2025,haredi,sexual_harassment,other_body,medical,3,3,20,0,19.7,,,,suppressed_n_lt_30
2023-2025,haredi,sexual_harassment,other_body,mental_health,3,3,20,3,19.7,,,,suppressed_n_lt_30
2023-2025,haredi,sexual_harassment,other_body,ngo,3,3,20,0,19.7,,,,suppressed_n_lt_30
2023-2025,haredi,sexual_harassment,other_body,none,3,3,20,8,19.7,,,,suppressed_n_lt_30
2023-2025,haredi,sexual_harassment,other_body,other,3,3,20,0,19.7,,,,suppressed_n_lt_30
2023-2025,haredi,sexual_harassment,other_body,welfare,3,3,20,0,19.7,,,,suppressed_n_lt_30
2023-2025,haredi,sexual_harassment,other_body,workplace,3,3,20,2,19.7,,,,suppressed_n_lt_30
2023-2025,haredi,sexual_harassment,other_body_nonreporters,acquaintance,3,3,19,5,18.7,,,,suppressed_n_lt_30
2023-2025,haredi,sexual_harassment,other_body_nonreporters,family,3,3,19,9,18.7,,,,suppressed_n_lt_30
2023-2025,haredi,sexual_harassment,other_body_nonreporters,legal,3,3,19,1,18.7,,,,suppressed_n_lt_30
2023-2025,haredi,sexual_harassment,other_body_nonreporters,medical,3,3,19,0,18.7,,,,suppressed_n_lt_30
2023-2025,haredi,sexual_harassment,other_body_nonreporters,mental_health,3,3,19,3,18.7,,,,suppressed_n_lt_30
2023-2025,haredi,sexual_harassment,other_body_nonreporters,ngo,3,3,19,0,18.7,,,,suppressed_n_lt_30
2023-2025,haredi,sexual_harassment,other_body_nonreporters,none,3,3,19,7,18.7,,,,suppressed_n_lt_30
2023-2025,haredi,sexual_harassment,other_body_nonreporters,other,3,3,19,0,18.7,,,,suppressed_n_lt_30
2023-2025,haredi,sexual_harassment,other_body_nonreporters,welfare,3,3,19,0,18.7,,,,suppressed_n_lt_30
2023-2025,haredi,sexual_harassment,other_body_nonreporters,workplace,3,3,19,2,18.7,,,,suppressed_n_lt_30
2023-2025,haredi,sexual_harassment,other_body_reporters,acquaintance,3,3,1,0,1.0,,,,suppressed_n_lt_30
2023-2025,haredi,sexual_harassment,other_body_reporters,family,3,3,1,0,1.0,,,,suppressed_n_lt_30
2023-2025,haredi,sexual_harassment,other_body_reporters,legal,3,3,1,0,1.0,,,,suppressed_n_lt_30
2023-2025,haredi,sexual_harassment,other_body_reporters,medical,3,3,1,0,1.0,,,,suppressed_n_lt_30
2023-2025,haredi,sexual_harassment,other_body_reporters,mental_health,3,3,1,0,1.0,,,,suppressed_n_lt_30
2023-2025,haredi,sexual_harassment,other_body_reporters,ngo,3,3,1,0,1.0,,,,suppressed_n_lt_30
2023-2025,haredi,sexual_harassment,other_body_reporters,none,3,3,1,1,1.0,,,,suppressed_n_lt_30
2023-2025,haredi,sexual_harassment,other_body_reporters,other,3,3,1,0,1.0,,,,suppressed_n_lt_30
2023-2025,haredi,sexual_harassment,other_body_reporters,welfare,3,3,1,0,1.0,,,,suppressed_n_lt_30
2023-2025,haredi,sexual_harassment,other_body_reporters,workplace,3,3,1,0,1.0,,,,suppressed_n_lt_30
2023-2025,haredi,violence_threat,other_body,acquaintance,3,3,63,13,61.0,20.3,12.1,32.0,
2023-2025,haredi,violence_threat,other_body,family,3,3,63,23,61.0,36.9,25.9,49.5,
2023-2025,haredi,violence_threat,other_body,legal,3,3,63,4,61.0,6.6,2.6,15.8,
2023-2025,haredi,violence_threat,other_body,medical,3,3,63,1,61.0,1.9,0.4,9.1,
2023-2025,haredi,violence_threat,other_body,mental_health,3,3,63,5,61.0,7.9,3.4,17.4,
2023-2025,haredi,violence_threat,other_body,ngo,3,3,63,2,61.0,2.9,0.7,10.6,
2023-2025,haredi,violence_threat,other_body,none,3,3,63,26,61.0,41.0,29.5,53.5,
2023-2025,haredi,violence_threat,other_body,other,3,3,63,4,61.0,6.6,2.6,15.7,
2023-2025,haredi,violence_threat,other_body,welfare,3,3,63,2,61.0,2.9,0.7,10.6,
2023-2025,haredi,violence_threat,other_body,workplace,3,3,63,6,61.0,9.6,4.5,19.6,
2023-2025,haredi,violence_threat,other_body_nonreporters,acquaintance,3,3,52,10,50.6,19.7,11.1,32.6,
2023-2025,haredi,violence_threat,other_body_nonreporters,family,3,3,52,20,50.6,39.4,27.1,53.1,
2023-2025,haredi,violence_threat,other_body_nonreporters,legal,3,3,52,0,50.6,0.0,0.0,7.1,
2023-2025,haredi,violence_threat,other_body_nonreporters,medical,3,3,52,0,50.6,0.0,0.0,7.1,
2023-2025,haredi,violence_threat,other_body_nonreporters,mental_health,3,3,52,2,50.6,3.9,1.1,13.2,
2023-2025,haredi,violence_threat,other_body_nonreporters,ngo,3,3,52,2,50.6,3.6,0.9,12.8,
2023-2025,haredi,violence_threat,other_body_nonreporters,none,3,3,52,24,50.6,45.5,32.6,59.0,
2023-2025,haredi,violence_threat,other_body_nonreporters,other,3,3,52,3,50.6,6.0,2.1,16.1,
2023-2025,haredi,violence_threat,other_body_nonreporters,welfare,3,3,52,0,50.6,0.0,0.0,7.1,
2023-2025,haredi,violence_threat,other_body_nonreporters,workplace,3,3,52,3,50.6,6.4,2.3,16.7,
2023-2025,haredi,violence_threat,other_body_reporters,acquaintance,3,3,11,3,10.5,,,,suppressed_n_lt_30
2023-2025,haredi,violence_threat,other_body_reporters,family,3,3,11,3,10.5,,,,suppressed_n_lt_30
2023-2025,haredi,violence_threat,other_body_reporters,legal,3,3,11,4,10.5,,,,suppressed_n_lt_30
2023-2025,haredi,violence_threat,other_body_reporters,medical,3,3,11,1,10.5,,,,suppressed_n_lt_30
2023-2025,haredi,violence_threat,other_body_reporters,mental_health,3,3,11,3,10.5,,,,suppressed_n_lt_30
2023-2025,haredi,violence_threat,other_body_reporters,ngo,3,3,11,0,10.5,,,,suppressed_n_lt_30
2023-2025,haredi,violence_threat,other_body_reporters,none,3,3,11,2,10.5,,,,suppressed_n_lt_30
2023-2025,haredi,violence_threat,other_body_reporters,other,3,3,11,1,10.5,,,,suppressed_n_lt_30
2023-2025,haredi,violence_threat,other_body_reporters,welfare,3,3,11,2,10.5,,,,suppressed_n_lt_30
2023-2025,haredi,violence_threat,other_body_reporters,workplace,3,3,11,3,10.5,,,,suppressed_n_lt_30
2023-2025,nonharedi_jew,cyber,other_body,acquaintance,3,3,1043,167,1017.7,16.3,14.2,18.7,
2023-2025,nonharedi_jew,cyber,other_body,bank,3,3,1043,471,1017.7,44.8,41.8,47.9,
2023-2025,nonharedi_jew,cyber,other_body,family,3,3,1043,318,1017.7,30.4,27.7,33.3,
2023-2025,nonharedi_jew,cyber,other_body,government,3,3,1043,28,1017.7,2.6,1.8,3.8,
2023-2025,nonharedi_jew,cyber,other_body,isp,3,3,1043,40,1017.7,3.8,2.8,5.1,
2023-2025,nonharedi_jew,cyber,other_body,legal,3,3,1043,10,1017.7,1.0,0.5,1.8,
2023-2025,nonharedi_jew,cyber,other_body,none,3,3,1043,249,1017.7,24.1,21.6,26.8,
2023-2025,nonharedi_jew,cyber,other_body,other,3,3,1043,30,1017.7,2.9,2.1,4.2,
2023-2025,nonharedi_jew,cyber,other_body,professional,3,3,1043,65,1017.7,6.2,4.9,7.9,
2023-2025,nonharedi_jew,cyber,other_body,website,3,3,1043,74,1017.7,7.2,5.7,8.9,
2023-2025,nonharedi_jew,cyber,other_body_nonreporters,acquaintance,3,3,965,155,941.8,16.3,14.1,18.8,
2023-2025,nonharedi_jew,cyber,other_body_nonreporters,bank,3,3,965,443,941.8,45.6,42.4,48.8,
2023-2025,nonharedi_jew,cyber,other_body_nonreporters,family,3,3,965,294,941.8,30.4,27.5,33.4,
2023-2025,nonharedi_jew,cyber,other_body_nonreporters,government,3,3,965,18,941.8,1.7,1.1,2.8,
2023-2025,nonharedi_jew,cyber,other_body_nonreporters,isp,3,3,965,37,941.8,3.8,2.8,5.3,
2023-2025,nonharedi_jew,cyber,other_body_nonreporters,legal,3,3,965,7,941.8,0.8,0.4,1.6,
2023-2025,nonharedi_jew,cyber,other_body_nonreporters,none,3,3,965,232,941.8,24.3,21.7,27.1,
2023-2025,nonharedi_jew,cyber,other_body_nonreporters,other,3,3,965,22,941.8,2.4,1.6,3.5,
2023-2025,nonharedi_jew,cyber,other_body_nonreporters,professional,3,3,965,58,941.8,6.0,4.6,7.7,
2023-2025,nonharedi_jew,cyber,other_body_nonreporters,website,3,3,965,68,941.8,7.2,5.7,9.0,
2023-2025,nonharedi_jew,cyber,other_body_reporters,acquaintance,3,3,78,12,75.9,15.8,9.3,25.6,
2023-2025,nonharedi_jew,cyber,other_body_reporters,bank,3,3,78,28,75.9,34.9,25.2,46.2,
2023-2025,nonharedi_jew,cyber,other_body_reporters,family,3,3,78,24,75.9,31.3,22.0,42.4,
2023-2025,nonharedi_jew,cyber,other_body_reporters,government,3,3,78,10,75.9,13.8,7.8,23.3,
2023-2025,nonharedi_jew,cyber,other_body_reporters,isp,3,3,78,3,75.9,3.2,1.0,10.0,
2023-2025,nonharedi_jew,cyber,other_body_reporters,legal,3,3,78,3,75.9,3.9,1.3,10.9,
2023-2025,nonharedi_jew,cyber,other_body_reporters,none,3,3,78,17,75.9,21.5,13.7,32.0,
2023-2025,nonharedi_jew,cyber,other_body_reporters,other,3,3,78,8,75.9,10.1,5.1,18.9,
2023-2025,nonharedi_jew,cyber,other_body_reporters,professional,3,3,78,7,75.9,9.7,4.9,18.4,
2023-2025,nonharedi_jew,cyber,other_body_reporters,website,3,3,78,6,75.9,7.2,3.2,15.3,
2023-2025,nonharedi_jew,sexual_harassment,other_body,acquaintance,3,3,320,92,310.6,29.3,24.5,34.6,
2023-2025,nonharedi_jew,sexual_harassment,other_body,family,3,3,320,99,310.6,31.1,26.2,36.5,
2023-2025,nonharedi_jew,sexual_harassment,other_body,legal,3,3,320,6,310.6,1.9,0.8,4.1,
2023-2025,nonharedi_jew,sexual_harassment,other_body,medical,3,3,320,4,310.6,1.3,0.5,3.2,
2023-2025,nonharedi_jew,sexual_harassment,other_body,mental_health,3,3,320,34,310.6,11.2,8.2,15.2,
2023-2025,nonharedi_jew,sexual_harassment,other_body,ngo,3,3,320,7,310.6,2.1,1.0,4.4,
2023-2025,nonharedi_jew,sexual_harassment,other_body,none,3,3,320,136,310.6,41.6,36.2,47.1,
2023-2025,nonharedi_jew,sexual_harassment,other_body,other,3,3,320,6,310.6,2.2,1.1,4.6,
2023-2025,nonharedi_jew,sexual_harassment,other_body,welfare,3,3,320,7,310.6,2.4,1.2,4.7,
2023-2025,nonharedi_jew,sexual_harassment,other_body,workplace,3,3,320,36,310.6,11.1,8.1,15.1,
2023-2025,nonharedi_jew,sexual_harassment,other_body_nonreporters,acquaintance,3,3,302,85,292.9,28.7,23.8,34.1,
2023-2025,nonharedi_jew,sexual_harassment,other_body_nonreporters,family,3,3,302,90,292.9,30.0,25.0,35.4,
2023-2025,nonharedi_jew,sexual_harassment,other_body_nonreporters,legal,3,3,302,4,292.9,1.3,0.5,3.4,
2023-2025,nonharedi_jew,sexual_harassment,other_body_nonreporters,medical,3,3,302,4,292.9,1.3,0.5,3.4,
2023-2025,nonharedi_jew,sexual_harassment,other_body_nonreporters,mental_health,3,3,302,28,292.9,9.8,6.9,13.7,
2023-2025,nonharedi_jew,sexual_harassment,other_body_nonreporters,ngo,3,3,302,7,292.9,2.3,1.1,4.7,
2023-2025,nonharedi_jew,sexual_harassment,other_body_nonreporters,none,3,3,302,130,292.9,42.1,36.6,47.9,
2023-2025,nonharedi_jew,sexual_harassment,other_body_nonreporters,other,3,3,302,6,292.9,2.4,1.2,4.8,
2023-2025,nonharedi_jew,sexual_harassment,other_body_nonreporters,welfare,3,3,302,6,292.9,2.1,1.0,4.5,
2023-2025,nonharedi_jew,sexual_harassment,other_body_nonreporters,workplace,3,3,302,33,292.9,10.8,7.7,14.8,
2023-2025,nonharedi_jew,sexual_harassment,other_body_reporters,acquaintance,3,3,17,7,16.7,,,,suppressed_n_lt_30
2023-2025,nonharedi_jew,sexual_harassment,other_body_reporters,family,3,3,17,9,16.7,,,,suppressed_n_lt_30
2023-2025,nonharedi_jew,sexual_harassment,other_body_reporters,legal,3,3,17,2,16.7,,,,suppressed_n_lt_30
2023-2025,nonharedi_jew,sexual_harassment,other_body_reporters,medical,3,3,17,0,16.7,,,,suppressed_n_lt_30
2023-2025,nonharedi_jew,sexual_harassment,other_body_reporters,mental_health,3,3,17,6,16.7,,,,suppressed_n_lt_30
2023-2025,nonharedi_jew,sexual_harassment,other_body_reporters,ngo,3,3,17,0,16.7,,,,suppressed_n_lt_30
2023-2025,nonharedi_jew,sexual_harassment,other_body_reporters,none,3,3,17,5,16.7,,,,suppressed_n_lt_30
2023-2025,nonharedi_jew,sexual_harassment,other_body_reporters,other,3,3,17,0,16.7,,,,suppressed_n_lt_30
2023-2025,nonharedi_jew,sexual_harassment,other_body_reporters,welfare,3,3,17,1,16.7,,,,suppressed_n_lt_30
2023-2025,nonharedi_jew,sexual_harassment,other_body_reporters,workplace,3,3,17,3,16.7,,,,suppressed_n_lt_30
2023-2025,nonharedi_jew,violence_threat,other_body,acquaintance,3,3,372,85,362.4,22.8,18.8,27.4,
2023-2025,nonharedi_jew,violence_threat,other_body,family,3,3,372,125,362.4,33.7,29.0,38.7,
2023-2025,nonharedi_jew,violence_threat,other_body,legal,3,3,372,17,362.4,4.4,2.7,7.1,
2023-2025,nonharedi_jew,violence_threat,other_body,medical,3,3,372,14,362.4,4.1,2.5,6.7,
2023-2025,nonharedi_jew,violence_threat,other_body,mental_health,3,3,372,31,362.4,8.8,6.3,12.2,
2023-2025,nonharedi_jew,violence_threat,other_body,ngo,3,3,372,4,362.4,1.2,0.5,2.9,
2023-2025,nonharedi_jew,violence_threat,other_body,none,3,3,372,167,362.4,44.8,39.8,50.0,
2023-2025,nonharedi_jew,violence_threat,other_body,other,3,3,372,14,362.4,3.6,2.2,6.1,
2023-2025,nonharedi_jew,violence_threat,other_body,welfare,3,3,372,8,362.4,2.0,1.0,4.0,
2023-2025,nonharedi_jew,violence_threat,other_body,workplace,3,3,372,64,362.4,16.9,13.4,21.1,
2023-2025,nonharedi_jew,violence_threat,other_body_nonreporters,acquaintance,3,3,281,55,273.9,19.3,15.0,24.4,
2023-2025,nonharedi_jew,violence_threat,other_body_nonreporters,family,3,3,281,88,273.9,31.4,26.2,37.1,
2023-2025,nonharedi_jew,violence_threat,other_body_nonreporters,legal,3,3,281,8,273.9,2.9,1.5,5.6,
2023-2025,nonharedi_jew,violence_threat,other_body_nonreporters,medical,3,3,281,2,273.9,0.9,0.3,2.8,
2023-2025,nonharedi_jew,violence_threat,other_body_nonreporters,mental_health,3,3,281,14,273.9,5.4,3.3,8.7,
2023-2025,nonharedi_jew,violence_threat,other_body_nonreporters,ngo,3,3,281,4,273.9,1.5,0.6,3.8,
2023-2025,nonharedi_jew,violence_threat,other_body_nonreporters,none,3,3,281,135,273.9,48.1,42.3,54.0,
2023-2025,nonharedi_jew,violence_threat,other_body_nonreporters,other,3,3,281,9,273.9,3.1,1.6,5.8,
2023-2025,nonharedi_jew,violence_threat,other_body_nonreporters,welfare,3,3,281,2,273.9,0.7,0.2,2.6,
2023-2025,nonharedi_jew,violence_threat,other_body_nonreporters,workplace,3,3,281,49,273.9,17.3,13.3,22.2,
2023-2025,nonharedi_jew,violence_threat,other_body_reporters,acquaintance,3,3,91,30,88.6,34.0,24.9,44.3,
2023-2025,nonharedi_jew,violence_threat,other_body_reporters,family,3,3,91,37,88.6,41.0,31.4,51.4,
2023-2025,nonharedi_jew,violence_threat,other_body_reporters,legal,3,3,91,9,88.6,9.3,4.8,17.1,
2023-2025,nonharedi_jew,violence_threat,other_body_reporters,medical,3,3,91,12,88.6,14.4,8.6,23.2,
2023-2025,nonharedi_jew,violence_threat,other_body_reporters,mental_health,3,3,91,17,88.6,19.8,12.9,29.3,
2023-2025,nonharedi_jew,violence_threat,other_body_reporters,ngo,3,3,91,0,88.6,0.0,0.0,4.2,
2023-2025,nonharedi_jew,violence_threat,other_body_reporters,none,3,3,91,32,88.6,34.4,25.3,44.8,
2023-2025,nonharedi_jew,violence_threat,other_body_reporters,other,3,3,91,5,88.6,5.5,2.3,12.3,
2023-2025,nonharedi_jew,violence_threat,other_body_reporters,welfare,3,3,91,6,88.6,6.0,2.6,13.0,
2023-2025,nonharedi_jew,violence_threat,other_body_reporters,workplace,3,3,91,15,88.6,15.5,9.4,24.4,
2015-2025,all_20plus,cyber,other_body,acquaintance,11,11,3059,482,2947.6,15.9,14.7,17.3,
2015-2025,all_20plus,cyber,other_body,bank,11,5,3059,837,2947.6,28.2,26.6,29.8,
2015-2025,all_20plus,cyber,other_body,family,11,11,3059,820,2947.6,27.2,25.6,28.8,
2015-2025,all_20plus,cyber,other_body,government,11,4,3059,41,2947.6,1.4,1.0,1.9,
2015-2025,all_20plus,cyber,other_body,isp,11,11,3059,173,2947.6,5.4,4.6,6.2,
2015-2025,all_20plus,cyber,other_body,legal,11,10,3059,40,2947.6,1.3,1.0,1.8,
2015-2025,all_20plus,cyber,other_body,none,11,11,3059,899,2947.6,29.2,27.6,30.8,
2015-2025,all_20plus,cyber,other_body,other,11,11,3059,315,2947.6,9.9,8.8,11.0,
2015-2025,all_20plus,cyber,other_body,professional,11,5,3059,143,2947.6,4.8,4.1,5.6,
2015-2025,all_20plus,cyber,other_body,website,11,11,3059,275,2947.6,8.9,7.9,9.9,
2015-2025,all_20plus,cyber,other_body_nonreporters,acquaintance,11,11,2785,418,2685.8,15.2,13.9,16.6,
2015-2025,all_20plus,cyber,other_body_nonreporters,bank,11,5,2785,791,2685.8,29.2,27.5,30.9,
2015-2025,all_20plus,cyber,other_body_nonreporters,family,11,11,2785,728,2685.8,26.5,24.9,28.2,
2015-2025,all_20plus,cyber,other_body_nonreporters,government,11,4,2785,28,2685.8,1.0,0.7,1.5,
2015-2025,all_20plus,cyber,other_body_nonreporters,isp,11,11,2785,154,2685.8,5.3,4.5,6.2,
2015-2025,all_20plus,cyber,other_body_nonreporters,legal,11,10,2785,24,2685.8,0.9,0.6,1.3,
2015-2025,all_20plus,cyber,other_body_nonreporters,none,11,11,2785,828,2685.8,29.5,27.8,31.3,
2015-2025,all_20plus,cyber,other_body_nonreporters,other,11,11,2785,280,2685.8,9.6,8.6,10.8,
2015-2025,all_20plus,cyber,other_body_nonreporters,professional,11,5,2785,130,2685.8,4.8,4.0,5.7,
2015-2025,all_20plus,cyber,other_body_nonreporters,website,11,11,2785,244,2685.8,8.7,7.7,9.8,
2015-2025,all_20plus,cyber,other_body_reporters,acquaintance,11,11,272,64,260.0,23.3,18.5,28.8,
2015-2025,all_20plus,cyber,other_body_reporters,bank,11,5,272,46,260.0,17.8,13.6,22.9,
2015-2025,all_20plus,cyber,other_body_reporters,family,11,11,272,92,260.0,34.0,28.6,40.0,
2015-2025,all_20plus,cyber,other_body_reporters,government,11,4,272,13,260.0,5.4,3.2,8.8,
2015-2025,all_20plus,cyber,other_body_reporters,isp,11,11,272,19,260.0,6.5,4.1,10.2,
2015-2025,all_20plus,cyber,other_body_reporters,legal,11,10,272,16,260.0,5.9,3.6,9.4,
2015-2025,all_20plus,cyber,other_body_reporters,none,11,11,272,69,260.0,25.0,20.1,30.6,
2015-2025,all_20plus,cyber,other_body_reporters,other,11,11,272,35,260.0,12.5,9.0,17.1,
2015-2025,all_20plus,cyber,other_body_reporters,professional,11,5,272,13,260.0,4.9,2.9,8.2,
2015-2025,all_20plus,cyber,other_body_reporters,website,11,11,272,31,260.0,10.8,7.6,15.1,
2015-2025,all_20plus,sexual_harassment,other_body,acquaintance,11,10,1330,295,1274.2,22.6,20.4,25.0,
2015-2025,all_20plus,sexual_harassment,other_body,family,11,10,1330,287,1274.2,21.9,19.8,24.3,
2015-2025,all_20plus,sexual_harassment,other_body,legal,11,10,1330,15,1274.2,1.2,0.7,1.9,
2015-2025,all_20plus,sexual_harassment,other_body,medical,11,11,1330,17,1274.2,1.3,0.8,2.1,
2015-2025,all_20plus,sexual_harassment,other_body,mental_health,11,11,1330,108,1274.2,8.0,6.6,9.6,
2015-2025,all_20plus,sexual_harassment,other_body,ngo,11,11,1330,20,1274.2,1.6,1.0,2.4,
2015-2025,all_20plus,sexual_harassment,other_body,none,11,11,1330,725,1274.2,54.3,51.5,57.0,
2015-2025,all_20plus,sexual_harassment,other_body,other,11,11,1330,50,1274.2,3.8,2.9,5.0,
2015-2025,all_20plus,sexual_harassment,other_body,welfare,11,11,1330,31,1274.2,2.3,1.6,3.3,
2015-2025,all_20plus,sexual_harassment,other_body,workplace,11,6,1330,86,1274.2,6.6,5.4,8.1,
2015-2025,all_20plus,sexual_harassment,other_body_nonreporters,acquaintance,11,10,1269,282,1216.1,22.5,20.3,24.9,
2015-2025,all_20plus,sexual_harassment,other_body_nonreporters,family,11,10,1269,268,1216.1,21.5,19.3,23.9,
2015-2025,all_20plus,sexual_harassment,other_body_nonreporters,legal,11,10,1269,9,1216.1,0.7,0.4,1.4,
2015-2025,all_20plus,sexual_harassment,other_body_nonreporters,medical,11,11,1269,12,1216.1,1.0,0.5,1.7,
2015-2025,all_20plus,sexual_harassment,other_body_nonreporters,mental_health,11,11,1269,94,1216.1,7.2,5.9,8.8,
2015-2025,all_20plus,sexual_harassment,other_body_nonreporters,ngo,11,11,1269,18,1216.1,1.5,0.9,2.3,
2015-2025,all_20plus,sexual_harassment,other_body_nonreporters,none,11,11,1269,697,1216.1,54.8,52.0,57.5,
2015-2025,all_20plus,sexual_harassment,other_body_nonreporters,other,11,11,1269,48,1216.1,3.9,2.9,5.1,
2015-2025,all_20plus,sexual_harassment,other_body_nonreporters,welfare,11,11,1269,25,1216.1,1.9,1.3,2.8,
2015-2025,all_20plus,sexual_harassment,other_body_nonreporters,workplace,11,6,1269,82,1216.1,6.6,5.3,8.1,
2015-2025,all_20plus,sexual_harassment,other_body_reporters,acquaintance,11,10,58,13,55.4,25.1,15.5,37.8,
2015-2025,all_20plus,sexual_harassment,other_body_reporters,family,11,10,58,18,55.4,32.0,21.2,45.1,
2015-2025,all_20plus,sexual_harassment,other_body_reporters,legal,11,10,58,6,55.4,10.2,4.7,21.0,
2015-2025,all_20plus,sexual_harassment,other_body_reporters,medical,11,11,58,5,55.4,8.3,3.5,18.5,
2015-2025,all_20plus,sexual_harassment,other_body_reporters,mental_health,11,11,58,14,55.4,25.1,15.5,37.9,
2015-2025,all_20plus,sexual_harassment,other_body_reporters,ngo,11,11,58,2,55.4,3.6,1.0,12.2,
2015-2025,all_20plus,sexual_harassment,other_body_reporters,none,11,11,58,25,55.4,41.7,29.6,54.8,
2015-2025,all_20plus,sexual_harassment,other_body_reporters,other,11,11,58,2,55.4,3.0,0.7,11.3,
2015-2025,all_20plus,sexual_harassment,other_body_reporters,welfare,11,11,58,6,55.4,11.1,5.2,22.0,
2015-2025,all_20plus,sexual_harassment,other_body_reporters,workplace,11,6,58,4,55.4,7.6,3.1,17.7,
2015-2025,all_20plus,violence_threat,other_body,acquaintance,11,10,1793,320,1718.4,18.2,16.4,20.1,
2015-2025,all_20plus,violence_threat,other_body,family,11,10,1793,450,1718.4,25.7,23.7,27.8,
2015-2025,all_20plus,violence_threat,other_body,legal,11,10,1793,97,1718.4,5.3,4.3,6.4,
2015-2025,all_20plus,violence_threat,other_body,medical,11,11,1793,116,1718.4,6.4,5.4,7.7,
2015-2025,all_20plus,violence_threat,other_body,mental_health,11,11,1793,124,1718.4,7.1,6.0,8.4,
2015-2025,all_20plus,violence_threat,other_body,ngo,11,11,1793,32,1718.4,1.9,1.3,2.6,
2015-2025,all_20plus,violence_threat,other_body,none,11,11,1793,897,1718.4,49.9,47.5,52.2,
2015-2025,all_20plus,violence_threat,other_body,other,11,11,1793,142,1718.4,7.7,6.5,9.0,
2015-2025,all_20plus,violence_threat,other_body,welfare,11,11,1793,68,1718.4,3.4,2.6,4.4,
2015-2025,all_20plus,violence_threat,other_body,workplace,11,6,1793,158,1718.4,9.0,7.8,10.5,
2015-2025,all_20plus,violence_threat,other_body_nonreporters,acquaintance,11,10,1164,209,1119.0,18.5,16.4,20.9,
2015-2025,all_20plus,violence_threat,other_body_nonreporters,family,11,10,1164,306,1119.0,27.2,24.7,29.9,
2015-2025,all_20plus,violence_threat,other_body_nonreporters,legal,11,10,1164,24,1119.0,2.2,1.5,3.2,
2015-2025,all_20plus,violence_threat,other_body_nonreporters,medical,11,11,1164,29,1119.0,2.3,1.6,3.4,
2015-2025,all_20plus,violence_threat,other_body_nonreporters,mental_health,11,11,1164,55,1119.0,4.8,3.7,6.3,
2015-2025,all_20plus,violence_threat,other_body_nonreporters,ngo,11,11,1164,16,1119.0,1.5,0.9,2.4,
2015-2025,all_20plus,violence_threat,other_body_nonreporters,none,11,11,1164,607,1119.0,51.6,48.7,54.6,
2015-2025,all_20plus,violence_threat,other_body_nonreporters,other,11,11,1164,84,1119.0,6.8,5.4,8.4,
2015-2025,all_20plus,violence_threat,other_body_nonreporters,welfare,11,11,1164,16,1119.0,1.3,0.8,2.1,
2015-2025,all_20plus,violence_threat,other_body_nonreporters,workplace,11,6,1164,104,1119.0,9.3,7.8,11.2,
2015-2025,all_20plus,violence_threat,other_body_reporters,acquaintance,11,10,622,111,592.8,17.7,14.9,21.0,
2015-2025,all_20plus,violence_threat,other_body_reporters,family,11,10,622,144,592.8,23.1,19.9,26.7,
2015-2025,all_20plus,violence_threat,other_body_reporters,legal,11,10,622,71,592.8,11.0,8.7,13.7,
2015-2025,all_20plus,violence_threat,other_body_reporters,medical,11,11,622,87,592.8,14.3,11.8,17.4,
2015-2025,all_20plus,violence_threat,other_body_reporters,mental_health,11,11,622,68,592.8,11.3,9.0,14.1,
2015-2025,all_20plus,violence_threat,other_body_reporters,ngo,11,11,622,16,592.8,2.6,1.6,4.2,
2015-2025,all_20plus,violence_threat,other_body_reporters,none,11,11,622,287,592.8,46.5,42.6,50.6,
2015-2025,all_20plus,violence_threat,other_body_reporters,other,11,11,622,57,592.8,9.3,7.2,11.9,
2015-2025,all_20plus,violence_threat,other_body_reporters,welfare,11,11,622,51,592.8,7.4,5.5,9.7,
2015-2025,all_20plus,violence_threat,other_body_reporters,workplace,11,6,622,54,592.8,8.6,6.6,11.1,
2015-2025,haredi,cyber,other_body,acquaintance,11,11,167,29,163.2,16.9,12.0,23.4,
2015-2025,haredi,cyber,other_body,bank,11,5,167,61,163.2,38.2,31.1,45.9,
2015-2025,haredi,cyber,other_body,family,11,11,167,39,163.2,23.8,18.0,30.9,
2015-2025,haredi,cyber,other_body,government,11,4,167,2,163.2,1.5,0.4,4.7,
2015-2025,haredi,cyber,other_body,isp,11,11,167,4,163.2,2.4,0.9,6.1,
2015-2025,haredi,cyber,other_body,legal,11,10,167,2,163.2,1.3,0.4,4.5,
2015-2025,haredi,cyber,other_body,none,11,11,167,51,163.2,29.1,22.7,36.5,
2015-2025,haredi,cyber,other_body,other,11,11,167,15,163.2,9.0,5.5,14.4,
2015-2025,haredi,cyber,other_body,professional,11,5,167,9,163.2,5.4,2.8,10.0,
2015-2025,haredi,cyber,other_body,website,11,11,167,8,163.2,4.7,2.4,9.1,
2015-2025,haredi,cyber,other_body_nonreporters,acquaintance,11,11,159,24,155.4,14.4,9.7,20.8,
2015-2025,haredi,cyber,other_body_nonreporters,bank,11,5,159,61,155.4,40.3,32.9,48.2,
2015-2025,haredi,cyber,other_body_nonreporters,family,11,11,159,36,155.4,23.1,17.2,30.3,
2015-2025,haredi,cyber,other_body_nonreporters,government,11,4,159,2,155.4,1.6,0.5,5.0,
2015-2025,haredi,cyber,other_body_nonreporters,isp,11,11,159,4,155.4,2.6,1.0,6.4,
2015-2025,haredi,cyber,other_body_nonreporters,legal,11,10,159,1,155.4,0.7,0.1,3.6,
2015-2025,haredi,cyber,other_body_nonreporters,none,11,11,159,49,155.4,29.5,22.9,37.1,
2015-2025,haredi,cyber,other_body_nonreporters,other,11,11,159,14,155.4,8.8,5.3,14.3,
2015-2025,haredi,cyber,other_body_nonreporters,professional,11,5,159,9,155.4,5.7,3.0,10.5,
2015-2025,haredi,cyber,other_body_nonreporters,website,11,11,159,7,155.4,4.5,2.2,8.9,
2015-2025,haredi,cyber,other_body_reporters,acquaintance,11,11,8,5,7.8,,,,suppressed_n_lt_30
2015-2025,haredi,cyber,other_body_reporters,bank,11,5,8,0,7.8,,,,suppressed_n_lt_30
2015-2025,haredi,cyber,other_body_reporters,family,11,11,8,3,7.8,,,,suppressed_n_lt_30
2015-2025,haredi,cyber,other_body_reporters,government,11,4,8,0,7.8,,,,suppressed_n_lt_30
2015-2025,haredi,cyber,other_body_reporters,isp,11,11,8,0,7.8,,,,suppressed_n_lt_30
2015-2025,haredi,cyber,other_body_reporters,legal,11,10,8,1,7.8,,,,suppressed_n_lt_30
2015-2025,haredi,cyber,other_body_reporters,none,11,11,8,2,7.8,,,,suppressed_n_lt_30
2015-2025,haredi,cyber,other_body_reporters,other,11,11,8,1,7.8,,,,suppressed_n_lt_30
2015-2025,haredi,cyber,other_body_reporters,professional,11,5,8,0,7.8,,,,suppressed_n_lt_30
2015-2025,haredi,cyber,other_body_reporters,website,11,11,8,1,7.8,,,,suppressed_n_lt_30
2015-2025,haredi,sexual_harassment,other_body,acquaintance,11,10,52,11,50.6,21.5,12.4,34.6,
2015-2025,haredi,sexual_harassment,other_body,family,11,10,52,17,50.6,33.1,21.7,46.8,
2015-2025,haredi,sexual_harassment,other_body,legal,11,10,52,2,50.6,3.6,0.9,12.8,
2015-2025,haredi,sexual_harassment,other_body,medical,11,11,52,1,50.6,1.9,0.3,10.3,
2015-2025,haredi,sexual_harassment,other_body,mental_health,11,11,52,7,50.6,14.2,7.1,26.3,
2015-2025,haredi,sexual_harassment,other_body,ngo,11,11,52,0,50.6,0.0,0.0,7.1,
2015-2025,haredi,sexual_harassment,other_body,none,11,11,52,24,50.6,44.2,31.4,57.8,
2015-2025,haredi,sexual_harassment,other_body,other,11,11,52,2,50.6,4.3,1.2,13.8,
2015-2025,haredi,sexual_harassment,other_body,welfare,11,11,52,1,50.6,1.4,0.2,9.4,
2015-2025,haredi,sexual_harassment,other_body,workplace,11,6,52,4,50.6,7.5,2.9,18.1,
2015-2025,haredi,sexual_harassment,other_body_nonreporters,acquaintance,11,10,50,11,48.6,22.5,13.1,36.0,
2015-2025,haredi,sexual_harassment,other_body_nonreporters,family,11,10,50,17,48.6,34.6,22.8,48.7,
2015-2025,haredi,sexual_harassment,other_body_nonreporters,legal,11,10,50,2,48.6,3.8,1.0,13.3,
2015-2025,haredi,sexual_harassment,other_body_nonreporters,medical,11,11,50,1,48.6,2.0,0.3,10.7,
2015-2025,haredi,sexual_harassment,other_body_nonreporters,mental_health,11,11,50,6,48.6,12.4,5.8,24.5,
2015-2025,haredi,sexual_harassment,other_body_nonreporters,ngo,11,11,50,0,48.6,0.0,0.0,7.3,
2015-2025,haredi,sexual_harassment,other_body_nonreporters,none,11,11,50,23,48.6,44.0,31.0,57.8,
2015-2025,haredi,sexual_harassment,other_body_nonreporters,other,11,11,50,2,48.6,4.5,1.3,14.3,
2015-2025,haredi,sexual_harassment,other_body_nonreporters,welfare,11,11,50,1,48.6,1.4,0.2,9.8,
2015-2025,haredi,sexual_harassment,other_body_nonreporters,workplace,11,6,50,4,48.6,7.8,3.0,18.8,
2015-2025,haredi,sexual_harassment,other_body_reporters,acquaintance,11,10,2,0,2.0,,,,suppressed_n_lt_30
2015-2025,haredi,sexual_harassment,other_body_reporters,family,11,10,2,0,2.0,,,,suppressed_n_lt_30
2015-2025,haredi,sexual_harassment,other_body_reporters,legal,11,10,2,0,2.0,,,,suppressed_n_lt_30
2015-2025,haredi,sexual_harassment,other_body_reporters,medical,11,11,2,0,2.0,,,,suppressed_n_lt_30
2015-2025,haredi,sexual_harassment,other_body_reporters,mental_health,11,11,2,1,2.0,,,,suppressed_n_lt_30
2015-2025,haredi,sexual_harassment,other_body_reporters,ngo,11,11,2,0,2.0,,,,suppressed_n_lt_30
2015-2025,haredi,sexual_harassment,other_body_reporters,none,11,11,2,1,2.0,,,,suppressed_n_lt_30
2015-2025,haredi,sexual_harassment,other_body_reporters,other,11,11,2,0,2.0,,,,suppressed_n_lt_30
2015-2025,haredi,sexual_harassment,other_body_reporters,welfare,11,11,2,0,2.0,,,,suppressed_n_lt_30
2015-2025,haredi,sexual_harassment,other_body_reporters,workplace,11,6,2,0,2.0,,,,suppressed_n_lt_30
2015-2025,haredi,violence_threat,other_body,acquaintance,11,10,161,32,156.1,19.7,14.2,26.6,
2015-2025,haredi,violence_threat,other_body,family,11,10,161,45,156.1,28.9,22.3,36.4,
2015-2025,haredi,violence_threat,other_body,legal,11,10,161,10,156.1,6.5,3.6,11.5,
2015-2025,haredi,violence_threat,other_body,medical,11,11,161,6,156.1,3.7,1.7,7.9,
2015-2025,haredi,violence_threat,other_body,mental_health,11,11,161,8,156.1,5.2,2.7,9.9,
2015-2025,haredi,violence_threat,other_body,ngo,11,11,161,5,156.1,3.1,1.3,7.2,
2015-2025,haredi,violence_threat,other_body,none,11,11,161,70,156.1,43.7,36.2,51.6,
2015-2025,haredi,violence_threat,other_body,other,11,11,161,16,156.1,9.6,5.9,15.3,
2015-2025,haredi,violence_threat,other_body,welfare,11,11,161,5,156.1,2.9,1.2,6.9,
2015-2025,haredi,violence_threat,other_body,workplace,11,6,161,11,156.1,6.9,3.9,12.0,
2015-2025,haredi,violence_threat,other_body_nonreporters,acquaintance,11,10,111,20,108.1,18.3,12.1,26.6,
2015-2025,haredi,violence_threat,other_body_nonreporters,family,11,10,111,36,108.1,33.4,25.2,42.8,
2015-2025,haredi,violence_threat,other_body_nonreporters,legal,11,10,111,0,108.1,0.0,0.0,3.4,
2015-2025,haredi,violence_threat,other_body_nonreporters,medical,11,11,111,2,108.1,1.7,0.4,6.2,
2015-2025,haredi,violence_threat,other_body_nonreporters,mental_health,11,11,111,2,108.1,1.9,0.5,6.6,
2015-2025,haredi,violence_threat,other_body_nonreporters,ngo,11,11,111,2,108.1,1.8,0.5,6.4,
2015-2025,haredi,violence_threat,other_body_nonreporters,none,11,11,111,49,108.1,44.5,35.4,53.9,
2015-2025,haredi,violence_threat,other_body_nonreporters,other,11,11,111,12,108.1,10.4,5.9,17.6,
2015-2025,haredi,violence_threat,other_body_nonreporters,welfare,11,11,111,1,108.1,0.7,0.1,4.8,
2015-2025,haredi,violence_threat,other_body_nonreporters,workplace,11,6,111,6,108.1,5.4,2.4,11.3,
2015-2025,haredi,violence_threat,other_body_reporters,acquaintance,11,10,48,12,46.1,23.6,13.7,37.6,warn_n_30_49
2015-2025,haredi,violence_threat,other_body_reporters,family,11,10,48,9,46.1,19.3,10.4,32.8,warn_n_30_49
2015-2025,haredi,violence_threat,other_body_reporters,legal,11,10,48,10,46.1,21.9,12.4,35.7,warn_n_30_49
2015-2025,haredi,violence_threat,other_body_reporters,medical,11,11,48,4,46.1,8.5,3.3,20.1,warn_n_30_49
2015-2025,haredi,violence_threat,other_body_reporters,mental_health,11,11,48,6,46.1,13.1,6.2,25.7,warn_n_30_49
2015-2025,haredi,violence_threat,other_body_reporters,ngo,11,11,48,3,46.1,6.4,2.2,17.4,warn_n_30_49
2015-2025,haredi,violence_threat,other_body_reporters,none,11,11,48,19,46.1,39.9,27.1,54.3,warn_n_30_49
2015-2025,haredi,violence_threat,other_body_reporters,other,11,11,48,4,46.1,8.3,3.2,19.8,warn_n_30_49
2015-2025,haredi,violence_threat,other_body_reporters,welfare,11,11,48,4,46.1,8.2,3.1,19.6,warn_n_30_49
2015-2025,haredi,violence_threat,other_body_reporters,workplace,11,6,48,5,46.1,10.8,4.7,22.9,warn_n_30_49
2015-2025,nonharedi_jew,cyber,other_body,acquaintance,11,11,2495,385,2418.6,15.7,14.3,17.2,
2015-2025,nonharedi_jew,cyber,other_body,bank,11,5,2495,695,2418.6,28.7,26.9,30.5,
2015-2025,nonharedi_jew,cyber,other_body,family,11,11,2495,680,2418.6,27.5,25.8,29.4,
2015-2025,nonharedi_jew,cyber,other_body,government,11,4,2495,33,2418.6,1.4,1.0,1.9,
2015-2025,nonharedi_jew,cyber,other_body,isp,11,11,2495,136,2418.6,5.2,4.3,6.1,
2015-2025,nonharedi_jew,cyber,other_body,legal,11,10,2495,31,2418.6,1.2,0.9,1.8,
2015-2025,nonharedi_jew,cyber,other_body,none,11,11,2495,720,2418.6,28.6,26.9,30.5,
2015-2025,nonharedi_jew,cyber,other_body,other,11,11,2495,261,2418.6,10.0,8.9,11.2,
2015-2025,nonharedi_jew,cyber,other_body,professional,11,5,2495,119,2418.6,4.9,4.1,5.9,
2015-2025,nonharedi_jew,cyber,other_body,website,11,11,2495,221,2418.6,8.9,7.8,10.1,
2015-2025,nonharedi_jew,cyber,other_body_nonreporters,acquaintance,11,11,2290,341,2220.2,15.2,13.8,16.8,
2015-2025,nonharedi_jew,cyber,other_body_nonreporters,bank,11,5,2290,658,2220.2,29.5,27.7,31.5,
2015-2025,nonharedi_jew,cyber,other_body_nonreporters,family,11,11,2290,610,2220.2,26.9,25.1,28.8,
2015-2025,nonharedi_jew,cyber,other_body_nonreporters,government,11,4,2290,23,2220.2,1.0,0.7,1.5,
2015-2025,nonharedi_jew,cyber,other_body_nonreporters,isp,11,11,2290,122,2220.2,5.0,4.2,6.0,
2015-2025,nonharedi_jew,cyber,other_body_nonreporters,legal,11,10,2290,20,2220.2,0.9,0.6,1.4,
2015-2025,nonharedi_jew,cyber,other_body_nonreporters,none,11,11,2290,669,2220.2,29.0,27.1,30.9,
2015-2025,nonharedi_jew,cyber,other_body_nonreporters,other,11,11,2290,230,2220.2,9.6,8.4,10.9,
2015-2025,nonharedi_jew,cyber,other_body_nonreporters,professional,11,5,2290,107,2220.2,4.8,4.0,5.8,
2015-2025,nonharedi_jew,cyber,other_body_nonreporters,website,11,11,2290,198,2220.2,8.7,7.6,9.9,
2015-2025,nonharedi_jew,cyber,other_body_reporters,acquaintance,11,11,203,44,196.6,21.4,16.2,27.6,
2015-2025,nonharedi_jew,cyber,other_body_reporters,bank,11,5,203,37,196.6,19.0,14.2,25.1,
2015-2025,nonharedi_jew,cyber,other_body_reporters,family,11,11,203,70,196.6,35.0,28.6,41.9,
2015-2025,nonharedi_jew,cyber,other_body_reporters,government,11,4,203,10,196.6,5.7,3.2,9.9,
2015-2025,nonharedi_jew,cyber,other_body_reporters,isp,11,11,203,14,196.6,6.7,3.9,11.0,
2015-2025,nonharedi_jew,cyber,other_body_reporters,legal,11,10,203,11,196.6,5.4,3.0,9.5,
2015-2025,nonharedi_jew,cyber,other_body_reporters,none,11,11,203,49,196.6,23.6,18.2,30.0,
2015-2025,nonharedi_jew,cyber,other_body_reporters,other,11,11,203,31,196.6,14.8,10.5,20.4,
2015-2025,nonharedi_jew,cyber,other_body_reporters,professional,11,5,203,12,196.6,6.3,3.7,10.6,
2015-2025,nonharedi_jew,cyber,other_body_reporters,website,11,11,203,23,196.6,10.8,7.2,15.9,
2015-2025,nonharedi_jew,sexual_harassment,other_body,acquaintance,11,10,1093,248,1053.3,22.9,20.5,25.5,
2015-2025,nonharedi_jew,sexual_harassment,other_body,family,11,10,1093,245,1053.3,23.0,20.5,25.6,
2015-2025,nonharedi_jew,sexual_harassment,other_body,legal,11,10,1093,13,1053.3,1.2,0.7,2.1,
2015-2025,nonharedi_jew,sexual_harassment,other_body,medical,11,11,1093,12,1053.3,1.1,0.7,2.0,
2015-2025,nonharedi_jew,sexual_harassment,other_body,mental_health,11,11,1093,82,1053.3,7.5,6.0,9.2,
2015-2025,nonharedi_jew,sexual_harassment,other_body,ngo,11,11,1093,18,1053.3,1.7,1.1,2.7,
2015-2025,nonharedi_jew,sexual_harassment,other_body,none,11,11,1093,591,1053.3,53.7,50.7,56.7,
2015-2025,nonharedi_jew,sexual_harassment,other_body,other,11,11,1093,43,1053.3,4.0,2.9,5.3,
2015-2025,nonharedi_jew,sexual_harassment,other_body,welfare,11,11,1093,22,1053.3,2.1,1.4,3.2,
2015-2025,nonharedi_jew,sexual_harassment,other_body,workplace,11,6,1093,74,1053.3,6.9,5.5,8.6,
2015-2025,nonharedi_jew,sexual_harassment,other_body_nonreporters,acquaintance,11,10,1049,238,1010.9,22.8,20.4,25.5,
2015-2025,nonharedi_jew,sexual_harassment,other_body_nonreporters,family,11,10,1049,229,1010.9,22.4,19.9,25.1,
2015-2025,nonharedi_jew,sexual_harassment,other_body_nonreporters,legal,11,10,1049,7,1010.9,0.7,0.4,1.5,
2015-2025,nonharedi_jew,sexual_harassment,other_body_nonreporters,medical,11,11,1049,9,1010.9,0.9,0.5,1.7,
2015-2025,nonharedi_jew,sexual_harassment,other_body_nonreporters,mental_health,11,11,1049,69,1010.9,6.5,5.1,8.2,
2015-2025,nonharedi_jew,sexual_harassment,other_body_nonreporters,ngo,11,11,1049,16,1010.9,1.6,1.0,2.5,
2015-2025,nonharedi_jew,sexual_harassment,other_body_nonreporters,none,11,11,1049,572,1010.9,54.2,51.1,57.3,
2015-2025,nonharedi_jew,sexual_harassment,other_body_nonreporters,other,11,11,1049,42,1010.9,4.0,3.0,5.4,
2015-2025,nonharedi_jew,sexual_harassment,other_body_nonreporters,welfare,11,11,1049,17,1010.9,1.7,1.1,2.7,
2015-2025,nonharedi_jew,sexual_harassment,other_body_nonreporters,workplace,11,6,1049,70,1010.9,6.7,5.3,8.4,
2015-2025,nonharedi_jew,sexual_harassment,other_body_reporters,acquaintance,11,10,41,10,39.6,26.3,15.1,41.6,warn_n_30_49
2015-2025,nonharedi_jew,sexual_harassment,other_body_reporters,family,11,10,41,15,39.6,37.5,24.2,53.0,warn_n_30_49
2015-2025,nonharedi_jew,sexual_harassment,other_body_reporters,legal,11,10,41,6,39.6,14.8,6.9,28.9,warn_n_30_49
2015-2025,nonharedi_jew,sexual_harassment,other_body_reporters,medical,11,11,41,3,39.6,6.8,2.2,19.1,warn_n_30_49
2015-2025,nonharedi_jew,sexual_harassment,other_body_reporters,mental_health,11,11,41,13,39.6,33.3,20.7,48.9,warn_n_30_49
2015-2025,nonharedi_jew,sexual_harassment,other_body_reporters,ngo,11,11,41,2,39.6,5.2,1.5,16.9,warn_n_30_49
2015-2025,nonharedi_jew,sexual_harassment,other_body_reporters,none,11,11,41,16,39.6,38.1,24.7,53.7,warn_n_30_49
2015-2025,nonharedi_jew,sexual_harassment,other_body_reporters,other,11,11,41,1,39.6,1.9,0.3,12.1,warn_n_30_49
2015-2025,nonharedi_jew,sexual_harassment,other_body_reporters,welfare,11,11,41,5,39.6,12.9,5.7,26.7,warn_n_30_49
2015-2025,nonharedi_jew,sexual_harassment,other_body_reporters,workplace,11,6,41,4,39.6,11.0,4.5,24.3,warn_n_30_49
2015-2025,nonharedi_jew,violence_threat,other_body,acquaintance,11,10,1311,244,1266.8,19.0,16.9,21.3,
2015-2025,nonharedi_jew,violence_threat,other_body,family,11,10,1311,340,1266.8,26.7,24.3,29.2,
2015-2025,nonharedi_jew,violence_threat,other_body,legal,11,10,1311,67,1266.8,4.8,3.8,6.1,
2015-2025,nonharedi_jew,violence_threat,other_body,medical,11,11,1311,71,1266.8,5.5,4.3,6.8,
2015-2025,nonharedi_jew,violence_threat,other_body,mental_health,11,11,1311,84,1266.8,6.6,5.4,8.1,
2015-2025,nonharedi_jew,violence_threat,other_body,ngo,11,11,1311,20,1266.8,1.6,1.0,2.4,
2015-2025,nonharedi_jew,violence_threat,other_body,none,11,11,1311,665,1266.8,50.5,47.7,53.2,
2015-2025,nonharedi_jew,violence_threat,other_body,other,11,11,1311,106,1266.8,7.6,6.3,9.2,
2015-2025,nonharedi_jew,violence_threat,other_body,welfare,11,11,1311,47,1266.8,3.2,2.3,4.3,
2015-2025,nonharedi_jew,violence_threat,other_body,workplace,11,6,1311,121,1266.8,9.5,8.0,11.2,
2015-2025,nonharedi_jew,violence_threat,other_body_nonreporters,acquaintance,11,10,869,159,840.7,18.8,16.3,21.6,
2015-2025,nonharedi_jew,violence_threat,other_body_nonreporters,family,11,10,869,227,840.7,27.1,24.2,30.2,
2015-2025,nonharedi_jew,violence_threat,other_body_nonreporters,legal,11,10,869,17,840.7,2.0,1.2,3.1,
2015-2025,nonharedi_jew,violence_threat,other_body_nonreporters,medical,11,11,869,19,840.7,2.1,1.3,3.3,
2015-2025,nonharedi_jew,violence_threat,other_body_nonreporters,mental_health,11,11,869,36,840.7,4.3,3.1,5.9,
2015-2025,nonharedi_jew,violence_threat,other_body_nonreporters,ngo,11,11,869,11,840.7,1.4,0.8,2.5,
2015-2025,nonharedi_jew,violence_threat,other_body_nonreporters,none,11,11,869,456,840.7,51.9,48.6,55.3,
2015-2025,nonharedi_jew,violence_threat,other_body_nonreporters,other,11,11,869,62,840.7,6.4,5.0,8.3,
2015-2025,nonharedi_jew,violence_threat,other_body_nonreporters,welfare,11,11,869,11,840.7,1.2,0.7,2.2,
2015-2025,nonharedi_jew,violence_threat,other_body_nonreporters,workplace,11,6,869,86,840.7,10.3,8.5,12.6,
2015-2025,nonharedi_jew,violence_threat,other_body_reporters,acquaintance,11,10,437,85,421.5,19.5,16.0,23.6,
2015-2025,nonharedi_jew,violence_threat,other_body_reporters,family,11,10,437,113,421.5,26.2,22.2,30.6,
2015-2025,nonharedi_jew,violence_threat,other_body_reporters,legal,11,10,437,48,421.5,10.3,7.7,13.5,
2015-2025,nonharedi_jew,violence_threat,other_body_reporters,medical,11,11,437,52,421.5,12.3,9.5,15.8,
2015-2025,nonharedi_jew,violence_threat,other_body_reporters,mental_health,11,11,437,47,421.5,11.2,8.5,14.5,
2015-2025,nonharedi_jew,violence_threat,other_body_reporters,ngo,11,11,437,9,421.5,2.0,1.0,3.8,
2015-2025,nonharedi_jew,violence_threat,other_body_reporters,none,11,11,437,208,421.5,47.9,43.2,52.7,
2015-2025,nonharedi_jew,violence_threat,other_body_reporters,other,11,11,437,43,421.5,9.8,7.3,13.0,
2015-2025,nonharedi_jew,violence_threat,other_body_reporters,welfare,11,11,437,35,421.5,7.0,4.9,9.9,
2015-2025,nonharedi_jew,violence_threat,other_body_reporters,workplace,11,6,437,35,421.5,7.9,5.7,10.9,
2020-2025,all_20plus,cyber,other_body,acquaintance,6,6,2144,326,2075.9,15.4,13.9,17.0,
2020-2025,all_20plus,cyber,other_body,bank,6,5,2144,837,2075.9,39.3,37.2,41.4,
2020-2025,all_20plus,cyber,other_body,family,6,6,2144,627,2075.9,29.4,27.5,31.4,
2020-2025,all_20plus,cyber,other_body,government,6,4,2144,41,2075.9,2.0,1.5,2.7,
2020-2025,all_20plus,cyber,other_body,isp,6,6,2144,87,2075.9,4.0,3.2,4.9,
2020-2025,all_20plus,cyber,other_body,legal,6,6,2144,25,2075.9,1.2,0.8,1.8,
2020-2025,all_20plus,cyber,other_body,none,6,6,2144,550,2075.9,25.6,23.7,27.5,
2020-2025,all_20plus,cyber,other_body,other,6,6,2144,111,2075.9,5.0,4.2,6.1,
2020-2025,all_20plus,cyber,other_body,professional,6,5,2144,143,2075.9,6.7,5.7,7.8,
2020-2025,all_20plus,cyber,other_body,website,6,6,2144,161,2075.9,7.4,6.4,8.6,
2020-2025,all_20plus,cyber,other_body_nonreporters,acquaintance,6,6,1977,292,1914.7,15.0,13.4,16.6,
2020-2025,all_20plus,cyber,other_body_nonreporters,bank,6,5,1977,791,1914.7,40.2,38.1,42.5,
2020-2025,all_20plus,cyber,other_body_nonreporters,family,6,6,1977,569,1914.7,28.9,26.9,31.0,
2020-2025,all_20plus,cyber,other_body_nonreporters,government,6,4,1977,28,1914.7,1.4,1.0,2.1,
2020-2025,all_20plus,cyber,other_body_nonreporters,isp,6,6,1977,78,1914.7,3.9,3.1,4.8,
2020-2025,all_20plus,cyber,other_body_nonreporters,legal,6,6,1977,14,1914.7,0.8,0.5,1.2,
2020-2025,all_20plus,cyber,other_body_nonreporters,none,6,6,1977,511,1914.7,25.8,23.9,27.8,
2020-2025,all_20plus,cyber,other_body_nonreporters,other,6,6,1977,92,1914.7,4.5,3.7,5.6,
2020-2025,all_20plus,cyber,other_body_nonreporters,professional,6,5,1977,130,1914.7,6.6,5.6,7.8,
2020-2025,all_20plus,cyber,other_body_nonreporters,website,6,6,1977,147,1914.7,7.4,6.3,8.6,
2020-2025,all_20plus,cyber,other_body_reporters,acquaintance,6,6,165,34,159.2,20.8,15.2,27.8,
2020-2025,all_20plus,cyber,other_body_reporters,bank,6,5,165,46,159.2,28.4,22.0,35.8,
2020-2025,all_20plus,cyber,other_body_reporters,family,6,6,165,58,159.2,35.2,28.2,42.9,
2020-2025,all_20plus,cyber,other_body_reporters,government,6,4,165,13,159.2,8.6,5.1,13.9,
2020-2025,all_20plus,cyber,other_body_reporters,isp,6,6,165,9,159.2,5.3,2.7,9.9,
2020-2025,all_20plus,cyber,other_body_reporters,legal,6,6,165,11,159.2,6.6,3.7,11.6,
2020-2025,all_20plus,cyber,other_body_reporters,none,6,6,165,37,159.2,21.9,16.2,29.0,
2020-2025,all_20plus,cyber,other_body_reporters,other,6,6,165,19,159.2,11.2,7.1,17.0,
2020-2025,all_20plus,cyber,other_body_reporters,professional,6,5,165,13,159.2,7.8,4.5,13.0,
2020-2025,all_20plus,cyber,other_body_reporters,website,6,6,165,14,159.2,7.7,4.5,12.9,
2020-2025,all_20plus,sexual_harassment,other_body,acquaintance,6,6,775,211,745.7,27.7,24.6,31.0,
2020-2025,all_20plus,sexual_harassment,other_body,family,6,6,775,200,745.7,26.3,23.2,29.5,
2020-2025,all_20plus,sexual_harassment,other_body,legal,6,6,775,11,745.7,1.5,0.8,2.6,
2020-2025,all_20plus,sexual_harassment,other_body,medical,6,6,775,9,745.7,1.2,0.6,2.2,
2020-2025,all_20plus,sexual_harassment,other_body,mental_health,6,6,775,82,745.7,10.3,8.3,12.7,
2020-2025,all_20plus,sexual_harassment,other_body,ngo,6,6,775,15,745.7,2.0,1.2,3.3,
2020-2025,all_20plus,sexual_harassment,other_body,none,6,6,775,360,745.7,45.9,42.4,49.5,
2020-2025,all_20plus,sexual_harassment,other_body,other,6,6,775,8,745.7,1.2,0.7,2.3,
2020-2025,all_20plus,sexual_harassment,other_body,welfare,6,6,775,23,745.7,3.0,2.0,4.5,
2020-2025,all_20plus,sexual_harassment,other_body,workplace,6,6,775,86,745.7,11.1,9.0,13.5,
2020-2025,all_20plus,sexual_harassment,other_body_nonreporters,acquaintance,6,6,738,200,710.1,27.5,24.4,30.9,
2020-2025,all_20plus,sexual_harassment,other_body_nonreporters,family,6,6,738,188,710.1,25.9,22.8,29.3,
2020-2025,all_20plus,sexual_harassment,other_body_nonreporters,legal,6,6,738,8,710.1,1.1,0.5,2.2,
2020-2025,all_20plus,sexual_harassment,other_body_nonreporters,medical,6,6,738,7,710.1,0.9,0.4,1.9,
2020-2025,all_20plus,sexual_harassment,other_body_nonreporters,mental_health,6,6,738,74,710.1,9.6,7.6,12.0,
2020-2025,all_20plus,sexual_harassment,other_body_nonreporters,ngo,6,6,738,14,710.1,1.9,1.1,3.2,
2020-2025,all_20plus,sexual_harassment,other_body_nonreporters,none,6,6,738,342,710.1,45.9,42.3,49.6,
2020-2025,all_20plus,sexual_harassment,other_body_nonreporters,other,6,6,738,8,710.1,1.3,0.7,2.4,
2020-2025,all_20plus,sexual_harassment,other_body_nonreporters,welfare,6,6,738,20,710.1,2.7,1.7,4.1,
2020-2025,all_20plus,sexual_harassment,other_body_nonreporters,workplace,6,6,738,82,710.1,11.0,8.9,13.6,
2020-2025,all_20plus,sexual_harassment,other_body_reporters,acquaintance,6,6,35,11,33.7,33.2,19.8,50.1,warn_n_30_49
2020-2025,all_20plus,sexual_harassment,other_body_reporters,family,6,6,35,12,33.7,35.2,21.4,52.0,warn_n_30_49
2020-2025,all_20plus,sexual_harassment,other_body_reporters,legal,6,6,35,3,33.7,8.9,3.1,23.1,warn_n_30_49
2020-2025,all_20plus,sexual_harassment,other_body_reporters,medical,6,6,35,2,33.7,5.9,1.6,19.2,warn_n_30_49
2020-2025,all_20plus,sexual_harassment,other_body_reporters,mental_health,6,6,35,8,33.7,25.4,13.8,42.1,warn_n_30_49
2020-2025,all_20plus,sexual_harassment,other_body_reporters,ngo,6,6,35,1,33.7,3.1,0.6,15.3,warn_n_30_49
2020-2025,all_20plus,sexual_harassment,other_body_reporters,none,6,6,35,16,33.7,42.5,27.4,59.1,warn_n_30_49
2020-2025,all_20plus,sexual_harassment,other_body_reporters,other,6,6,35,0,33.7,0.0,0.0,10.2,warn_n_30_49
2020-2025,all_20plus,sexual_harassment,other_body_reporters,welfare,6,6,35,3,33.7,10.1,3.7,24.6,warn_n_30_49
2020-2025,all_20plus,sexual_harassment,other_body_reporters,workplace,6,6,35,4,33.7,12.0,4.8,27.0,warn_n_30_49
2020-2025,all_20plus,violence_threat,other_body,acquaintance,6,6,1009,229,968.8,22.6,20.1,25.4,
2020-2025,all_20plus,violence_threat,other_body,family,6,6,1009,314,968.8,31.5,28.7,34.5,
2020-2025,all_20plus,violence_threat,other_body,legal,6,6,1009,59,968.8,5.6,4.4,7.3,
2020-2025,all_20plus,violence_threat,other_body,medical,6,6,1009,61,968.8,6.0,4.7,7.7,
2020-2025,all_20plus,violence_threat,other_body,mental_health,6,6,1009,92,968.8,9.1,7.5,11.1,
2020-2025,all_20plus,violence_threat,other_body,ngo,6,6,1009,17,968.8,1.6,1.0,2.7,
2020-2025,all_20plus,violence_threat,other_body,none,6,6,1009,441,968.8,43.8,40.7,46.9,
2020-2025,all_20plus,violence_threat,other_body,other,6,6,1009,56,968.8,5.5,4.2,7.1,
2020-2025,all_20plus,violence_threat,other_body,welfare,6,6,1009,40,968.8,3.5,2.5,4.9,
2020-2025,all_20plus,violence_threat,other_body,workplace,6,6,1009,158,968.8,15.6,13.4,18.0,
2020-2025,all_20plus,violence_threat,other_body_nonreporters,acquaintance,6,6,696,154,671.9,22.1,19.1,25.4,
2020-2025,all_20plus,violence_threat,other_body_nonreporters,family,6,6,696,220,671.9,32.2,28.7,35.8,
2020-2025,all_20plus,violence_threat,other_body_nonreporters,legal,6,6,696,16,671.9,2.5,1.6,4.0,
2020-2025,all_20plus,violence_threat,other_body_nonreporters,medical,6,6,696,13,671.9,1.8,1.1,3.2,
2020-2025,all_20plus,violence_threat,other_body_nonreporters,mental_health,6,6,696,46,671.9,6.6,5.0,8.8,
2020-2025,all_20plus,violence_threat,other_body_nonreporters,ngo,6,6,696,10,671.9,1.5,0.8,2.7,
2020-2025,all_20plus,violence_threat,other_body_nonreporters,none,6,6,696,320,671.9,45.8,42.1,49.6,
2020-2025,all_20plus,violence_threat,other_body_nonreporters,other,6,6,696,31,671.9,4.2,3.0,6.0,
2020-2025,all_20plus,violence_threat,other_body_nonreporters,welfare,6,6,696,9,671.9,1.2,0.6,2.3,
2020-2025,all_20plus,violence_threat,other_body_nonreporters,workplace,6,6,696,104,671.9,15.1,12.6,18.0,
2020-2025,all_20plus,violence_threat,other_body_reporters,acquaintance,6,6,312,75,296.0,23.9,19.4,29.1,
2020-2025,all_20plus,violence_threat,other_body_reporters,family,6,6,312,94,296.0,30.2,25.3,35.7,
2020-2025,all_20plus,violence_threat,other_body_reporters,legal,6,6,312,43,296.0,12.8,9.5,17.1,
2020-2025,all_20plus,violence_threat,other_body_reporters,medical,6,6,312,48,296.0,15.7,12.0,20.3,
2020-2025,all_20plus,violence_threat,other_body_reporters,mental_health,6,6,312,46,296.0,14.9,11.3,19.4,
2020-2025,all_20plus,violence_threat,other_body_reporters,ngo,6,6,312,7,296.0,2.0,0.9,4.3,
2020-2025,all_20plus,violence_threat,other_body_reporters,none,6,6,312,120,296.0,39.1,33.7,44.8,
2020-2025,all_20plus,violence_threat,other_body_reporters,other,6,6,312,25,296.0,8.2,5.6,11.9,
2020-2025,all_20plus,violence_threat,other_body_reporters,welfare,6,6,312,31,296.0,8.8,6.1,12.6,
2020-2025,all_20plus,violence_threat,other_body_reporters,workplace,6,6,312,54,296.0,16.7,12.9,21.4,
2020-2025,haredi,cyber,other_body,acquaintance,6,6,129,20,126.0,14.9,9.7,22.1,
2020-2025,haredi,cyber,other_body,bank,6,5,129,61,126.0,48.9,40.3,57.5,
2020-2025,haredi,cyber,other_body,family,6,6,129,35,126.0,27.4,20.4,35.8,
2020-2025,haredi,cyber,other_body,government,6,4,129,2,126.0,1.9,0.6,6.0,
2020-2025,haredi,cyber,other_body,isp,6,6,129,2,126.0,1.7,0.5,5.8,
2020-2025,haredi,cyber,other_body,legal,6,6,129,0,126.0,0.0,0.0,3.0,
2020-2025,haredi,cyber,other_body,none,6,6,129,35,126.0,25.9,19.0,34.1,
2020-2025,haredi,cyber,other_body,other,6,6,129,8,126.0,6.1,3.1,11.8,
2020-2025,haredi,cyber,other_body,professional,6,5,129,9,126.0,6.9,3.6,12.7,
2020-2025,haredi,cyber,other_body,website,6,6,129,3,126.0,2.6,0.9,7.1,
2020-2025,haredi,cyber,other_body_nonreporters,acquaintance,6,6,127,19,124.1,14.2,9.1,21.4,
2020-2025,haredi,cyber,other_body_nonreporters,bank,6,5,127,61,124.1,49.7,41.0,58.4,
2020-2025,haredi,cyber,other_body_nonreporters,family,6,6,127,35,124.1,27.9,20.7,36.3,
2020-2025,haredi,cyber,other_body_nonreporters,government,6,4,127,2,124.1,1.9,0.6,6.1,
2020-2025,haredi,cyber,other_body_nonreporters,isp,6,6,127,2,124.1,1.8,0.5,5.9,
2020-2025,haredi,cyber,other_body_nonreporters,legal,6,6,127,0,124.1,0.0,0.0,3.0,
2020-2025,haredi,cyber,other_body_nonreporters,none,6,6,127,34,124.1,25.5,18.7,33.8,
2020-2025,haredi,cyber,other_body_nonreporters,other,6,6,127,8,124.1,6.2,3.2,12.0,
2020-2025,haredi,cyber,other_body_nonreporters,professional,6,5,127,9,124.1,7.0,3.7,12.9,
2020-2025,haredi,cyber,other_body_nonreporters,website,6,6,127,3,124.1,2.7,1.0,7.2,
2020-2025,haredi,cyber,other_body_reporters,acquaintance,6,6,2,1,2.0,,,,suppressed_n_lt_30
2020-2025,haredi,cyber,other_body_reporters,bank,6,5,2,0,2.0,,,,suppressed_n_lt_30
2020-2025,haredi,cyber,other_body_reporters,family,6,6,2,0,2.0,,,,suppressed_n_lt_30
2020-2025,haredi,cyber,other_body_reporters,government,6,4,2,0,2.0,,,,suppressed_n_lt_30
2020-2025,haredi,cyber,other_body_reporters,isp,6,6,2,0,2.0,,,,suppressed_n_lt_30
2020-2025,haredi,cyber,other_body_reporters,legal,6,6,2,0,2.0,,,,suppressed_n_lt_30
2020-2025,haredi,cyber,other_body_reporters,none,6,6,2,1,2.0,,,,suppressed_n_lt_30
2020-2025,haredi,cyber,other_body_reporters,other,6,6,2,0,2.0,,,,suppressed_n_lt_30
2020-2025,haredi,cyber,other_body_reporters,professional,6,5,2,0,2.0,,,,suppressed_n_lt_30
2020-2025,haredi,cyber,other_body_reporters,website,6,6,2,0,2.0,,,,suppressed_n_lt_30
2020-2025,haredi,sexual_harassment,other_body,acquaintance,6,6,32,8,31.3,23.9,12.3,41.1,warn_n_30_49
2020-2025,haredi,sexual_harassment,other_body,family,6,6,32,13,31.3,40.3,25.1,57.6,warn_n_30_49
2020-2025,haredi,sexual_harassment,other_body,legal,6,6,32,2,31.3,5.8,1.5,19.8,warn_n_30_49
2020-2025,haredi,sexual_harassment,other_body,medical,6,6,32,0,31.3,0.0,0.0,10.9,warn_n_30_49
2020-2025,haredi,sexual_harassment,other_body,mental_health,6,6,32,6,31.3,19.1,9.1,35.9,warn_n_30_49
2020-2025,haredi,sexual_harassment,other_body,ngo,6,6,32,0,31.3,0.0,0.0,10.9,warn_n_30_49
2020-2025,haredi,sexual_harassment,other_body,none,6,6,32,13,31.3,40.8,25.5,58.1,warn_n_30_49
2020-2025,haredi,sexual_harassment,other_body,other,6,6,32,0,31.3,0.0,0.0,10.9,warn_n_30_49
2020-2025,haredi,sexual_harassment,other_body,welfare,6,6,32,1,31.3,2.2,0.3,14.5,warn_n_30_49
2020-2025,haredi,sexual_harassment,other_body,workplace,6,6,32,4,31.3,12.1,4.7,27.7,warn_n_30_49
2020-2025,haredi,sexual_harassment,other_body_nonreporters,acquaintance,6,6,31,8,30.3,24.7,12.8,42.3,warn_n_30_49
2020-2025,haredi,sexual_harassment,other_body_nonreporters,family,6,6,31,13,30.3,41.8,26.1,59.2,warn_n_30_49
2020-2025,haredi,sexual_harassment,other_body_nonreporters,legal,6,6,31,2,30.3,6.0,1.6,20.4,warn_n_30_49
2020-2025,haredi,sexual_harassment,other_body_nonreporters,medical,6,6,31,0,30.3,0.0,0.0,11.2,warn_n_30_49
2020-2025,haredi,sexual_harassment,other_body_nonreporters,mental_health,6,6,31,6,30.3,19.8,9.4,37.0,warn_n_30_49
2020-2025,haredi,sexual_harassment,other_body_nonreporters,ngo,6,6,31,0,30.3,0.0,0.0,11.2,warn_n_30_49
2020-2025,haredi,sexual_harassment,other_body_nonreporters,none,6,6,31,12,30.3,38.7,23.6,56.3,warn_n_30_49
2020-2025,haredi,sexual_harassment,other_body_nonreporters,other,6,6,31,0,30.3,0.0,0.0,11.2,warn_n_30_49
2020-2025,haredi,sexual_harassment,other_body_nonreporters,welfare,6,6,31,1,30.3,2.3,0.3,15.0,warn_n_30_49
2020-2025,haredi,sexual_harassment,other_body_nonreporters,workplace,6,6,31,4,30.3,12.5,4.9,28.6,warn_n_30_49
2020-2025,haredi,sexual_harassment,other_body_reporters,acquaintance,6,6,1,0,1.0,,,,suppressed_n_lt_30
2020-2025,haredi,sexual_harassment,other_body_reporters,family,6,6,1,0,1.0,,,,suppressed_n_lt_30
2020-2025,haredi,sexual_harassment,other_body_reporters,legal,6,6,1,0,1.0,,,,suppressed_n_lt_30
2020-2025,haredi,sexual_harassment,other_body_reporters,medical,6,6,1,0,1.0,,,,suppressed_n_lt_30
2020-2025,haredi,sexual_harassment,other_body_reporters,mental_health,6,6,1,0,1.0,,,,suppressed_n_lt_30
2020-2025,haredi,sexual_harassment,other_body_reporters,ngo,6,6,1,0,1.0,,,,suppressed_n_lt_30
2020-2025,haredi,sexual_harassment,other_body_reporters,none,6,6,1,1,1.0,,,,suppressed_n_lt_30
2020-2025,haredi,sexual_harassment,other_body_reporters,other,6,6,1,0,1.0,,,,suppressed_n_lt_30
2020-2025,haredi,sexual_harassment,other_body_reporters,welfare,6,6,1,0,1.0,,,,suppressed_n_lt_30
2020-2025,haredi,sexual_harassment,other_body_reporters,workplace,6,6,1,0,1.0,,,,suppressed_n_lt_30
2020-2025,haredi,violence_threat,other_body,acquaintance,6,6,106,25,102.6,23.1,16.0,32.2,
2020-2025,haredi,violence_threat,other_body,family,6,6,106,33,102.6,32.4,24.1,41.9,
2020-2025,haredi,violence_threat,other_body,legal,6,6,106,7,102.6,7.0,3.4,13.6,
2020-2025,haredi,violence_threat,other_body,medical,6,6,106,3,102.6,2.8,0.9,8.0,
2020-2025,haredi,violence_threat,other_body,mental_health,6,6,106,7,102.6,6.8,3.3,13.4,
2020-2025,haredi,violence_threat,other_body,ngo,6,6,106,4,102.6,3.7,1.4,9.4,
2020-2025,haredi,violence_threat,other_body,none,6,6,106,42,102.6,39.4,30.5,49.1,
2020-2025,haredi,violence_threat,other_body,other,6,6,106,8,102.6,7.6,3.9,14.4,
2020-2025,haredi,violence_threat,other_body,welfare,6,6,106,3,102.6,2.7,0.9,7.9,
2020-2025,haredi,violence_threat,other_body,workplace,6,6,106,11,102.6,10.2,5.7,17.6,
2020-2025,haredi,violence_threat,other_body_nonreporters,acquaintance,6,6,78,16,76.0,20.6,13.0,31.0,
2020-2025,haredi,violence_threat,other_body_nonreporters,family,6,6,78,28,76.0,36.9,27.0,48.2,
2020-2025,haredi,violence_threat,other_body_nonreporters,legal,6,6,78,0,76.0,0.0,0.0,4.8,
2020-2025,haredi,violence_threat,other_body_nonreporters,medical,6,6,78,1,76.0,1.0,0.1,6.5,
2020-2025,haredi,violence_threat,other_body_nonreporters,mental_health,6,6,78,2,76.0,2.7,0.7,9.1,
2020-2025,haredi,violence_threat,other_body_nonreporters,ngo,6,6,78,2,76.0,2.5,0.7,8.8,
2020-2025,haredi,violence_threat,other_body_nonreporters,none,6,6,78,32,76.0,41.2,30.8,52.4,
2020-2025,haredi,violence_threat,other_body_nonreporters,other,6,6,78,7,76.0,8.9,4.3,17.4,
2020-2025,haredi,violence_threat,other_body_nonreporters,welfare,6,6,78,0,76.0,0.0,0.0,4.8,
2020-2025,haredi,violence_threat,other_body_nonreporters,workplace,6,6,78,6,76.0,7.5,3.4,15.6,
2020-2025,haredi,violence_threat,other_body_reporters,acquaintance,6,6,27,9,25.7,,,,suppressed_n_lt_30
2020-2025,haredi,violence_threat,other_body_reporters,family,6,6,27,5,25.7,,,,suppressed_n_lt_30
2020-2025,haredi,violence_threat,other_body_reporters,legal,6,6,27,7,25.7,,,,suppressed_n_lt_30
2020-2025,haredi,violence_threat,other_body_reporters,medical,6,6,27,2,25.7,,,,suppressed_n_lt_30
2020-2025,haredi,violence_threat,other_body_reporters,mental_health,6,6,27,5,25.7,,,,suppressed_n_lt_30
2020-2025,haredi,violence_threat,other_body_reporters,ngo,6,6,27,2,25.7,,,,suppressed_n_lt_30
2020-2025,haredi,violence_threat,other_body_reporters,none,6,6,27,9,25.7,,,,suppressed_n_lt_30
2020-2025,haredi,violence_threat,other_body_reporters,other,6,6,27,1,25.7,,,,suppressed_n_lt_30
2020-2025,haredi,violence_threat,other_body_reporters,welfare,6,6,27,3,25.7,,,,suppressed_n_lt_30
2020-2025,haredi,violence_threat,other_body_reporters,workplace,6,6,27,5,25.7,,,,suppressed_n_lt_30
2020-2025,nonharedi_jew,cyber,other_body,acquaintance,6,6,1761,265,1713.0,15.3,13.7,17.1,
2020-2025,nonharedi_jew,cyber,other_body,bank,6,5,1761,695,1713.0,39.6,37.3,42.0,
2020-2025,nonharedi_jew,cyber,other_body,family,6,6,1761,526,1713.0,30.0,27.8,32.2,
2020-2025,nonharedi_jew,cyber,other_body,government,6,4,1761,33,1713.0,1.9,1.4,2.7,
2020-2025,nonharedi_jew,cyber,other_body,isp,6,6,1761,69,1713.0,3.8,3.0,4.9,
2020-2025,nonharedi_jew,cyber,other_body,legal,6,6,1761,19,1713.0,1.1,0.7,1.7,
2020-2025,nonharedi_jew,cyber,other_body,none,6,6,1761,438,1713.0,24.8,22.8,26.9,
2020-2025,nonharedi_jew,cyber,other_body,other,6,6,1761,92,1713.0,5.1,4.1,6.2,
2020-2025,nonharedi_jew,cyber,other_body,professional,6,5,1761,119,1713.0,6.8,5.7,8.1,
2020-2025,nonharedi_jew,cyber,other_body,website,6,6,1761,134,1713.0,7.6,6.5,9.0,
2020-2025,nonharedi_jew,cyber,other_body_nonreporters,acquaintance,6,6,1635,241,1590.4,15.1,13.4,16.9,
2020-2025,nonharedi_jew,cyber,other_body_nonreporters,bank,6,5,1635,658,1590.4,40.4,38.0,42.9,
2020-2025,nonharedi_jew,cyber,other_body_nonreporters,family,6,6,1635,481,1590.4,29.5,27.3,31.8,
2020-2025,nonharedi_jew,cyber,other_body_nonreporters,government,6,4,1635,23,1590.4,1.4,0.9,2.1,
2020-2025,nonharedi_jew,cyber,other_body_nonreporters,isp,6,6,1635,62,1590.4,3.7,2.9,4.8,
2020-2025,nonharedi_jew,cyber,other_body_nonreporters,legal,6,6,1635,12,1590.4,0.7,0.4,1.3,
2020-2025,nonharedi_jew,cyber,other_body_nonreporters,none,6,6,1635,411,1590.4,25.0,23.0,27.2,
2020-2025,nonharedi_jew,cyber,other_body_nonreporters,other,6,6,1635,74,1590.4,4.4,3.5,5.5,
2020-2025,nonharedi_jew,cyber,other_body_nonreporters,professional,6,5,1635,107,1590.4,6.6,5.5,7.9,
2020-2025,nonharedi_jew,cyber,other_body_nonreporters,website,6,6,1635,124,1590.4,7.6,6.4,9.1,
2020-2025,nonharedi_jew,cyber,other_body_reporters,acquaintance,6,6,124,24,120.6,19.4,13.3,27.4,
2020-2025,nonharedi_jew,cyber,other_body_reporters,bank,6,5,124,37,120.6,29.9,22.5,38.6,
2020-2025,nonharedi_jew,cyber,other_body_reporters,family,6,6,124,45,120.6,36.1,28.1,45.0,
2020-2025,nonharedi_jew,cyber,other_body_reporters,government,6,4,124,10,120.6,8.9,5.0,15.4,
2020-2025,nonharedi_jew,cyber,other_body_reporters,isp,6,6,124,7,120.6,5.4,2.6,11.0,
2020-2025,nonharedi_jew,cyber,other_body_reporters,legal,6,6,124,7,120.6,5.7,2.8,11.4,
2020-2025,nonharedi_jew,cyber,other_body_reporters,none,6,6,124,25,120.6,20.0,13.8,28.0,
2020-2025,nonharedi_jew,cyber,other_body_reporters,other,6,6,124,18,120.6,14.0,8.9,21.3,
2020-2025,nonharedi_jew,cyber,other_body_reporters,professional,6,5,124,12,120.6,9.9,5.8,16.5,
2020-2025,nonharedi_jew,cyber,other_body_reporters,website,6,6,124,10,120.6,7.5,4.0,13.6,
2020-2025,nonharedi_jew,sexual_harassment,other_body,acquaintance,6,6,643,180,621.1,28.3,24.9,31.9,
2020-2025,nonharedi_jew,sexual_harassment,other_body,family,6,6,643,173,621.1,27.4,24.0,31.0,
2020-2025,nonharedi_jew,sexual_harassment,other_body,legal,6,6,643,9,621.1,1.5,0.8,2.8,
2020-2025,nonharedi_jew,sexual_harassment,other_body,medical,6,6,643,6,621.1,1.0,0.5,2.1,
2020-2025,nonharedi_jew,sexual_harassment,other_body,mental_health,6,6,643,59,621.1,9.3,7.3,11.8,
2020-2025,nonharedi_jew,sexual_harassment,other_body,ngo,6,6,643,13,621.1,2.0,1.2,3.5,
2020-2025,nonharedi_jew,sexual_harassment,other_body,none,6,6,643,296,621.1,45.4,41.5,49.3,
2020-2025,nonharedi_jew,sexual_harassment,other_body,other,6,6,643,8,621.1,1.5,0.8,2.8,
2020-2025,nonharedi_jew,sexual_harassment,other_body,welfare,6,6,643,16,621.1,2.7,1.7,4.2,
2020-2025,nonharedi_jew,sexual_harassment,other_body,workplace,6,6,643,74,621.1,11.3,9.1,14.1,
2020-2025,nonharedi_jew,sexual_harassment,other_body_nonreporters,acquaintance,6,6,616,171,594.8,28.0,24.6,31.8,
2020-2025,nonharedi_jew,sexual_harassment,other_body_nonreporters,family,6,6,616,162,594.8,26.8,23.4,30.5,
2020-2025,nonharedi_jew,sexual_harassment,other_body_nonreporters,legal,6,6,616,6,594.8,1.0,0.5,2.2,
2020-2025,nonharedi_jew,sexual_harassment,other_body_nonreporters,medical,6,6,616,5,594.8,0.8,0.4,2.0,
2020-2025,nonharedi_jew,sexual_harassment,other_body_nonreporters,mental_health,6,6,616,51,594.8,8.2,6.3,10.7,
2020-2025,nonharedi_jew,sexual_harassment,other_body_nonreporters,ngo,6,6,616,12,594.8,1.9,1.1,3.4,
2020-2025,nonharedi_jew,sexual_harassment,other_body_nonreporters,none,6,6,616,285,594.8,45.7,41.7,49.7,
2020-2025,nonharedi_jew,sexual_harassment,other_body_nonreporters,other,6,6,616,8,594.8,1.5,0.8,2.9,
2020-2025,nonharedi_jew,sexual_harassment,other_body_nonreporters,welfare,6,6,616,14,594.8,2.4,1.4,4.0,
2020-2025,nonharedi_jew,sexual_harassment,other_body_nonreporters,workplace,6,6,616,70,594.8,11.2,8.9,13.9,
2020-2025,nonharedi_jew,sexual_harassment,other_body_reporters,acquaintance,6,6,25,9,24.4,,,,suppressed_n_lt_30
2020-2025,nonharedi_jew,sexual_harassment,other_body_reporters,family,6,6,25,11,24.4,,,,suppressed_n_lt_30
2020-2025,nonharedi_jew,sexual_harassment,other_body_reporters,legal,6,6,25,3,24.4,,,,suppressed_n_lt_30
2020-2025,nonharedi_jew,sexual_harassment,other_body_reporters,medical,6,6,25,1,24.4,,,,suppressed_n_lt_30
2020-2025,nonharedi_jew,sexual_harassment,other_body_reporters,mental_health,6,6,25,8,24.4,,,,suppressed_n_lt_30
2020-2025,nonharedi_jew,sexual_harassment,other_body_reporters,ngo,6,6,25,1,24.4,,,,suppressed_n_lt_30
2020-2025,nonharedi_jew,sexual_harassment,other_body_reporters,none,6,6,25,9,24.4,,,,suppressed_n_lt_30
2020-2025,nonharedi_jew,sexual_harassment,other_body_reporters,other,6,6,25,0,24.4,,,,suppressed_n_lt_30
2020-2025,nonharedi_jew,sexual_harassment,other_body_reporters,welfare,6,6,25,2,24.4,,,,suppressed_n_lt_30
2020-2025,nonharedi_jew,sexual_harassment,other_body_reporters,workplace,6,6,25,4,24.4,,,,suppressed_n_lt_30
2020-2025,nonharedi_jew,violence_threat,other_body,acquaintance,6,6,707,176,685.3,24.7,21.6,28.1,
2020-2025,nonharedi_jew,violence_threat,other_body,family,6,6,707,237,685.3,33.7,30.2,37.3,
2020-2025,nonharedi_jew,violence_threat,other_body,legal,6,6,707,36,685.3,4.7,3.4,6.6,
2020-2025,nonharedi_jew,violence_threat,other_body,medical,6,6,707,36,685.3,5.2,3.8,7.1,
2020-2025,nonharedi_jew,violence_threat,other_body,mental_health,6,6,707,57,685.3,8.2,6.4,10.5,
2020-2025,nonharedi_jew,violence_threat,other_body,ngo,6,6,707,8,685.3,1.1,0.6,2.2,
2020-2025,nonharedi_jew,violence_threat,other_body,none,6,6,707,307,685.3,43.6,40.0,47.4,
2020-2025,nonharedi_jew,violence_threat,other_body,other,6,6,707,36,685.3,4.7,3.4,6.6,
2020-2025,nonharedi_jew,violence_threat,other_body,welfare,6,6,707,23,685.3,2.8,1.8,4.4,
2020-2025,nonharedi_jew,violence_threat,other_body,workplace,6,6,707,121,685.3,17.0,14.4,20.0,
2020-2025,nonharedi_jew,violence_threat,other_body_nonreporters,acquaintance,6,6,504,115,488.8,22.6,19.1,26.5,
2020-2025,nonharedi_jew,violence_threat,other_body_nonreporters,family,6,6,504,163,488.8,32.6,28.6,36.9,
2020-2025,nonharedi_jew,violence_threat,other_body_nonreporters,legal,6,6,504,10,488.8,2.1,1.1,3.8,
2020-2025,nonharedi_jew,violence_threat,other_body_nonreporters,medical,6,6,504,8,488.8,1.6,0.8,3.2,
2020-2025,nonharedi_jew,violence_threat,other_body_nonreporters,mental_health,6,6,504,28,488.8,5.7,4.0,8.1,
2020-2025,nonharedi_jew,violence_threat,other_body_nonreporters,ngo,6,6,504,5,488.8,1.1,0.5,2.5,
2020-2025,nonharedi_jew,violence_threat,other_body_nonreporters,none,6,6,504,230,488.8,45.7,41.3,50.1,
2020-2025,nonharedi_jew,violence_threat,other_body_nonreporters,other,6,6,504,20,488.8,3.5,2.2,5.5,
2020-2025,nonharedi_jew,violence_threat,other_body_nonreporters,welfare,6,6,504,6,488.8,1.1,0.5,2.5,
2020-2025,nonharedi_jew,violence_threat,other_body_nonreporters,workplace,6,6,504,86,488.8,17.2,14.1,20.8,
2020-2025,nonharedi_jew,violence_threat,other_body_reporters,acquaintance,6,6,203,61,196.7,30.1,24.1,36.8,
2020-2025,nonharedi_jew,violence_threat,other_body_reporters,family,6,6,203,74,196.7,36.4,29.9,43.3,
2020-2025,nonharedi_jew,violence_threat,other_body_reporters,legal,6,6,203,26,196.7,11.5,7.7,16.7,
2020-2025,nonharedi_jew,violence_threat,other_body_reporters,medical,6,6,203,28,196.7,14.3,10.1,19.9,
2020-2025,nonharedi_jew,violence_threat,other_body_reporters,mental_health,6,6,203,29,196.7,14.6,10.3,20.2,
2020-2025,nonharedi_jew,violence_threat,other_body_reporters,ngo,6,6,203,3,196.7,1.2,0.4,3.9,
2020-2025,nonharedi_jew,violence_threat,other_body_reporters,none,6,6,203,77,196.7,38.3,31.8,45.3,
2020-2025,nonharedi_jew,violence_threat,other_body_reporters,other,6,6,203,16,196.7,7.9,4.9,12.5,
2020-2025,nonharedi_jew,violence_threat,other_body_reporters,welfare,6,6,203,17,196.7,7.2,4.3,11.7,
2020-2025,nonharedi_jew,violence_threat,other_body_reporters,workplace,6,6,203,35,196.7,16.6,12.0,22.4,
