period,group,crime_type,measure,category,years,years_offered,n_base,n_cases,n_eff_kish,pct,ci95_low,ci95_high,flag
2015-2019,all_20plus,all_personal,reason_broad,handled_otherwise,5,4,2400,268,2296.2,11.1,9.9,12.5,
2015-2019,all_20plus,all_personal,reason_broad,not_worth_it,5,5,2400,639,2296.2,26.3,24.5,28.1,
2015-2019,all_20plus,all_personal,reason_broad,other,5,5,2400,322,2296.2,13.5,12.2,15.0,
2015-2019,all_20plus,all_personal,reason_broad,police_wont_help,5,5,2400,1066,2296.2,44.6,42.6,46.7,
2015-2019,all_20plus,all_personal,reason_broad,shame_fear,5,5,2400,105,2296.2,4.4,3.7,5.4,
2015-2019,all_20plus,all_personal,reason_not_reported,ashamed,5,5,2400,51,2296.2,2.1,1.6,2.8,
2015-2019,all_20plus,all_personal,reason_not_reported,didnt_know_police_handles,5,0,2400,0,2296.2,0.0,0.0,0.2,
2015-2019,all_20plus,all_personal,reason_not_reported,fear_revenge,5,5,2400,54,2296.2,2.3,1.8,3.0,
2015-2019,all_20plus,all_personal,reason_not_reported,handled_self,5,0,2400,0,2296.2,0.0,0.0,0.2,
2015-2019,all_20plus,all_personal,reason_not_reported,not_worth_bothering,5,5,2400,393,2296.2,16.2,14.7,17.8,
2015-2019,all_20plus,all_personal,reason_not_reported,other,5,5,2400,322,2296.2,13.5,12.2,15.0,
2015-2019,all_20plus,all_personal,reason_not_reported,personal_time,5,4,2400,246,2296.2,10.1,8.9,11.4,
2015-2019,all_20plus,all_personal,reason_not_reported,police_ineffective_past,5,5,2400,363,2296.2,15.2,13.8,16.7,
2015-2019,all_20plus,all_personal,reason_not_reported,police_unable,5,5,2400,409,2296.2,17.1,15.6,18.7,
2015-2019,all_20plus,all_personal,reason_not_reported,police_unwilling,5,5,2400,294,2296.2,12.3,11.1,13.7,
2015-2019,all_20plus,all_personal,reason_not_reported,turned_elsewhere,5,4,2400,268,2296.2,11.1,9.9,12.5,
2015-2019,all_20plus,all_personal_excl_cyber,reason_broad,handled_otherwise,5,4,1583,111,1514.5,7.0,5.8,8.4,
2015-2019,all_20plus,all_personal_excl_cyber,reason_broad,not_worth_it,5,5,1583,447,1514.5,27.7,25.5,30.0,
2015-2019,all_20plus,all_personal_excl_cyber,reason_broad,other,5,5,1583,195,1514.5,12.4,10.9,14.2,
2015-2019,all_20plus,all_personal_excl_cyber,reason_broad,police_wont_help,5,5,1583,746,1514.5,47.6,45.1,50.1,
2015-2019,all_20plus,all_personal_excl_cyber,reason_broad,shame_fear,5,5,1583,84,1514.5,5.3,4.3,6.5,
2015-2019,all_20plus,all_personal_excl_cyber,reason_not_reported,ashamed,5,5,1583,41,1514.5,2.5,1.8,3.4,
2015-2019,all_20plus,all_personal_excl_cyber,reason_not_reported,fear_revenge,5,5,1583,43,1514.5,2.8,2.1,3.7,
2015-2019,all_20plus,all_personal_excl_cyber,reason_not_reported,handled_self,5,0,1583,0,1514.5,0.0,0.0,0.3,
2015-2019,all_20plus,all_personal_excl_cyber,reason_not_reported,not_worth_bothering,5,5,1583,266,1514.5,16.4,14.7,18.4,
2015-2019,all_20plus,all_personal_excl_cyber,reason_not_reported,other,5,5,1583,195,1514.5,12.4,10.9,14.2,
2015-2019,all_20plus,all_personal_excl_cyber,reason_not_reported,personal_time,5,4,1583,181,1514.5,11.3,9.8,13.0,
2015-2019,all_20plus,all_personal_excl_cyber,reason_not_reported,police_ineffective_past,5,5,1583,284,1514.5,18.1,16.2,20.1,
2015-2019,all_20plus,all_personal_excl_cyber,reason_not_reported,police_unable,5,5,1583,250,1514.5,16.0,14.2,17.9,
2015-2019,all_20plus,all_personal_excl_cyber,reason_not_reported,police_unwilling,5,5,1583,212,1514.5,13.5,11.9,15.3,
2015-2019,all_20plus,all_personal_excl_cyber,reason_not_reported,turned_elsewhere,5,4,1583,111,1514.5,7.0,5.8,8.4,
2015-2019,all_20plus,cyber,reason_broad,handled_otherwise,5,4,817,157,781.8,19.2,16.6,22.1,
2015-2019,all_20plus,cyber,reason_broad,not_worth_it,5,5,817,192,781.8,23.5,20.7,26.6,
2015-2019,all_20plus,cyber,reason_broad,other,5,5,817,127,781.8,15.7,13.4,18.5,
2015-2019,all_20plus,cyber,reason_broad,police_wont_help,5,5,817,320,781.8,38.8,35.4,42.2,
2015-2019,all_20plus,cyber,reason_broad,shame_fear,5,5,817,21,781.8,2.8,1.9,4.2,
2015-2019,all_20plus,cyber,reason_not_reported,ashamed,5,5,817,10,781.8,1.4,0.8,2.5,
2015-2019,all_20plus,cyber,reason_not_reported,didnt_know_police_handles,5,0,817,0,781.8,0.0,0.0,0.5,
2015-2019,all_20plus,cyber,reason_not_reported,fear_revenge,5,5,817,11,781.8,1.4,0.8,2.5,
2015-2019,all_20plus,cyber,reason_not_reported,handled_self,5,0,817,0,781.8,0.0,0.0,0.5,
2015-2019,all_20plus,cyber,reason_not_reported,not_worth_bothering,5,5,817,127,781.8,15.7,13.3,18.4,
2015-2019,all_20plus,cyber,reason_not_reported,other,5,5,817,127,781.8,15.7,13.4,18.5,
2015-2019,all_20plus,cyber,reason_not_reported,personal_time,5,4,817,65,781.8,7.8,6.1,9.9,
2015-2019,all_20plus,cyber,reason_not_reported,police_ineffective_past,5,5,817,79,781.8,9.4,7.6,11.7,
2015-2019,all_20plus,cyber,reason_not_reported,police_unable,5,5,817,159,781.8,19.3,16.7,22.2,
2015-2019,all_20plus,cyber,reason_not_reported,police_unwilling,5,5,817,82,781.8,10.0,8.1,12.3,
2015-2019,all_20plus,cyber,reason_not_reported,turned_elsewhere,5,4,817,157,781.8,19.2,16.6,22.1,
2015-2019,all_20plus,sexual_harassment,reason_broad,handled_otherwise,5,4,546,24,521.3,4.4,3.0,6.6,
2015-2019,all_20plus,sexual_harassment,reason_broad,not_worth_it,5,5,546,213,521.3,38.4,34.3,42.6,
2015-2019,all_20plus,sexual_harassment,reason_broad,other,5,5,546,87,521.3,16.7,13.7,20.1,
2015-2019,all_20plus,sexual_harassment,reason_broad,police_wont_help,5,5,546,174,521.3,31.8,28.0,36.0,
2015-2019,all_20plus,sexual_harassment,reason_broad,shame_fear,5,5,546,48,521.3,8.7,6.6,11.4,
2015-2019,all_20plus,sexual_harassment,reason_not_reported,ashamed,5,5,546,37,521.3,6.5,4.7,8.9,
2015-2019,all_20plus,sexual_harassment,reason_not_reported,fear_revenge,5,5,546,11,521.3,2.2,1.3,3.9,
2015-2019,all_20plus,sexual_harassment,reason_not_reported,handled_self,5,0,546,0,521.3,0.0,0.0,0.7,
2015-2019,all_20plus,sexual_harassment,reason_not_reported,not_worth_bothering,5,5,546,142,521.3,25.5,21.9,29.4,
2015-2019,all_20plus,sexual_harassment,reason_not_reported,other,5,5,546,87,521.3,16.7,13.7,20.1,
2015-2019,all_20plus,sexual_harassment,reason_not_reported,personal_time,5,4,546,71,521.3,12.9,10.2,16.0,
2015-2019,all_20plus,sexual_harassment,reason_not_reported,police_ineffective_past,5,5,546,49,521.3,9.2,7.0,11.9,
2015-2019,all_20plus,sexual_harassment,reason_not_reported,police_unable,5,5,546,59,521.3,10.9,8.5,13.9,
2015-2019,all_20plus,sexual_harassment,reason_not_reported,police_unwilling,5,5,546,66,521.3,11.8,9.3,14.8,
2015-2019,all_20plus,sexual_harassment,reason_not_reported,turned_elsewhere,5,4,546,24,521.3,4.4,3.0,6.6,
2015-2019,all_20plus,theft,reason_broad,handled_otherwise,5,4,551,39,527.5,7.1,5.2,9.6,
2015-2019,all_20plus,theft,reason_broad,not_worth_it,5,5,551,138,527.5,24.3,20.8,28.1,
2015-2019,all_20plus,theft,reason_broad,other,5,5,551,57,527.5,9.8,7.6,12.6,
2015-2019,all_20plus,theft,reason_broad,police_wont_help,5,5,551,317,527.5,58.8,54.6,63.0,
2015-2019,all_20plus,theft,reason_not_reported,handled_self,5,0,551,0,527.5,0.0,0.0,0.7,
2015-2019,all_20plus,theft,reason_not_reported,not_worth_bothering,5,5,551,76,527.5,13.4,10.7,16.6,
2015-2019,all_20plus,theft,reason_not_reported,other,5,5,551,57,527.5,9.8,7.6,12.6,
2015-2019,all_20plus,theft,reason_not_reported,personal_time,5,4,551,62,527.5,10.9,8.5,13.9,
2015-2019,all_20plus,theft,reason_not_reported,police_ineffective_past,5,5,551,116,527.5,21.6,18.3,25.3,
2015-2019,all_20plus,theft,reason_not_reported,police_unable,5,5,551,124,527.5,22.7,19.4,26.5,
2015-2019,all_20plus,theft,reason_not_reported,police_unwilling,5,5,551,77,527.5,14.5,11.8,17.8,
2015-2019,all_20plus,theft,reason_not_reported,turned_elsewhere,5,4,551,39,527.5,7.1,5.2,9.6,
2015-2019,all_20plus,violence_threat,reason_broad,handled_otherwise,5,4,486,48,465.9,9.9,7.5,12.9,
2015-2019,all_20plus,violence_threat,reason_broad,not_worth_it,5,5,486,96,465.9,19.5,16.1,23.3,
2015-2019,all_20plus,violence_threat,reason_broad,other,5,5,486,51,465.9,10.6,8.1,13.7,
2015-2019,all_20plus,violence_threat,reason_broad,police_wont_help,5,5,486,255,465.9,52.6,48.0,57.1,
2015-2019,all_20plus,violence_threat,reason_broad,shame_fear,5,5,486,36,465.9,7.5,5.4,10.2,
2015-2019,all_20plus,violence_threat,reason_not_reported,ashamed,5,5,486,4,465.9,0.9,0.3,2.2,
2015-2019,all_20plus,violence_threat,reason_not_reported,fear_revenge,5,5,486,32,465.9,6.6,4.7,9.2,
2015-2019,all_20plus,violence_threat,reason_not_reported,handled_self,5,0,486,0,465.9,0.0,0.0,0.8,
2015-2019,all_20plus,violence_threat,reason_not_reported,not_worth_bothering,5,5,486,48,465.9,9.6,7.3,12.7,
2015-2019,all_20plus,violence_threat,reason_not_reported,other,5,5,486,51,465.9,10.6,8.1,13.7,
2015-2019,all_20plus,violence_threat,reason_not_reported,personal_time,5,4,486,48,465.9,9.9,7.5,12.9,
2015-2019,all_20plus,violence_threat,reason_not_reported,police_ineffective_past,5,5,486,119,465.9,24.3,20.7,28.4,
2015-2019,all_20plus,violence_threat,reason_not_reported,police_unable,5,5,486,67,465.9,13.9,11.0,17.3,
2015-2019,all_20plus,violence_threat,reason_not_reported,police_unwilling,5,5,486,69,465.9,14.4,11.5,17.8,
2015-2019,all_20plus,violence_threat,reason_not_reported,turned_elsewhere,5,4,486,48,465.9,9.9,7.5,12.9,
2015-2019,haredi,all_personal,reason_broad,handled_otherwise,5,4,135,12,131.7,8.6,4.9,14.6,
2015-2019,haredi,all_personal,reason_broad,not_worth_it,5,5,135,49,131.7,35.5,27.8,43.9,
2015-2019,haredi,all_personal,reason_broad,other,5,5,135,12,131.7,9.4,5.5,15.6,
2015-2019,haredi,all_personal,reason_broad,police_wont_help,5,5,135,55,131.7,41.5,33.4,50.0,
2015-2019,haredi,all_personal,reason_broad,shame_fear,5,5,135,7,131.7,5.1,2.4,10.2,
2015-2019,haredi,all_personal,reason_not_reported,ashamed,5,5,135,2,131.7,1.4,0.4,5.2,
2015-2019,haredi,all_personal,reason_not_reported,didnt_know_police_handles,5,0,135,0,131.7,0.0,0.0,2.8,
2015-2019,haredi,all_personal,reason_not_reported,fear_revenge,5,5,135,5,131.7,3.7,1.5,8.4,
2015-2019,haredi,all_personal,reason_not_reported,handled_self,5,0,135,0,131.7,0.0,0.0,2.8,
2015-2019,haredi,all_personal,reason_not_reported,not_worth_bothering,5,5,135,29,131.7,20.0,14.1,27.7,
2015-2019,haredi,all_personal,reason_not_reported,other,5,5,135,12,131.7,9.4,5.5,15.6,
2015-2019,haredi,all_personal,reason_not_reported,personal_time,5,4,135,20,131.7,15.4,10.3,22.6,
2015-2019,haredi,all_personal,reason_not_reported,police_ineffective_past,5,5,135,17,131.7,12.7,8.1,19.5,
2015-2019,haredi,all_personal,reason_not_reported,police_unable,5,5,135,27,131.7,20.5,14.5,28.2,
2015-2019,haredi,all_personal,reason_not_reported,police_unwilling,5,5,135,11,131.7,8.3,4.7,14.2,
2015-2019,haredi,all_personal,reason_not_reported,turned_elsewhere,5,4,135,12,131.7,8.6,4.9,14.6,
2015-2019,haredi,all_personal_excl_cyber,reason_broad,handled_otherwise,5,4,104,7,101.2,6.7,3.2,13.3,
2015-2019,haredi,all_personal_excl_cyber,reason_broad,not_worth_it,5,5,104,39,101.2,36.6,27.9,46.3,
2015-2019,haredi,all_personal_excl_cyber,reason_broad,other,5,5,104,9,101.2,9.1,4.9,16.3,
2015-2019,haredi,all_personal_excl_cyber,reason_broad,police_wont_help,5,5,104,45,101.2,43.9,34.6,53.6,
2015-2019,haredi,all_personal_excl_cyber,reason_broad,shame_fear,5,5,104,4,101.2,3.7,1.4,9.4,
2015-2019,haredi,all_personal_excl_cyber,reason_not_reported,ashamed,5,5,104,0,101.2,0.0,0.0,3.7,
2015-2019,haredi,all_personal_excl_cyber,reason_not_reported,fear_revenge,5,5,104,4,101.2,3.7,1.4,9.4,
2015-2019,haredi,all_personal_excl_cyber,reason_not_reported,handled_self,5,0,104,0,101.2,0.0,0.0,3.7,
2015-2019,haredi,all_personal_excl_cyber,reason_not_reported,not_worth_bothering,5,5,104,24,101.2,21.5,14.6,30.5,
2015-2019,haredi,all_personal_excl_cyber,reason_not_reported,other,5,5,104,9,101.2,9.1,4.9,16.3,
2015-2019,haredi,all_personal_excl_cyber,reason_not_reported,personal_time,5,4,104,15,101.2,15.1,9.4,23.3,
2015-2019,haredi,all_personal_excl_cyber,reason_not_reported,police_ineffective_past,5,5,104,15,101.2,14.6,9.0,22.8,
2015-2019,haredi,all_personal_excl_cyber,reason_not_reported,police_unable,5,5,104,20,101.2,19.5,13.0,28.3,
2015-2019,haredi,all_personal_excl_cyber,reason_not_reported,police_unwilling,5,5,104,10,101.2,9.8,5.4,17.2,
2015-2019,haredi,all_personal_excl_cyber,reason_not_reported,turned_elsewhere,5,4,104,7,101.2,6.7,3.2,13.3,
2015-2019,haredi,cyber,reason_broad,handled_otherwise,5,4,31,5,30.5,15.2,6.5,31.7,warn_n_30_49
2015-2019,haredi,cyber,reason_broad,not_worth_it,5,5,31,10,30.5,31.6,18.0,49.3,warn_n_30_49
2015-2019,haredi,cyber,reason_broad,other,5,5,31,3,30.5,10.3,3.7,25.8,warn_n_30_49
2015-2019,haredi,cyber,reason_broad,police_wont_help,5,5,31,10,30.5,33.2,19.3,51.0,warn_n_30_49
2015-2019,haredi,cyber,reason_broad,shame_fear,5,5,31,3,30.5,9.6,3.3,25.0,warn_n_30_49
2015-2019,haredi,cyber,reason_not_reported,ashamed,5,5,31,2,30.5,6.2,1.7,20.5,warn_n_30_49
2015-2019,haredi,cyber,reason_not_reported,didnt_know_police_handles,5,0,31,0,30.5,0.0,0.0,11.2,warn_n_30_49
2015-2019,haredi,cyber,reason_not_reported,fear_revenge,5,5,31,1,30.5,3.4,0.6,16.7,warn_n_30_49
2015-2019,haredi,cyber,reason_not_reported,handled_self,5,0,31,0,30.5,0.0,0.0,11.2,warn_n_30_49
2015-2019,haredi,cyber,reason_not_reported,not_worth_bothering,5,5,31,5,30.5,15.0,6.3,31.4,warn_n_30_49
2015-2019,haredi,cyber,reason_not_reported,other,5,5,31,3,30.5,10.3,3.7,25.8,warn_n_30_49
2015-2019,haredi,cyber,reason_not_reported,personal_time,5,4,31,5,30.5,16.6,7.4,33.4,warn_n_30_49
2015-2019,haredi,cyber,reason_not_reported,police_ineffective_past,5,5,31,2,30.5,6.4,1.8,20.8,warn_n_30_49
2015-2019,haredi,cyber,reason_not_reported,police_unable,5,5,31,7,30.5,23.9,12.3,41.4,warn_n_30_49
2015-2019,haredi,cyber,reason_not_reported,police_unwilling,5,5,31,1,30.5,2.9,0.5,15.9,warn_n_30_49
2015-2019,haredi,cyber,reason_not_reported,turned_elsewhere,5,4,31,5,30.5,15.2,6.5,31.7,warn_n_30_49
2015-2019,haredi,sexual_harassment,reason_broad,handled_otherwise,5,4,19,0,18.3,,,,suppressed_n_lt_30
2015-2019,haredi,sexual_harassment,reason_broad,not_worth_it,5,5,19,8,18.3,,,,suppressed_n_lt_30
2015-2019,haredi,sexual_harassment,reason_broad,other,5,5,19,4,18.3,,,,suppressed_n_lt_30
2015-2019,haredi,sexual_harassment,reason_broad,police_wont_help,5,5,19,6,18.3,,,,suppressed_n_lt_30
2015-2019,haredi,sexual_harassment,reason_broad,shame_fear,5,5,19,1,18.3,,,,suppressed_n_lt_30
2015-2019,haredi,sexual_harassment,reason_not_reported,ashamed,5,5,19,0,18.3,,,,suppressed_n_lt_30
2015-2019,haredi,sexual_harassment,reason_not_reported,fear_revenge,5,5,19,1,18.3,,,,suppressed_n_lt_30
2015-2019,haredi,sexual_harassment,reason_not_reported,handled_self,5,0,19,0,18.3,,,,suppressed_n_lt_30
2015-2019,haredi,sexual_harassment,reason_not_reported,not_worth_bothering,5,5,19,4,18.3,,,,suppressed_n_lt_30
2015-2019,haredi,sexual_harassment,reason_not_reported,other,5,5,19,4,18.3,,,,suppressed_n_lt_30
2015-2019,haredi,sexual_harassment,reason_not_reported,personal_time,5,4,19,4,18.3,,,,suppressed_n_lt_30
2015-2019,haredi,sexual_harassment,reason_not_reported,police_ineffective_past,5,5,19,1,18.3,,,,suppressed_n_lt_30
2015-2019,haredi,sexual_harassment,reason_not_reported,police_unable,5,5,19,4,18.3,,,,suppressed_n_lt_30
2015-2019,haredi,sexual_harassment,reason_not_reported,police_unwilling,5,5,19,1,18.3,,,,suppressed_n_lt_30
2015-2019,haredi,sexual_harassment,reason_not_reported,turned_elsewhere,5,4,19,0,18.3,,,,suppressed_n_lt_30
2015-2019,haredi,theft,reason_broad,handled_otherwise,5,4,48,2,46.7,4.1,1.1,14.1,warn_n_30_49
2015-2019,haredi,theft,reason_broad,not_worth_it,5,5,48,21,46.7,42.6,29.5,56.8,warn_n_30_49
2015-2019,haredi,theft,reason_broad,other,5,5,48,4,46.7,8.6,3.4,20.1,warn_n_30_49
2015-2019,haredi,theft,reason_broad,police_wont_help,5,5,48,21,46.7,44.6,31.3,58.8,warn_n_30_49
2015-2019,haredi,theft,reason_not_reported,handled_self,5,0,48,0,46.7,0.0,0.0,7.6,warn_n_30_49
2015-2019,haredi,theft,reason_not_reported,not_worth_bothering,5,5,48,14,46.7,27.7,17.0,41.9,warn_n_30_49
2015-2019,haredi,theft,reason_not_reported,other,5,5,48,4,46.7,8.6,3.4,20.1,warn_n_30_49
2015-2019,haredi,theft,reason_not_reported,personal_time,5,4,48,7,46.7,14.9,7.4,27.7,warn_n_30_49
2015-2019,haredi,theft,reason_not_reported,police_ineffective_past,5,5,48,5,46.7,10.7,4.6,22.7,warn_n_30_49
2015-2019,haredi,theft,reason_not_reported,police_unable,5,5,48,11,46.7,22.7,13.1,36.5,warn_n_30_49
2015-2019,haredi,theft,reason_not_reported,police_unwilling,5,5,48,5,46.7,11.3,5.0,23.4,warn_n_30_49
2015-2019,haredi,theft,reason_not_reported,turned_elsewhere,5,4,48,2,46.7,4.1,1.1,14.1,warn_n_30_49
2015-2019,haredi,violence_threat,reason_broad,handled_otherwise,5,4,37,5,36.2,13.4,5.8,28.1,warn_n_30_49
2015-2019,haredi,violence_threat,reason_broad,not_worth_it,5,5,37,10,36.2,27.2,15.4,43.3,warn_n_30_49
2015-2019,haredi,violence_threat,reason_broad,other,5,5,37,1,36.2,2.4,0.4,13.5,warn_n_30_49
2015-2019,haredi,violence_threat,reason_broad,police_wont_help,5,5,37,18,36.2,49.2,33.8,64.8,warn_n_30_49
2015-2019,haredi,violence_threat,reason_broad,shame_fear,5,5,37,3,36.2,7.8,2.6,21.1,warn_n_30_49
2015-2019,haredi,violence_threat,reason_not_reported,ashamed,5,5,37,0,36.2,0.0,0.0,9.6,warn_n_30_49
2015-2019,haredi,violence_threat,reason_not_reported,fear_revenge,5,5,37,3,36.2,7.8,2.6,21.1,warn_n_30_49
2015-2019,haredi,violence_threat,reason_not_reported,handled_self,5,0,37,0,36.2,0.0,0.0,9.6,warn_n_30_49
2015-2019,haredi,violence_threat,reason_not_reported,not_worth_bothering,5,5,37,6,36.2,15.5,7.1,30.5,warn_n_30_49
2015-2019,haredi,violence_threat,reason_not_reported,other,5,5,37,1,36.2,2.4,0.4,13.5,warn_n_30_49
2015-2019,haredi,violence_threat,reason_not_reported,personal_time,5,4,37,4,36.2,11.6,4.7,25.9,warn_n_30_49
2015-2019,haredi,violence_threat,reason_not_reported,police_ineffective_past,5,5,37,9,36.2,25.1,13.9,41.2,warn_n_30_49
2015-2019,haredi,violence_threat,reason_not_reported,police_unable,5,5,37,5,36.2,14.0,6.2,28.8,warn_n_30_49
2015-2019,haredi,violence_threat,reason_not_reported,police_unwilling,5,5,37,4,36.2,10.1,3.8,24.0,warn_n_30_49
2015-2019,haredi,violence_threat,reason_not_reported,turned_elsewhere,5,4,37,5,36.2,13.4,5.8,28.1,warn_n_30_49
2015-2019,nonharedi_jew,all_personal,reason_broad,handled_otherwise,5,4,1877,218,1813.1,11.5,10.2,13.1,
2015-2019,nonharedi_jew,all_personal,reason_broad,not_worth_it,5,5,1877,492,1813.1,26.1,24.2,28.2,
2015-2019,nonharedi_jew,all_personal,reason_broad,other,5,5,1877,259,1813.1,13.8,12.3,15.5,
2015-2019,nonharedi_jew,all_personal,reason_broad,police_wont_help,5,5,1877,834,1813.1,44.6,42.3,46.9,
2015-2019,nonharedi_jew,all_personal,reason_broad,shame_fear,5,5,1877,74,1813.1,3.9,3.1,4.9,
2015-2019,nonharedi_jew,all_personal,reason_not_reported,ashamed,5,5,1877,37,1813.1,1.9,1.3,2.6,
2015-2019,nonharedi_jew,all_personal,reason_not_reported,didnt_know_police_handles,5,0,1877,0,1813.1,0.0,0.0,0.2,
2015-2019,nonharedi_jew,all_personal,reason_not_reported,fear_revenge,5,5,1877,37,1813.1,2.1,1.5,2.8,
2015-2019,nonharedi_jew,all_personal,reason_not_reported,handled_self,5,0,1877,0,1813.1,0.0,0.0,0.2,
2015-2019,nonharedi_jew,all_personal,reason_not_reported,not_worth_bothering,5,5,1877,312,1813.1,16.5,14.9,18.3,
2015-2019,nonharedi_jew,all_personal,reason_not_reported,other,5,5,1877,259,1813.1,13.8,12.3,15.5,
2015-2019,nonharedi_jew,all_personal,reason_not_reported,personal_time,5,4,1877,180,1813.1,9.6,8.4,11.1,
2015-2019,nonharedi_jew,all_personal,reason_not_reported,police_ineffective_past,5,5,1877,298,1813.1,15.9,14.3,17.7,
2015-2019,nonharedi_jew,all_personal,reason_not_reported,police_unable,5,5,1877,322,1813.1,17.2,15.6,19.0,
2015-2019,nonharedi_jew,all_personal,reason_not_reported,police_unwilling,5,5,1877,214,1813.1,11.4,10.0,13.0,
2015-2019,nonharedi_jew,all_personal,reason_not_reported,turned_elsewhere,5,4,1877,218,1813.1,11.5,10.2,13.1,
2015-2019,nonharedi_jew,all_personal_excl_cyber,reason_broad,handled_otherwise,5,4,1215,84,1174.0,6.9,5.6,8.5,
2015-2019,nonharedi_jew,all_personal_excl_cyber,reason_broad,not_worth_it,5,5,1215,337,1174.0,27.6,25.1,30.2,
2015-2019,nonharedi_jew,all_personal_excl_cyber,reason_broad,other,5,5,1215,154,1174.0,12.7,10.9,14.7,
2015-2019,nonharedi_jew,all_personal_excl_cyber,reason_broad,police_wont_help,5,5,1215,575,1174.0,47.5,44.6,50.4,
2015-2019,nonharedi_jew,all_personal_excl_cyber,reason_broad,shame_fear,5,5,1215,65,1174.0,5.3,4.2,6.8,
2015-2019,nonharedi_jew,all_personal_excl_cyber,reason_not_reported,ashamed,5,5,1215,33,1174.0,2.5,1.8,3.6,
2015-2019,nonharedi_jew,all_personal_excl_cyber,reason_not_reported,fear_revenge,5,5,1215,32,1174.0,2.8,2.0,3.9,
2015-2019,nonharedi_jew,all_personal_excl_cyber,reason_not_reported,handled_self,5,0,1215,0,1174.0,0.0,0.0,0.3,
2015-2019,nonharedi_jew,all_personal_excl_cyber,reason_not_reported,not_worth_bothering,5,5,1215,205,1174.0,16.7,14.7,19.0,
2015-2019,nonharedi_jew,all_personal_excl_cyber,reason_not_reported,other,5,5,1215,154,1174.0,12.7,10.9,14.7,
2015-2019,nonharedi_jew,all_personal_excl_cyber,reason_not_reported,personal_time,5,4,1215,132,1174.0,10.9,9.2,12.8,
2015-2019,nonharedi_jew,all_personal_excl_cyber,reason_not_reported,police_ineffective_past,5,5,1215,226,1174.0,18.7,16.6,21.1,
2015-2019,nonharedi_jew,all_personal_excl_cyber,reason_not_reported,police_unable,5,5,1215,200,1174.0,16.6,14.6,18.8,
2015-2019,nonharedi_jew,all_personal_excl_cyber,reason_not_reported,police_unwilling,5,5,1215,149,1174.0,12.2,10.4,14.2,
2015-2019,nonharedi_jew,all_personal_excl_cyber,reason_not_reported,turned_elsewhere,5,4,1215,84,1174.0,6.9,5.6,8.5,
2015-2019,nonharedi_jew,cyber,reason_broad,handled_otherwise,5,4,662,134,639.2,20.2,17.3,23.5,
2015-2019,nonharedi_jew,cyber,reason_broad,not_worth_it,5,5,662,155,639.2,23.4,20.3,26.8,
2015-2019,nonharedi_jew,cyber,reason_broad,other,5,5,662,105,639.2,15.9,13.2,18.9,
2015-2019,nonharedi_jew,cyber,reason_broad,police_wont_help,5,5,662,259,639.2,39.2,35.5,43.0,
2015-2019,nonharedi_jew,cyber,reason_broad,shame_fear,5,5,662,9,639.2,1.3,0.7,2.5,
2015-2019,nonharedi_jew,cyber,reason_not_reported,ashamed,5,5,662,4,639.2,0.6,0.2,1.6,
2015-2019,nonharedi_jew,cyber,reason_not_reported,didnt_know_police_handles,5,0,662,0,639.2,0.0,0.0,0.6,
2015-2019,nonharedi_jew,cyber,reason_not_reported,fear_revenge,5,5,662,5,639.2,0.7,0.3,1.7,
2015-2019,nonharedi_jew,cyber,reason_not_reported,handled_self,5,0,662,0,639.2,0.0,0.0,0.6,
2015-2019,nonharedi_jew,cyber,reason_not_reported,not_worth_bothering,5,5,662,107,639.2,16.1,13.4,19.1,
2015-2019,nonharedi_jew,cyber,reason_not_reported,other,5,5,662,105,639.2,15.9,13.2,18.9,
2015-2019,nonharedi_jew,cyber,reason_not_reported,personal_time,5,4,662,48,639.2,7.3,5.5,9.6,
2015-2019,nonharedi_jew,cyber,reason_not_reported,police_ineffective_past,5,5,662,72,639.2,10.7,8.6,13.4,
2015-2019,nonharedi_jew,cyber,reason_not_reported,police_unable,5,5,662,122,639.2,18.5,15.6,21.7,
2015-2019,nonharedi_jew,cyber,reason_not_reported,police_unwilling,5,5,662,65,639.2,10.0,7.9,12.5,
2015-2019,nonharedi_jew,cyber,reason_not_reported,turned_elsewhere,5,4,662,134,639.2,20.2,17.3,23.5,
2015-2019,nonharedi_jew,sexual_harassment,reason_broad,handled_otherwise,5,4,448,19,431.8,4.1,2.6,6.5,
2015-2019,nonharedi_jew,sexual_harassment,reason_broad,not_worth_it,5,5,448,181,431.8,40.3,35.7,45.0,
2015-2019,nonharedi_jew,sexual_harassment,reason_broad,other,5,5,448,67,431.8,15.4,12.3,19.1,
2015-2019,nonharedi_jew,sexual_harassment,reason_broad,police_wont_help,5,5,448,142,431.8,31.7,27.5,36.2,
2015-2019,nonharedi_jew,sexual_harassment,reason_broad,shame_fear,5,5,448,39,431.8,8.5,6.2,11.5,
2015-2019,nonharedi_jew,sexual_harassment,reason_not_reported,ashamed,5,5,448,30,431.8,6.2,4.3,8.9,
2015-2019,nonharedi_jew,sexual_harassment,reason_not_reported,fear_revenge,5,5,448,9,431.8,2.3,1.3,4.2,
2015-2019,nonharedi_jew,sexual_harassment,reason_not_reported,handled_self,5,0,448,0,431.8,0.0,0.0,0.9,
2015-2019,nonharedi_jew,sexual_harassment,reason_not_reported,not_worth_bothering,5,5,448,126,431.8,27.8,23.8,32.2,
2015-2019,nonharedi_jew,sexual_harassment,reason_not_reported,other,5,5,448,67,431.8,15.4,12.3,19.1,
2015-2019,nonharedi_jew,sexual_harassment,reason_not_reported,personal_time,5,4,448,55,431.8,12.5,9.7,15.9,
2015-2019,nonharedi_jew,sexual_harassment,reason_not_reported,police_ineffective_past,5,5,448,44,431.8,10.2,7.7,13.4,
2015-2019,nonharedi_jew,sexual_harassment,reason_not_reported,police_unable,5,5,448,48,431.8,10.8,8.2,14.1,
2015-2019,nonharedi_jew,sexual_harassment,reason_not_reported,police_unwilling,5,5,448,50,431.8,10.7,8.1,14.0,
2015-2019,nonharedi_jew,sexual_harassment,reason_not_reported,turned_elsewhere,5,4,448,19,431.8,4.1,2.6,6.5,
2015-2019,nonharedi_jew,theft,reason_broad,handled_otherwise,5,4,388,27,375.9,6.9,4.8,9.9,
2015-2019,nonharedi_jew,theft,reason_broad,not_worth_it,5,5,388,83,375.9,21.0,17.2,25.4,
2015-2019,nonharedi_jew,theft,reason_broad,other,5,5,388,45,375.9,11.3,8.5,14.9,
2015-2019,nonharedi_jew,theft,reason_broad,police_wont_help,5,5,388,233,375.9,60.8,55.8,65.6,
2015-2019,nonharedi_jew,theft,reason_not_reported,handled_self,5,0,388,0,375.9,0.0,0.0,1.0,
2015-2019,nonharedi_jew,theft,reason_not_reported,not_worth_bothering,5,5,388,43,375.9,10.8,8.1,14.4,
2015-2019,nonharedi_jew,theft,reason_not_reported,other,5,5,388,45,375.9,11.3,8.5,14.9,
2015-2019,nonharedi_jew,theft,reason_not_reported,personal_time,5,4,388,40,375.9,10.1,7.5,13.6,
2015-2019,nonharedi_jew,theft,reason_not_reported,police_ineffective_past,5,5,388,84,375.9,21.9,18.0,26.4,
2015-2019,nonharedi_jew,theft,reason_not_reported,police_unable,5,5,388,96,375.9,25.1,21.0,29.7,
2015-2019,nonharedi_jew,theft,reason_not_reported,police_unwilling,5,5,388,53,375.9,13.8,10.6,17.6,
2015-2019,nonharedi_jew,theft,reason_not_reported,turned_elsewhere,5,4,388,27,375.9,6.9,4.8,9.9,
2015-2019,nonharedi_jew,violence_threat,reason_broad,handled_otherwise,5,4,379,38,366.5,10.1,7.4,13.6,
2015-2019,nonharedi_jew,violence_threat,reason_broad,not_worth_it,5,5,379,73,366.5,19.3,15.6,23.6,
2015-2019,nonharedi_jew,violence_threat,reason_broad,other,5,5,379,42,366.5,10.9,8.1,14.5,
2015-2019,nonharedi_jew,violence_threat,reason_broad,police_wont_help,5,5,379,200,366.5,52.8,47.7,57.8,
2015-2019,nonharedi_jew,violence_threat,reason_broad,shame_fear,5,5,379,26,366.5,7.0,4.8,10.1,
2015-2019,nonharedi_jew,violence_threat,reason_not_reported,ashamed,5,5,379,3,366.5,0.8,0.3,2.4,
2015-2019,nonharedi_jew,violence_threat,reason_not_reported,fear_revenge,5,5,379,23,366.5,6.2,4.1,9.1,
2015-2019,nonharedi_jew,violence_threat,reason_not_reported,handled_self,5,0,379,0,366.5,0.0,0.0,1.0,
2015-2019,nonharedi_jew,violence_threat,reason_not_reported,not_worth_bothering,5,5,379,36,366.5,9.5,6.9,13.0,
2015-2019,nonharedi_jew,violence_threat,reason_not_reported,other,5,5,379,42,366.5,10.9,8.1,14.5,
2015-2019,nonharedi_jew,violence_threat,reason_not_reported,personal_time,5,4,379,37,366.5,9.7,7.1,13.2,
2015-2019,nonharedi_jew,violence_threat,reason_not_reported,police_ineffective_past,5,5,379,98,366.5,25.7,21.5,30.4,
2015-2019,nonharedi_jew,violence_threat,reason_not_reported,police_unable,5,5,379,56,366.5,14.8,11.5,18.8,
2015-2019,nonharedi_jew,violence_threat,reason_not_reported,police_unwilling,5,5,379,46,366.5,12.3,9.3,16.1,
2015-2019,nonharedi_jew,violence_threat,reason_not_reported,turned_elsewhere,5,4,379,38,366.5,10.1,7.4,13.6,
2020-2022,all_20plus,all_personal,reason_broad,handled_otherwise,3,3,1737,431,1680.6,24.8,22.8,26.9,
2020-2022,all_20plus,all_personal,reason_broad,not_worth_it,3,3,1737,403,1680.6,23.2,21.2,25.3,
2020-2022,all_20plus,all_personal,reason_broad,other,3,3,1737,88,1680.6,5.0,4.1,6.2,
2020-2022,all_20plus,all_personal,reason_broad,police_wont_help,3,3,1737,725,1680.6,41.9,39.5,44.2,
2020-2022,all_20plus,all_personal,reason_broad,shame_fear,3,3,1737,90,1680.6,5.1,4.2,6.3,
2020-2022,all_20plus,all_personal,reason_not_reported,ashamed,3,3,1737,51,1680.6,3.0,2.3,3.9,
2020-2022,all_20plus,all_personal,reason_not_reported,didnt_know_police_handles,3,1,1737,27,1680.6,1.6,1.1,2.3,
2020-2022,all_20plus,all_personal,reason_not_reported,fear_revenge,3,3,1737,39,1680.6,2.1,1.5,2.9,
2020-2022,all_20plus,all_personal,reason_not_reported,handled_self,3,3,1737,190,1680.6,10.8,9.4,12.4,
2020-2022,all_20plus,all_personal,reason_not_reported,not_worth_bothering,3,3,1737,226,1680.6,13.1,11.6,14.8,
2020-2022,all_20plus,all_personal,reason_not_reported,other,3,3,1737,88,1680.6,5.0,4.1,6.2,
2020-2022,all_20plus,all_personal,reason_not_reported,personal_time,3,3,1737,177,1680.6,10.1,8.7,11.6,
2020-2022,all_20plus,all_personal,reason_not_reported,police_ineffective_past,3,3,1737,206,1680.6,11.8,10.3,13.4,
2020-2022,all_20plus,all_personal,reason_not_reported,police_unable,3,3,1737,237,1680.6,13.7,12.2,15.5,
2020-2022,all_20plus,all_personal,reason_not_reported,police_unwilling,3,3,1737,255,1680.6,14.7,13.1,16.5,
2020-2022,all_20plus,all_personal,reason_not_reported,turned_elsewhere,3,3,1737,241,1680.6,14.0,12.4,15.7,
2020-2022,all_20plus,all_personal_excl_cyber,reason_broad,handled_otherwise,3,3,878,119,848.2,13.3,11.2,15.7,
2020-2022,all_20plus,all_personal_excl_cyber,reason_broad,not_worth_it,3,3,878,246,848.2,28.3,25.4,31.4,
2020-2022,all_20plus,all_personal_excl_cyber,reason_broad,other,3,3,878,44,848.2,5.0,3.7,6.7,
2020-2022,all_20plus,all_personal_excl_cyber,reason_broad,police_wont_help,3,3,878,417,848.2,47.8,44.5,51.2,
2020-2022,all_20plus,all_personal_excl_cyber,reason_broad,shame_fear,3,3,878,52,848.2,5.6,4.2,7.3,
2020-2022,all_20plus,all_personal_excl_cyber,reason_not_reported,ashamed,3,3,878,15,848.2,1.6,0.9,2.7,
2020-2022,all_20plus,all_personal_excl_cyber,reason_not_reported,fear_revenge,3,3,878,37,848.2,4.0,2.8,5.5,
2020-2022,all_20plus,all_personal_excl_cyber,reason_not_reported,handled_self,3,3,878,87,848.2,9.7,7.9,11.9,
2020-2022,all_20plus,all_personal_excl_cyber,reason_not_reported,not_worth_bothering,3,3,878,129,848.2,15.0,12.8,17.6,
2020-2022,all_20plus,all_personal_excl_cyber,reason_not_reported,other,3,3,878,44,848.2,5.0,3.7,6.7,
2020-2022,all_20plus,all_personal_excl_cyber,reason_not_reported,personal_time,3,3,878,117,848.2,13.3,11.2,15.7,
2020-2022,all_20plus,all_personal_excl_cyber,reason_not_reported,police_ineffective_past,3,3,878,131,848.2,14.8,12.6,17.4,
2020-2022,all_20plus,all_personal_excl_cyber,reason_not_reported,police_unable,3,3,878,134,848.2,15.5,13.2,18.1,
2020-2022,all_20plus,all_personal_excl_cyber,reason_not_reported,police_unwilling,3,3,878,152,848.2,17.5,15.1,20.2,
2020-2022,all_20plus,all_personal_excl_cyber,reason_not_reported,turned_elsewhere,3,3,878,32,848.2,3.6,2.5,5.0,
2020-2022,all_20plus,cyber,reason_broad,handled_otherwise,3,3,859,312,832.4,36.6,33.4,39.9,
2020-2022,all_20plus,cyber,reason_broad,not_worth_it,3,3,859,157,832.4,18.0,15.5,20.7,
2020-2022,all_20plus,cyber,reason_broad,other,3,3,859,44,832.4,5.0,3.7,6.7,
2020-2022,all_20plus,cyber,reason_broad,police_wont_help,3,3,859,308,832.4,35.8,32.6,39.1,
2020-2022,all_20plus,cyber,reason_broad,shame_fear,3,3,859,38,832.4,4.7,3.5,6.4,
2020-2022,all_20plus,cyber,reason_not_reported,ashamed,3,3,859,36,832.4,4.5,3.3,6.1,
2020-2022,all_20plus,cyber,reason_not_reported,didnt_know_police_handles,3,1,859,27,832.4,3.3,2.3,4.7,
2020-2022,all_20plus,cyber,reason_not_reported,fear_revenge,3,3,859,2,832.4,0.2,0.1,0.9,
2020-2022,all_20plus,cyber,reason_not_reported,handled_self,3,3,859,103,832.4,12.0,9.9,14.3,
2020-2022,all_20plus,cyber,reason_not_reported,not_worth_bothering,3,3,859,97,832.4,11.2,9.3,13.5,
2020-2022,all_20plus,cyber,reason_not_reported,other,3,3,859,44,832.4,5.0,3.7,6.7,
2020-2022,all_20plus,cyber,reason_not_reported,personal_time,3,3,859,60,832.4,6.7,5.2,8.7,
2020-2022,all_20plus,cyber,reason_not_reported,police_ineffective_past,3,3,859,75,832.4,8.6,6.9,10.7,
2020-2022,all_20plus,cyber,reason_not_reported,police_unable,3,3,859,103,832.4,12.0,9.9,14.3,
2020-2022,all_20plus,cyber,reason_not_reported,police_unwilling,3,3,859,103,832.4,11.9,9.9,14.3,
2020-2022,all_20plus,cyber,reason_not_reported,turned_elsewhere,3,3,859,209,832.4,24.6,21.8,27.7,
2020-2022,all_20plus,sexual_harassment,reason_broad,handled_otherwise,3,3,373,58,360.7,15.6,12.2,19.7,
2020-2022,all_20plus,sexual_harassment,reason_broad,not_worth_it,3,3,373,118,360.7,32.3,27.7,37.3,
2020-2022,all_20plus,sexual_harassment,reason_broad,other,3,3,373,18,360.7,5.1,3.3,7.9,
2020-2022,all_20plus,sexual_harassment,reason_broad,police_wont_help,3,3,373,155,360.7,41.0,36.1,46.2,
2020-2022,all_20plus,sexual_harassment,reason_broad,shame_fear,3,3,373,24,360.7,6.0,4.0,8.9,
2020-2022,all_20plus,sexual_harassment,reason_not_reported,ashamed,3,3,373,13,360.7,3.4,1.9,5.8,
2020-2022,all_20plus,sexual_harassment,reason_not_reported,fear_revenge,3,3,373,11,360.7,2.6,1.4,4.8,
2020-2022,all_20plus,sexual_harassment,reason_not_reported,handled_self,3,3,373,46,360.7,12.2,9.3,16.0,
2020-2022,all_20plus,sexual_harassment,reason_not_reported,not_worth_bothering,3,3,373,65,360.7,17.8,14.2,22.1,
2020-2022,all_20plus,sexual_harassment,reason_not_reported,other,3,3,373,18,360.7,5.1,3.3,7.9,
2020-2022,all_20plus,sexual_harassment,reason_not_reported,personal_time,3,3,373,53,360.7,14.5,11.2,18.5,
2020-2022,all_20plus,sexual_harassment,reason_not_reported,police_ineffective_past,3,3,373,45,360.7,11.5,8.6,15.2,
2020-2022,all_20plus,sexual_harassment,reason_not_reported,police_unable,3,3,373,47,360.7,12.3,9.3,16.1,
2020-2022,all_20plus,sexual_harassment,reason_not_reported,police_unwilling,3,3,373,63,360.7,17.2,13.6,21.4,
2020-2022,all_20plus,sexual_harassment,reason_not_reported,turned_elsewhere,3,3,373,12,360.7,3.3,1.9,5.7,
2020-2022,all_20plus,theft,reason_broad,handled_otherwise,3,3,207,28,199.3,12.9,8.9,18.2,
2020-2022,all_20plus,theft,reason_broad,not_worth_it,3,3,207,57,199.3,27.6,21.8,34.1,
2020-2022,all_20plus,theft,reason_broad,other,3,3,207,8,199.3,3.8,1.9,7.4,
2020-2022,all_20plus,theft,reason_broad,police_wont_help,3,3,207,114,199.3,55.8,48.9,62.5,
2020-2022,all_20plus,theft,reason_not_reported,handled_self,3,3,207,19,199.3,8.9,5.7,13.6,
2020-2022,all_20plus,theft,reason_not_reported,not_worth_bothering,3,3,207,24,199.3,11.6,7.9,16.8,
2020-2022,all_20plus,theft,reason_not_reported,other,3,3,207,8,199.3,3.8,1.9,7.4,
2020-2022,all_20plus,theft,reason_not_reported,personal_time,3,3,207,33,199.3,16.0,11.5,21.7,
2020-2022,all_20plus,theft,reason_not_reported,police_ineffective_past,3,3,207,29,199.3,13.5,9.4,18.9,
2020-2022,all_20plus,theft,reason_not_reported,police_unable,3,3,207,49,199.3,24.5,19.1,30.9,
2020-2022,all_20plus,theft,reason_not_reported,police_unwilling,3,3,207,36,199.3,17.8,13.1,23.7,
2020-2022,all_20plus,theft,reason_not_reported,turned_elsewhere,3,3,207,9,199.3,4.0,2.0,7.7,
2020-2022,all_20plus,violence_threat,reason_broad,handled_otherwise,3,3,298,33,288.2,10.8,7.7,14.9,
2020-2022,all_20plus,violence_threat,reason_broad,not_worth_it,3,3,298,71,288.2,23.8,19.3,29.1,
2020-2022,all_20plus,violence_threat,reason_broad,other,3,3,298,18,288.2,5.8,3.6,9.1,
2020-2022,all_20plus,violence_threat,reason_broad,police_wont_help,3,3,298,148,288.2,50.7,45.0,56.5,
2020-2022,all_20plus,violence_threat,reason_broad,shame_fear,3,3,298,28,288.2,8.9,6.1,12.7,
2020-2022,all_20plus,violence_threat,reason_not_reported,ashamed,3,3,298,2,288.2,0.5,0.1,2.2,
2020-2022,all_20plus,violence_threat,reason_not_reported,fear_revenge,3,3,298,26,288.2,8.4,5.7,12.1,
2020-2022,all_20plus,violence_threat,reason_not_reported,handled_self,3,3,298,22,288.2,7.2,4.8,10.8,
2020-2022,all_20plus,violence_threat,reason_not_reported,not_worth_bothering,3,3,298,40,288.2,13.9,10.4,18.4,
2020-2022,all_20plus,violence_threat,reason_not_reported,other,3,3,298,18,288.2,5.8,3.6,9.1,
2020-2022,all_20plus,violence_threat,reason_not_reported,personal_time,3,3,298,31,288.2,10.0,7.0,14.0,
2020-2022,all_20plus,violence_threat,reason_not_reported,police_ineffective_past,3,3,298,57,288.2,19.8,15.6,24.8,
2020-2022,all_20plus,violence_threat,reason_not_reported,police_unable,3,3,298,38,288.2,13.1,9.7,17.5,
2020-2022,all_20plus,violence_threat,reason_not_reported,police_unwilling,3,3,298,53,288.2,17.8,13.8,22.7,
2020-2022,all_20plus,violence_threat,reason_not_reported,turned_elsewhere,3,3,298,11,288.2,3.5,1.9,6.4,
2020-2022,haredi,all_personal,reason_broad,handled_otherwise,3,3,109,28,106.3,25.7,18.4,34.8,
2020-2022,haredi,all_personal,reason_broad,not_worth_it,3,3,109,23,106.3,21.4,14.7,30.2,
2020-2022,haredi,all_personal,reason_broad,other,3,3,109,6,106.3,5.5,2.5,11.6,
2020-2022,haredi,all_personal,reason_broad,police_wont_help,3,3,109,47,106.3,43.3,34.3,52.8,
2020-2022,haredi,all_personal,reason_broad,shame_fear,3,3,109,5,106.3,4.0,1.6,9.6,
2020-2022,haredi,all_personal,reason_not_reported,ashamed,3,3,109,2,106.3,1.9,0.5,6.6,
2020-2022,haredi,all_personal,reason_not_reported,didnt_know_police_handles,3,1,109,1,106.3,0.6,0.1,4.5,
2020-2022,haredi,all_personal,reason_not_reported,fear_revenge,3,3,109,3,106.3,2.1,0.6,7.0,
2020-2022,haredi,all_personal,reason_not_reported,handled_self,3,3,109,11,106.3,9.6,5.3,16.7,
2020-2022,haredi,all_personal,reason_not_reported,not_worth_bothering,3,3,109,14,106.3,13.2,8.1,21.0,
2020-2022,haredi,all_personal,reason_not_reported,other,3,3,109,6,106.3,5.5,2.5,11.6,
2020-2022,haredi,all_personal,reason_not_reported,personal_time,3,3,109,9,106.3,8.2,4.3,15.0,
2020-2022,haredi,all_personal,reason_not_reported,police_ineffective_past,3,3,109,15,106.3,14.0,8.7,21.9,
2020-2022,haredi,all_personal,reason_not_reported,police_unable,3,3,109,9,106.3,8.4,4.5,15.2,
2020-2022,haredi,all_personal,reason_not_reported,police_unwilling,3,3,109,22,106.3,20.3,13.8,29.0,
2020-2022,haredi,all_personal,reason_not_reported,turned_elsewhere,3,3,109,17,106.3,16.2,10.4,24.3,
2020-2022,haredi,all_personal_excl_cyber,reason_broad,handled_otherwise,3,3,61,8,59.7,13.1,6.7,23.9,
2020-2022,haredi,all_personal_excl_cyber,reason_broad,not_worth_it,3,3,61,15,59.7,25.2,15.9,37.5,
2020-2022,haredi,all_personal_excl_cyber,reason_broad,other,3,3,61,3,59.7,4.4,1.4,12.9,
2020-2022,haredi,all_personal_excl_cyber,reason_broad,police_wont_help,3,3,61,32,59.7,53.5,41.0,65.6,
2020-2022,haredi,all_personal_excl_cyber,reason_broad,shame_fear,3,3,61,3,59.7,3.8,1.1,12.1,
2020-2022,haredi,all_personal_excl_cyber,reason_not_reported,ashamed,3,3,61,0,59.7,0.0,0.0,6.0,
2020-2022,haredi,all_personal_excl_cyber,reason_not_reported,fear_revenge,3,3,61,3,59.7,3.8,1.1,12.1,
2020-2022,haredi,all_personal_excl_cyber,reason_not_reported,handled_self,3,3,61,5,59.7,8.1,3.5,17.8,
2020-2022,haredi,all_personal_excl_cyber,reason_not_reported,not_worth_bothering,3,3,61,9,59.7,15.4,8.4,26.6,
2020-2022,haredi,all_personal_excl_cyber,reason_not_reported,other,3,3,61,3,59.7,4.4,1.4,12.9,
2020-2022,haredi,all_personal_excl_cyber,reason_not_reported,personal_time,3,3,61,6,59.7,9.8,4.5,19.9,
2020-2022,haredi,all_personal_excl_cyber,reason_not_reported,police_ineffective_past,3,3,61,11,59.7,19.2,11.2,30.9,
2020-2022,haredi,all_personal_excl_cyber,reason_not_reported,police_unable,3,3,61,6,59.7,10.0,4.6,20.1,
2020-2022,haredi,all_personal_excl_cyber,reason_not_reported,police_unwilling,3,3,61,15,59.7,24.3,15.2,36.5,
2020-2022,haredi,all_personal_excl_cyber,reason_not_reported,turned_elsewhere,3,3,61,3,59.7,5.0,1.7,13.7,
2020-2022,haredi,cyber,reason_broad,handled_otherwise,3,3,48,20,46.6,41.4,28.5,55.7,warn_n_30_49
2020-2022,haredi,cyber,reason_broad,not_worth_it,3,3,48,8,46.6,16.8,8.7,29.9,warn_n_30_49
2020-2022,haredi,cyber,reason_broad,other,3,3,48,3,46.6,6.9,2.5,17.9,warn_n_30_49
2020-2022,haredi,cyber,reason_broad,police_wont_help,3,3,48,15,46.6,30.7,19.3,44.9,warn_n_30_49
2020-2022,haredi,cyber,reason_broad,shame_fear,3,3,48,2,46.6,4.2,1.2,14.3,warn_n_30_49
2020-2022,haredi,cyber,reason_not_reported,ashamed,3,3,48,2,46.6,4.2,1.2,14.3,warn_n_30_49
2020-2022,haredi,cyber,reason_not_reported,didnt_know_police_handles,3,1,48,1,46.6,1.3,0.2,9.8,warn_n_30_49
2020-2022,haredi,cyber,reason_not_reported,fear_revenge,3,3,48,0,46.6,0.0,0.0,7.6,warn_n_30_49
2020-2022,haredi,cyber,reason_not_reported,handled_self,3,3,48,6,46.6,11.4,5.1,23.6,warn_n_30_49
2020-2022,haredi,cyber,reason_not_reported,not_worth_bothering,3,3,48,5,46.6,10.5,4.5,22.5,warn_n_30_49
2020-2022,haredi,cyber,reason_not_reported,other,3,3,48,3,46.6,6.9,2.5,17.9,warn_n_30_49
2020-2022,haredi,cyber,reason_not_reported,personal_time,3,3,48,3,46.6,6.3,2.1,17.1,warn_n_30_49
2020-2022,haredi,cyber,reason_not_reported,police_ineffective_past,3,3,48,4,46.6,7.5,2.8,18.8,warn_n_30_49
2020-2022,haredi,cyber,reason_not_reported,police_unable,3,3,48,3,46.6,6.4,2.2,17.3,warn_n_30_49
2020-2022,haredi,cyber,reason_not_reported,police_unwilling,3,3,48,7,46.6,15.4,7.7,28.3,warn_n_30_49
2020-2022,haredi,cyber,reason_not_reported,turned_elsewhere,3,3,48,14,46.6,30.0,18.8,44.3,warn_n_30_49
2020-2022,haredi,sexual_harassment,reason_broad,handled_otherwise,3,3,12,4,11.7,,,,suppressed_n_lt_30
2020-2022,haredi,sexual_harassment,reason_broad,not_worth_it,3,3,12,2,11.7,,,,suppressed_n_lt_30
2020-2022,haredi,sexual_harassment,reason_broad,other,3,3,12,0,11.7,,,,suppressed_n_lt_30
2020-2022,haredi,sexual_harassment,reason_broad,police_wont_help,3,3,12,6,11.7,,,,suppressed_n_lt_30
2020-2022,haredi,sexual_harassment,reason_broad,shame_fear,3,3,12,0,11.7,,,,suppressed_n_lt_30
2020-2022,haredi,sexual_harassment,reason_not_reported,ashamed,3,3,12,0,11.7,,,,suppressed_n_lt_30
2020-2022,haredi,sexual_harassment,reason_not_reported,fear_revenge,3,3,12,0,11.7,,,,suppressed_n_lt_30
2020-2022,haredi,sexual_harassment,reason_not_reported,handled_self,3,3,12,3,11.7,,,,suppressed_n_lt_30
2020-2022,haredi,sexual_harassment,reason_not_reported,not_worth_bothering,3,3,12,1,11.7,,,,suppressed_n_lt_30
2020-2022,haredi,sexual_harassment,reason_not_reported,other,3,3,12,0,11.7,,,,suppressed_n_lt_30
2020-2022,haredi,sexual_harassment,reason_not_reported,personal_time,3,3,12,1,11.7,,,,suppressed_n_lt_30
2020-2022,haredi,sexual_harassment,reason_not_reported,police_ineffective_past,3,3,12,2,11.7,,,,suppressed_n_lt_30
2020-2022,haredi,sexual_harassment,reason_not_reported,police_unable,3,3,12,2,11.7,,,,suppressed_n_lt_30
2020-2022,haredi,sexual_harassment,reason_not_reported,police_unwilling,3,3,12,2,11.7,,,,suppressed_n_lt_30
2020-2022,haredi,sexual_harassment,reason_not_reported,turned_elsewhere,3,3,12,1,11.7,,,,suppressed_n_lt_30
2020-2022,haredi,theft,reason_broad,handled_otherwise,3,3,23,3,22.4,,,,suppressed_n_lt_30
2020-2022,haredi,theft,reason_broad,not_worth_it,3,3,23,6,22.4,,,,suppressed_n_lt_30
2020-2022,haredi,theft,reason_broad,other,3,3,23,2,22.4,,,,suppressed_n_lt_30
2020-2022,haredi,theft,reason_broad,police_wont_help,3,3,23,12,22.4,,,,suppressed_n_lt_30
2020-2022,haredi,theft,reason_not_reported,handled_self,3,3,23,2,22.4,,,,suppressed_n_lt_30
2020-2022,haredi,theft,reason_not_reported,not_worth_bothering,3,3,23,3,22.4,,,,suppressed_n_lt_30
2020-2022,haredi,theft,reason_not_reported,other,3,3,23,2,22.4,,,,suppressed_n_lt_30
2020-2022,haredi,theft,reason_not_reported,personal_time,3,3,23,3,22.4,,,,suppressed_n_lt_30
2020-2022,haredi,theft,reason_not_reported,police_ineffective_past,3,3,23,3,22.4,,,,suppressed_n_lt_30
2020-2022,haredi,theft,reason_not_reported,police_unable,3,3,23,3,22.4,,,,suppressed_n_lt_30
2020-2022,haredi,theft,reason_not_reported,police_unwilling,3,3,23,6,22.4,,,,suppressed_n_lt_30
2020-2022,haredi,theft,reason_not_reported,turned_elsewhere,3,3,23,1,22.4,,,,suppressed_n_lt_30
2020-2022,haredi,violence_threat,reason_broad,handled_otherwise,3,3,26,1,25.5,,,,suppressed_n_lt_30
2020-2022,haredi,violence_threat,reason_broad,not_worth_it,3,3,26,7,25.5,,,,suppressed_n_lt_30
2020-2022,haredi,violence_threat,reason_broad,other,3,3,26,1,25.5,,,,suppressed_n_lt_30
2020-2022,haredi,violence_threat,reason_broad,police_wont_help,3,3,26,14,25.5,,,,suppressed_n_lt_30
2020-2022,haredi,violence_threat,reason_broad,shame_fear,3,3,26,3,25.5,,,,suppressed_n_lt_30
2020-2022,haredi,violence_threat,reason_not_reported,ashamed,3,3,26,0,25.5,,,,suppressed_n_lt_30
2020-2022,haredi,violence_threat,reason_not_reported,fear_revenge,3,3,26,3,25.5,,,,suppressed_n_lt_30
2020-2022,haredi,violence_threat,reason_not_reported,handled_self,3,3,26,0,25.5,,,,suppressed_n_lt_30
2020-2022,haredi,violence_threat,reason_not_reported,not_worth_bothering,3,3,26,5,25.5,,,,suppressed_n_lt_30
2020-2022,haredi,violence_threat,reason_not_reported,other,3,3,26,1,25.5,,,,suppressed_n_lt_30
2020-2022,haredi,violence_threat,reason_not_reported,personal_time,3,3,26,2,25.5,,,,suppressed_n_lt_30
2020-2022,haredi,violence_threat,reason_not_reported,police_ineffective_past,3,3,26,6,25.5,,,,suppressed_n_lt_30
2020-2022,haredi,violence_threat,reason_not_reported,police_unable,3,3,26,1,25.5,,,,suppressed_n_lt_30
2020-2022,haredi,violence_threat,reason_not_reported,police_unwilling,3,3,26,7,25.5,,,,suppressed_n_lt_30
2020-2022,haredi,violence_threat,reason_not_reported,turned_elsewhere,3,3,26,1,25.5,,,,suppressed_n_lt_30
2020-2022,nonharedi_jew,all_personal,reason_broad,handled_otherwise,3,3,1400,359,1362.1,25.5,23.2,27.8,
2020-2022,nonharedi_jew,all_personal,reason_broad,not_worth_it,3,3,1400,323,1362.1,23.1,20.9,25.4,
2020-2022,nonharedi_jew,all_personal,reason_broad,other,3,3,1400,68,1362.1,4.8,3.8,6.0,
2020-2022,nonharedi_jew,all_personal,reason_broad,police_wont_help,3,3,1400,578,1362.1,41.5,38.9,44.1,
2020-2022,nonharedi_jew,all_personal,reason_broad,shame_fear,3,3,1400,72,1362.1,5.2,4.2,6.5,
2020-2022,nonharedi_jew,all_personal,reason_not_reported,ashamed,3,3,1400,41,1362.1,3.0,2.2,4.1,
2020-2022,nonharedi_jew,all_personal,reason_not_reported,didnt_know_police_handles,3,1,1400,25,1362.1,1.9,1.3,2.8,
2020-2022,nonharedi_jew,all_personal,reason_not_reported,fear_revenge,3,3,1400,31,1362.1,2.2,1.6,3.1,
2020-2022,nonharedi_jew,all_personal,reason_not_reported,handled_self,3,3,1400,158,1362.1,11.1,9.5,12.8,
2020-2022,nonharedi_jew,all_personal,reason_not_reported,not_worth_bothering,3,3,1400,189,1362.1,13.7,11.9,15.6,
2020-2022,nonharedi_jew,all_personal,reason_not_reported,other,3,3,1400,68,1362.1,4.8,3.8,6.0,
2020-2022,nonharedi_jew,all_personal,reason_not_reported,personal_time,3,3,1400,134,1362.1,9.4,8.0,11.1,
2020-2022,nonharedi_jew,all_personal,reason_not_reported,police_ineffective_past,3,3,1400,165,1362.1,11.7,10.1,13.5,
2020-2022,nonharedi_jew,all_personal,reason_not_reported,police_unable,3,3,1400,197,1362.1,14.1,12.3,16.0,
2020-2022,nonharedi_jew,all_personal,reason_not_reported,police_unwilling,3,3,1400,191,1362.1,13.8,12.1,15.7,
2020-2022,nonharedi_jew,all_personal,reason_not_reported,turned_elsewhere,3,3,1400,201,1362.1,14.4,12.6,16.4,
2020-2022,nonharedi_jew,all_personal_excl_cyber,reason_broad,handled_otherwise,3,3,680,101,660.7,14.6,12.1,17.5,
2020-2022,nonharedi_jew,all_personal_excl_cyber,reason_broad,not_worth_it,3,3,680,185,660.7,27.6,24.3,31.1,
2020-2022,nonharedi_jew,all_personal_excl_cyber,reason_broad,other,3,3,680,34,660.7,5.0,3.6,6.9,
2020-2022,nonharedi_jew,all_personal_excl_cyber,reason_broad,police_wont_help,3,3,680,320,660.7,47.1,43.3,50.9,
2020-2022,nonharedi_jew,all_personal_excl_cyber,reason_broad,shame_fear,3,3,680,40,660.7,5.8,4.3,7.9,
2020-2022,nonharedi_jew,all_personal_excl_cyber,reason_not_reported,ashamed,3,3,680,10,660.7,1.4,0.8,2.6,
2020-2022,nonharedi_jew,all_personal_excl_cyber,reason_not_reported,fear_revenge,3,3,680,30,660.7,4.4,3.1,6.3,
2020-2022,nonharedi_jew,all_personal_excl_cyber,reason_not_reported,handled_self,3,3,680,74,660.7,10.8,8.6,13.4,
2020-2022,nonharedi_jew,all_personal_excl_cyber,reason_not_reported,not_worth_bothering,3,3,680,102,660.7,15.4,12.8,18.3,
2020-2022,nonharedi_jew,all_personal_excl_cyber,reason_not_reported,other,3,3,680,34,660.7,5.0,3.6,6.9,
2020-2022,nonharedi_jew,all_personal_excl_cyber,reason_not_reported,personal_time,3,3,680,83,660.7,12.2,9.9,14.9,
2020-2022,nonharedi_jew,all_personal_excl_cyber,reason_not_reported,police_ineffective_past,3,3,680,101,660.7,14.6,12.1,17.5,
2020-2022,nonharedi_jew,all_personal_excl_cyber,reason_not_reported,police_unable,3,3,680,107,660.7,15.6,13.1,18.6,
2020-2022,nonharedi_jew,all_personal_excl_cyber,reason_not_reported,police_unwilling,3,3,680,112,660.7,16.8,14.2,19.9,
2020-2022,nonharedi_jew,all_personal_excl_cyber,reason_not_reported,turned_elsewhere,3,3,680,27,660.7,3.8,2.6,5.6,
2020-2022,nonharedi_jew,cyber,reason_broad,handled_otherwise,3,3,720,258,701.5,35.8,32.3,39.4,
2020-2022,nonharedi_jew,cyber,reason_broad,not_worth_it,3,3,720,138,701.5,18.8,16.1,21.9,
2020-2022,nonharedi_jew,cyber,reason_broad,other,3,3,720,34,701.5,4.6,3.3,6.4,
2020-2022,nonharedi_jew,cyber,reason_broad,police_wont_help,3,3,720,258,701.5,36.1,32.7,39.8,
2020-2022,nonharedi_jew,cyber,reason_broad,shame_fear,3,3,720,32,701.5,4.7,3.3,6.5,
2020-2022,nonharedi_jew,cyber,reason_not_reported,ashamed,3,3,720,31,701.5,4.5,3.2,6.3,
2020-2022,nonharedi_jew,cyber,reason_not_reported,didnt_know_police_handles,3,1,720,25,701.5,3.7,2.5,5.3,
2020-2022,nonharedi_jew,cyber,reason_not_reported,fear_revenge,3,3,720,1,701.5,0.1,0.0,0.8,
2020-2022,nonharedi_jew,cyber,reason_not_reported,handled_self,3,3,720,84,701.5,11.3,9.2,13.9,
2020-2022,nonharedi_jew,cyber,reason_not_reported,not_worth_bothering,3,3,720,87,701.5,12.0,9.8,14.6,
2020-2022,nonharedi_jew,cyber,reason_not_reported,other,3,3,720,34,701.5,4.6,3.3,6.4,
2020-2022,nonharedi_jew,cyber,reason_not_reported,personal_time,3,3,720,51,701.5,6.8,5.2,8.9,
2020-2022,nonharedi_jew,cyber,reason_not_reported,police_ineffective_past,3,3,720,64,701.5,9.0,7.1,11.3,
2020-2022,nonharedi_jew,cyber,reason_not_reported,police_unable,3,3,720,90,701.5,12.6,10.3,15.3,
2020-2022,nonharedi_jew,cyber,reason_not_reported,police_unwilling,3,3,720,79,701.5,10.9,8.8,13.4,
2020-2022,nonharedi_jew,cyber,reason_not_reported,turned_elsewhere,3,3,720,174,701.5,24.4,21.4,27.7,
2020-2022,nonharedi_jew,sexual_harassment,reason_broad,handled_otherwise,3,3,313,52,304.2,16.6,12.9,21.2,
2020-2022,nonharedi_jew,sexual_harassment,reason_broad,not_worth_it,3,3,313,101,304.2,32.7,27.7,38.1,
2020-2022,nonharedi_jew,sexual_harassment,reason_broad,other,3,3,313,17,304.2,5.7,3.6,8.9,
2020-2022,nonharedi_jew,sexual_harassment,reason_broad,police_wont_help,3,3,313,125,304.2,39.4,34.1,45.0,
2020-2022,nonharedi_jew,sexual_harassment,reason_broad,shame_fear,3,3,313,18,304.2,5.5,3.5,8.7,
2020-2022,nonharedi_jew,sexual_harassment,reason_not_reported,ashamed,3,3,313,9,304.2,2.7,1.4,5.2,
2020-2022,nonharedi_jew,sexual_harassment,reason_not_reported,fear_revenge,3,3,313,9,304.2,2.9,1.5,5.4,
2020-2022,nonharedi_jew,sexual_harassment,reason_not_reported,handled_self,3,3,313,41,304.2,13.1,9.7,17.3,
2020-2022,nonharedi_jew,sexual_harassment,reason_not_reported,not_worth_bothering,3,3,313,60,304.2,19.4,15.4,24.3,
2020-2022,nonharedi_jew,sexual_harassment,reason_not_reported,other,3,3,313,17,304.2,5.7,3.6,8.9,
2020-2022,nonharedi_jew,sexual_harassment,reason_not_reported,personal_time,3,3,313,41,304.2,13.2,9.9,17.5,
2020-2022,nonharedi_jew,sexual_harassment,reason_not_reported,police_ineffective_past,3,3,313,37,304.2,11.4,8.3,15.5,
2020-2022,nonharedi_jew,sexual_harassment,reason_not_reported,police_unable,3,3,313,38,304.2,11.6,8.5,15.7,
2020-2022,nonharedi_jew,sexual_harassment,reason_not_reported,police_unwilling,3,3,313,50,304.2,16.4,12.6,20.9,
2020-2022,nonharedi_jew,sexual_harassment,reason_not_reported,turned_elsewhere,3,3,313,11,304.2,3.6,2.0,6.3,
2020-2022,nonharedi_jew,theft,reason_broad,handled_otherwise,3,3,145,20,140.7,12.8,8.2,19.3,
2020-2022,nonharedi_jew,theft,reason_broad,not_worth_it,3,3,145,36,140.7,25.7,19.2,33.5,
2020-2022,nonharedi_jew,theft,reason_broad,other,3,3,145,4,140.7,2.8,1.1,7.1,
2020-2022,nonharedi_jew,theft,reason_broad,police_wont_help,3,3,145,85,140.7,58.7,50.4,66.5,
2020-2022,nonharedi_jew,theft,reason_not_reported,handled_self,3,3,145,14,140.7,9.4,5.6,15.3,
2020-2022,nonharedi_jew,theft,reason_not_reported,not_worth_bothering,3,3,145,17,140.7,12.2,7.8,18.6,
2020-2022,nonharedi_jew,theft,reason_not_reported,other,3,3,145,4,140.7,2.8,1.1,7.1,
2020-2022,nonharedi_jew,theft,reason_not_reported,personal_time,3,3,145,19,140.7,13.5,8.8,20.1,
2020-2022,nonharedi_jew,theft,reason_not_reported,police_ineffective_past,3,3,145,22,140.7,14.2,9.4,20.9,
2020-2022,nonharedi_jew,theft,reason_not_reported,police_unable,3,3,145,37,140.7,25.7,19.2,33.5,
2020-2022,nonharedi_jew,theft,reason_not_reported,police_unwilling,3,3,145,26,140.7,18.8,13.2,26.0,
2020-2022,nonharedi_jew,theft,reason_not_reported,turned_elsewhere,3,3,145,6,140.7,3.4,1.4,7.9,
2020-2022,nonharedi_jew,violence_threat,reason_broad,handled_otherwise,3,3,222,29,215.9,12.8,9.0,17.9,
2020-2022,nonharedi_jew,violence_threat,reason_broad,not_worth_it,3,3,222,48,215.9,21.6,16.6,27.5,
2020-2022,nonharedi_jew,violence_threat,reason_broad,other,3,3,222,13,215.9,5.3,3.0,9.1,
2020-2022,nonharedi_jew,violence_threat,reason_broad,police_wont_help,3,3,222,110,215.9,50.4,43.7,57.0,
2020-2022,nonharedi_jew,violence_threat,reason_broad,shame_fear,3,3,222,22,215.9,9.9,6.6,14.7,
2020-2022,nonharedi_jew,violence_threat,reason_not_reported,ashamed,3,3,222,1,215.9,0.5,0.1,2.7,
2020-2022,nonharedi_jew,violence_threat,reason_not_reported,fear_revenge,3,3,222,21,215.9,9.4,6.2,14.1,
2020-2022,nonharedi_jew,violence_threat,reason_not_reported,handled_self,3,3,222,19,215.9,8.4,5.4,12.9,
2020-2022,nonharedi_jew,violence_threat,reason_not_reported,not_worth_bothering,3,3,222,25,215.9,11.7,8.1,16.7,
2020-2022,nonharedi_jew,violence_threat,reason_not_reported,other,3,3,222,13,215.9,5.3,3.0,9.1,
2020-2022,nonharedi_jew,violence_threat,reason_not_reported,personal_time,3,3,222,23,215.9,9.9,6.6,14.6,
2020-2022,nonharedi_jew,violence_threat,reason_not_reported,police_ineffective_past,3,3,222,42,215.9,19.4,14.7,25.2,
2020-2022,nonharedi_jew,violence_threat,reason_not_reported,police_unable,3,3,222,32,215.9,14.8,10.7,20.1,
2020-2022,nonharedi_jew,violence_threat,reason_not_reported,police_unwilling,3,3,222,36,215.9,16.2,11.9,21.7,
2020-2022,nonharedi_jew,violence_threat,reason_not_reported,turned_elsewhere,3,3,222,10,215.9,4.4,2.3,8.0,
2023-2025,all_20plus,all_personal,reason_broad,handled_otherwise,3,3,2200,711,2131.1,32.1,30.1,34.1,
2023-2025,all_20plus,all_personal,reason_broad,not_worth_it,3,3,2200,411,2131.1,18.7,17.1,20.5,
2023-2025,all_20plus,all_personal,reason_broad,other,3,3,2200,76,2131.1,3.5,2.8,4.4,
2023-2025,all_20plus,all_personal,reason_broad,police_wont_help,3,3,2200,818,2131.1,37.3,35.2,39.4,
2023-2025,all_20plus,all_personal,reason_broad,shame_fear,3,3,2200,184,2131.1,8.4,7.3,9.7,
2023-2025,all_20plus,all_personal,reason_not_reported,ashamed,3,3,2200,150,2131.1,6.8,5.8,7.9,
2023-2025,all_20plus,all_personal,reason_not_reported,didnt_know_police_handles,3,3,2200,85,2131.1,3.8,3.1,4.7,
2023-2025,all_20plus,all_personal,reason_not_reported,fear_revenge,3,3,2200,34,2131.1,1.6,1.2,2.3,
2023-2025,all_20plus,all_personal,reason_not_reported,handled_self,3,3,2200,284,2131.1,12.9,11.5,14.3,
2023-2025,all_20plus,all_personal,reason_not_reported,not_worth_bothering,3,3,2200,197,2131.1,9.0,7.9,10.3,
2023-2025,all_20plus,all_personal,reason_not_reported,other,3,3,2200,76,2131.1,3.5,2.8,4.4,
2023-2025,all_20plus,all_personal,reason_not_reported,personal_time,3,3,2200,214,2131.1,9.7,8.5,11.1,
2023-2025,all_20plus,all_personal,reason_not_reported,police_ineffective_past,3,3,2200,209,2131.1,9.7,8.5,11.0,
2023-2025,all_20plus,all_personal,reason_not_reported,police_unable,3,3,2200,253,2131.1,11.6,10.3,13.0,
2023-2025,all_20plus,all_personal,reason_not_reported,police_unwilling,3,3,2200,271,2131.1,12.3,10.9,13.7,
2023-2025,all_20plus,all_personal,reason_not_reported,turned_elsewhere,3,3,2200,427,2131.1,19.2,17.6,20.9,
2023-2025,all_20plus,all_personal_excl_cyber,reason_broad,handled_otherwise,3,3,1019,203,984.1,19.8,17.4,22.4,
2023-2025,all_20plus,all_personal_excl_cyber,reason_broad,not_worth_it,3,3,1019,269,984.1,26.5,23.8,29.3,
2023-2025,all_20plus,all_personal_excl_cyber,reason_broad,other,3,3,1019,36,984.1,3.6,2.6,5.0,
2023-2025,all_20plus,all_personal_excl_cyber,reason_broad,police_wont_help,3,3,1019,458,984.1,44.8,41.7,47.9,
2023-2025,all_20plus,all_personal_excl_cyber,reason_broad,shame_fear,3,3,1019,53,984.1,5.3,4.1,6.9,
2023-2025,all_20plus,all_personal_excl_cyber,reason_not_reported,ashamed,3,3,1019,26,984.1,2.5,1.7,3.7,
2023-2025,all_20plus,all_personal_excl_cyber,reason_not_reported,fear_revenge,3,3,1019,27,984.1,2.8,1.9,4.0,
2023-2025,all_20plus,all_personal_excl_cyber,reason_not_reported,handled_self,3,3,1019,141,984.1,13.7,11.7,16.0,
2023-2025,all_20plus,all_personal_excl_cyber,reason_not_reported,not_worth_bothering,3,3,1019,112,984.1,11.0,9.2,13.1,
2023-2025,all_20plus,all_personal_excl_cyber,reason_not_reported,other,3,3,1019,36,984.1,3.6,2.6,5.0,
2023-2025,all_20plus,all_personal_excl_cyber,reason_not_reported,personal_time,3,3,1019,157,984.1,15.5,13.3,17.9,
2023-2025,all_20plus,all_personal_excl_cyber,reason_not_reported,police_ineffective_past,3,3,1019,141,984.1,13.9,11.9,16.2,
2023-2025,all_20plus,all_personal_excl_cyber,reason_not_reported,police_unable,3,3,1019,134,984.1,13.2,11.2,15.4,
2023-2025,all_20plus,all_personal_excl_cyber,reason_not_reported,police_unwilling,3,3,1019,183,984.1,17.7,15.5,20.3,
2023-2025,all_20plus,all_personal_excl_cyber,reason_not_reported,turned_elsewhere,3,3,1019,62,984.1,6.1,4.8,7.8,
2023-2025,all_20plus,cyber,reason_broad,handled_otherwise,3,3,1181,508,1147.2,42.8,40.0,45.7,
2023-2025,all_20plus,cyber,reason_broad,not_worth_it,3,3,1181,142,1147.2,12.0,10.2,14.0,
2023-2025,all_20plus,cyber,reason_broad,other,3,3,1181,40,1147.2,3.4,2.5,4.7,
2023-2025,all_20plus,cyber,reason_broad,police_wont_help,3,3,1181,360,1147.2,30.7,28.1,33.4,
2023-2025,all_20plus,cyber,reason_broad,shame_fear,3,3,1181,131,1147.2,11.1,9.4,13.0,
2023-2025,all_20plus,cyber,reason_not_reported,ashamed,3,3,1181,124,1147.2,10.5,8.8,12.4,
2023-2025,all_20plus,cyber,reason_not_reported,didnt_know_police_handles,3,3,1181,85,1147.2,7.1,5.8,8.7,
2023-2025,all_20plus,cyber,reason_not_reported,fear_revenge,3,3,1181,7,1147.2,0.6,0.3,1.2,
2023-2025,all_20plus,cyber,reason_not_reported,handled_self,3,3,1181,143,1147.2,12.1,10.4,14.1,
2023-2025,all_20plus,cyber,reason_not_reported,not_worth_bothering,3,3,1181,85,1147.2,7.3,5.9,8.9,
2023-2025,all_20plus,cyber,reason_not_reported,other,3,3,1181,40,1147.2,3.4,2.5,4.7,
2023-2025,all_20plus,cyber,reason_not_reported,personal_time,3,3,1181,57,1147.2,4.7,3.6,6.1,
2023-2025,all_20plus,cyber,reason_not_reported,police_ineffective_past,3,3,1181,68,1147.2,5.9,4.7,7.5,
2023-2025,all_20plus,cyber,reason_not_reported,police_unable,3,3,1181,119,1147.2,10.2,8.5,12.0,
2023-2025,all_20plus,cyber,reason_not_reported,police_unwilling,3,3,1181,88,1147.2,7.5,6.1,9.1,
2023-2025,all_20plus,cyber,reason_not_reported,turned_elsewhere,3,3,1181,365,1147.2,30.7,28.1,33.4,
2023-2025,all_20plus,sexual_harassment,reason_broad,handled_otherwise,3,3,366,84,353.6,23.2,19.1,27.9,
2023-2025,all_20plus,sexual_harassment,reason_broad,not_worth_it,3,3,366,120,353.6,32.4,27.8,37.5,
2023-2025,all_20plus,sexual_harassment,reason_broad,other,3,3,366,13,353.6,3.6,2.1,6.1,
2023-2025,all_20plus,sexual_harassment,reason_broad,police_wont_help,3,3,366,125,353.6,34.0,29.3,39.1,
2023-2025,all_20plus,sexual_harassment,reason_broad,shame_fear,3,3,366,24,353.6,6.8,4.6,9.9,
2023-2025,all_20plus,sexual_harassment,reason_not_reported,ashamed,3,3,366,19,353.6,5.3,3.4,8.1,
2023-2025,all_20plus,sexual_harassment,reason_not_reported,fear_revenge,3,3,366,5,353.6,1.5,0.7,3.4,
2023-2025,all_20plus,sexual_harassment,reason_not_reported,handled_self,3,3,366,68,353.6,18.8,15.1,23.2,
2023-2025,all_20plus,sexual_harassment,reason_not_reported,not_worth_bothering,3,3,366,58,353.6,15.8,12.3,19.9,
2023-2025,all_20plus,sexual_harassment,reason_not_reported,other,3,3,366,13,353.6,3.6,2.1,6.1,
2023-2025,all_20plus,sexual_harassment,reason_not_reported,personal_time,3,3,366,62,353.6,16.7,13.2,20.9,
2023-2025,all_20plus,sexual_harassment,reason_not_reported,police_ineffective_past,3,3,366,47,353.6,12.7,9.6,16.6,
2023-2025,all_20plus,sexual_harassment,reason_not_reported,police_unable,3,3,366,34,353.6,8.8,6.3,12.2,
2023-2025,all_20plus,sexual_harassment,reason_not_reported,police_unwilling,3,3,366,44,353.6,12.5,9.5,16.4,
2023-2025,all_20plus,sexual_harassment,reason_not_reported,turned_elsewhere,3,3,366,16,353.6,4.4,2.7,7.1,
2023-2025,all_20plus,theft,reason_broad,handled_otherwise,3,3,253,49,242.8,18.6,14.3,24.0,
2023-2025,all_20plus,theft,reason_broad,not_worth_it,3,3,253,56,242.8,22.6,17.8,28.3,
2023-2025,all_20plus,theft,reason_broad,other,3,3,253,8,242.8,3.3,1.7,6.3,
2023-2025,all_20plus,theft,reason_broad,police_wont_help,3,3,253,140,242.8,55.5,49.2,61.6,
2023-2025,all_20plus,theft,reason_not_reported,handled_self,3,3,253,25,242.8,9.5,6.4,13.8,
2023-2025,all_20plus,theft,reason_not_reported,not_worth_bothering,3,3,253,17,242.8,7.0,4.5,11.0,
2023-2025,all_20plus,theft,reason_not_reported,other,3,3,253,8,242.8,3.3,1.7,6.3,
2023-2025,all_20plus,theft,reason_not_reported,personal_time,3,3,253,39,242.8,15.6,11.5,20.6,
2023-2025,all_20plus,theft,reason_not_reported,police_ineffective_past,3,3,253,38,242.8,15.5,11.5,20.6,
2023-2025,all_20plus,theft,reason_not_reported,police_unable,3,3,253,44,242.8,17.5,13.3,22.8,
2023-2025,all_20plus,theft,reason_not_reported,police_unwilling,3,3,253,58,242.8,22.5,17.7,28.1,
2023-2025,all_20plus,theft,reason_not_reported,turned_elsewhere,3,3,253,24,242.8,9.2,6.2,13.5,
2023-2025,all_20plus,violence_threat,reason_broad,handled_otherwise,3,3,400,70,387.7,17.3,13.9,21.4,
2023-2025,all_20plus,violence_threat,reason_broad,not_worth_it,3,3,400,93,387.7,23.4,19.5,27.9,
2023-2025,all_20plus,violence_threat,reason_broad,other,3,3,400,15,387.7,3.8,2.3,6.2,
2023-2025,all_20plus,violence_threat,reason_broad,police_wont_help,3,3,400,193,387.7,48.1,43.2,53.1,
2023-2025,all_20plus,violence_threat,reason_broad,shame_fear,3,3,400,29,387.7,7.4,5.2,10.5,
2023-2025,all_20plus,violence_threat,reason_not_reported,ashamed,3,3,400,7,387.7,1.6,0.8,3.4,
2023-2025,all_20plus,violence_threat,reason_not_reported,fear_revenge,3,3,400,22,387.7,5.8,3.9,8.6,
2023-2025,all_20plus,violence_threat,reason_not_reported,handled_self,3,3,400,48,387.7,11.6,8.8,15.2,
2023-2025,all_20plus,violence_threat,reason_not_reported,not_worth_bothering,3,3,400,37,387.7,9.1,6.6,12.4,
2023-2025,all_20plus,violence_threat,reason_not_reported,other,3,3,400,15,387.7,3.8,2.3,6.2,
2023-2025,all_20plus,violence_threat,reason_not_reported,personal_time,3,3,400,56,387.7,14.3,11.2,18.1,
2023-2025,all_20plus,violence_threat,reason_not_reported,police_ineffective_past,3,3,400,56,387.7,14.0,10.9,17.8,
2023-2025,all_20plus,violence_threat,reason_not_reported,police_unable,3,3,400,56,387.7,14.5,11.3,18.3,
2023-2025,all_20plus,violence_threat,reason_not_reported,police_unwilling,3,3,400,81,387.7,19.6,16.0,23.8,
2023-2025,all_20plus,violence_threat,reason_not_reported,turned_elsewhere,3,3,400,22,387.7,5.7,3.8,8.5,
2023-2025,haredi,all_personal,reason_broad,handled_otherwise,3,3,185,50,180.8,27.0,21.1,33.9,
2023-2025,haredi,all_personal,reason_broad,not_worth_it,3,3,185,37,180.8,20.3,15.1,26.8,
2023-2025,haredi,all_personal,reason_broad,other,3,3,185,9,180.8,5.3,2.8,9.6,
2023-2025,haredi,all_personal,reason_broad,police_wont_help,3,3,185,72,180.8,38.7,31.9,45.9,
2023-2025,haredi,all_personal,reason_broad,shame_fear,3,3,185,17,180.8,8.7,5.4,13.7,
2023-2025,haredi,all_personal,reason_not_reported,ashamed,3,3,185,15,180.8,7.7,4.6,12.5,
2023-2025,haredi,all_personal,reason_not_reported,didnt_know_police_handles,3,3,185,4,180.8,2.1,0.8,5.3,
2023-2025,haredi,all_personal,reason_not_reported,fear_revenge,3,3,185,2,180.8,1.0,0.3,3.8,
2023-2025,haredi,all_personal,reason_not_reported,handled_self,3,3,185,20,180.8,10.6,6.9,15.9,
2023-2025,haredi,all_personal,reason_not_reported,not_worth_bothering,3,3,185,19,180.8,10.1,6.5,15.4,
2023-2025,haredi,all_personal,reason_not_reported,other,3,3,185,9,180.8,5.3,2.8,9.6,
2023-2025,haredi,all_personal,reason_not_reported,personal_time,3,3,185,18,180.8,10.2,6.6,15.4,
2023-2025,haredi,all_personal,reason_not_reported,police_ineffective_past,3,3,185,24,180.8,12.7,8.6,18.3,
2023-2025,haredi,all_personal,reason_not_reported,police_unable,3,3,185,20,180.8,10.5,6.9,15.9,
2023-2025,haredi,all_personal,reason_not_reported,police_unwilling,3,3,185,24,180.8,13.4,9.2,19.1,
2023-2025,haredi,all_personal,reason_not_reported,turned_elsewhere,3,3,185,30,180.8,16.4,11.7,22.5,
2023-2025,haredi,all_personal_excl_cyber,reason_broad,handled_otherwise,3,3,106,21,103.3,18.6,12.3,27.2,
2023-2025,haredi,all_personal_excl_cyber,reason_broad,not_worth_it,3,3,106,25,103.3,23.9,16.7,33.0,
2023-2025,haredi,all_personal_excl_cyber,reason_broad,other,3,3,106,3,103.3,3.4,1.3,8.9,
2023-2025,haredi,all_personal_excl_cyber,reason_broad,police_wont_help,3,3,106,54,103.3,51.4,41.9,60.8,
2023-2025,haredi,all_personal_excl_cyber,reason_broad,shame_fear,3,3,106,3,103.3,2.8,0.9,8.0,
2023-2025,haredi,all_personal_excl_cyber,reason_not_reported,ashamed,3,3,106,1,103.3,1.0,0.2,5.4,
2023-2025,haredi,all_personal_excl_cyber,reason_not_reported,fear_revenge,3,3,106,2,103.3,1.7,0.4,6.5,
2023-2025,haredi,all_personal_excl_cyber,reason_not_reported,handled_self,3,3,106,14,103.3,12.4,7.4,20.2,
2023-2025,haredi,all_personal_excl_cyber,reason_not_reported,not_worth_bothering,3,3,106,10,103.3,8.8,4.7,15.8,
2023-2025,haredi,all_personal_excl_cyber,reason_not_reported,other,3,3,106,3,103.3,3.4,1.3,8.9,
2023-2025,haredi,all_personal_excl_cyber,reason_not_reported,personal_time,3,3,106,15,103.3,15.1,9.5,23.2,
2023-2025,haredi,all_personal_excl_cyber,reason_not_reported,police_ineffective_past,3,3,106,18,103.3,17.0,11.0,25.4,
2023-2025,haredi,all_personal_excl_cyber,reason_not_reported,police_unable,3,3,106,15,103.3,14.0,8.6,22.0,
2023-2025,haredi,all_personal_excl_cyber,reason_not_reported,police_unwilling,3,3,106,21,103.3,20.4,13.7,29.1,
2023-2025,haredi,all_personal_excl_cyber,reason_not_reported,turned_elsewhere,3,3,106,7,103.3,6.1,2.9,12.5,
2023-2025,haredi,cyber,reason_broad,handled_otherwise,3,3,79,29,77.5,38.5,28.4,49.6,
2023-2025,haredi,cyber,reason_broad,not_worth_it,3,3,79,12,77.5,15.5,9.1,25.1,
2023-2025,haredi,cyber,reason_broad,other,3,3,79,6,77.5,7.8,3.6,16.0,
2023-2025,haredi,cyber,reason_broad,police_wont_help,3,3,79,18,77.5,21.5,13.8,31.9,
2023-2025,haredi,cyber,reason_broad,shame_fear,3,3,79,14,77.5,16.8,10.1,26.6,
2023-2025,haredi,cyber,reason_not_reported,ashamed,3,3,79,14,77.5,16.8,10.1,26.6,
2023-2025,haredi,cyber,reason_not_reported,didnt_know_police_handles,3,3,79,4,77.5,4.9,1.9,12.1,
2023-2025,haredi,cyber,reason_not_reported,fear_revenge,3,3,79,0,77.5,0.0,0.0,4.7,
2023-2025,haredi,cyber,reason_not_reported,handled_self,3,3,79,6,77.5,8.1,3.8,16.3,
2023-2025,haredi,cyber,reason_not_reported,not_worth_bothering,3,3,79,9,77.5,12.0,6.5,21.0,
2023-2025,haredi,cyber,reason_not_reported,other,3,3,79,6,77.5,7.8,3.6,16.0,
2023-2025,haredi,cyber,reason_not_reported,personal_time,3,3,79,3,77.5,3.5,1.1,10.3,
2023-2025,haredi,cyber,reason_not_reported,police_ineffective_past,3,3,79,6,77.5,6.8,3.0,14.7,
2023-2025,haredi,cyber,reason_not_reported,police_unable,3,3,79,5,77.5,5.9,2.5,13.5,
2023-2025,haredi,cyber,reason_not_reported,police_unwilling,3,3,79,3,77.5,3.9,1.3,10.8,
2023-2025,haredi,cyber,reason_not_reported,turned_elsewhere,3,3,79,23,77.5,30.4,21.3,41.3,
2023-2025,haredi,sexual_harassment,reason_broad,handled_otherwise,3,3,18,3,17.7,,,,suppressed_n_lt_30
2023-2025,haredi,sexual_harassment,reason_broad,not_worth_it,3,3,18,5,17.7,,,,suppressed_n_lt_30
2023-2025,haredi,sexual_harassment,reason_broad,other,3,3,18,0,17.7,,,,suppressed_n_lt_30
2023-2025,haredi,sexual_harassment,reason_broad,police_wont_help,3,3,18,9,17.7,,,,suppressed_n_lt_30
2023-2025,haredi,sexual_harassment,reason_broad,shame_fear,3,3,18,1,17.7,,,,suppressed_n_lt_30
2023-2025,haredi,sexual_harassment,reason_not_reported,ashamed,3,3,18,1,17.7,,,,suppressed_n_lt_30
2023-2025,haredi,sexual_harassment,reason_not_reported,fear_revenge,3,3,18,0,17.7,,,,suppressed_n_lt_30
2023-2025,haredi,sexual_harassment,reason_not_reported,handled_self,3,3,18,3,17.7,,,,suppressed_n_lt_30
2023-2025,haredi,sexual_harassment,reason_not_reported,not_worth_bothering,3,3,18,1,17.7,,,,suppressed_n_lt_30
2023-2025,haredi,sexual_harassment,reason_not_reported,other,3,3,18,0,17.7,,,,suppressed_n_lt_30
2023-2025,haredi,sexual_harassment,reason_not_reported,personal_time,3,3,18,4,17.7,,,,suppressed_n_lt_30
2023-2025,haredi,sexual_harassment,reason_not_reported,police_ineffective_past,3,3,18,3,17.7,,,,suppressed_n_lt_30
2023-2025,haredi,sexual_harassment,reason_not_reported,police_unable,3,3,18,3,17.7,,,,suppressed_n_lt_30
2023-2025,haredi,sexual_harassment,reason_not_reported,police_unwilling,3,3,18,3,17.7,,,,suppressed_n_lt_30
2023-2025,haredi,sexual_harassment,reason_not_reported,turned_elsewhere,3,3,18,0,17.7,,,,suppressed_n_lt_30
2023-2025,haredi,theft,reason_broad,handled_otherwise,3,3,36,6,35.0,14.4,6.3,29.5,warn_n_30_49
2023-2025,haredi,theft,reason_broad,not_worth_it,3,3,36,9,35.0,25.5,14.0,41.9,warn_n_30_49
2023-2025,haredi,theft,reason_broad,other,3,3,36,2,35.0,6.8,2.1,20.1,warn_n_30_49
2023-2025,haredi,theft,reason_broad,police_wont_help,3,3,36,19,35.0,53.3,37.3,68.7,warn_n_30_49
2023-2025,haredi,theft,reason_not_reported,handled_self,3,3,36,2,35.0,5.2,1.4,17.9,warn_n_30_49
2023-2025,haredi,theft,reason_not_reported,not_worth_bothering,3,3,36,4,35.0,10.6,4.1,25.0,warn_n_30_49
2023-2025,haredi,theft,reason_not_reported,other,3,3,36,2,35.0,6.8,2.1,20.1,warn_n_30_49
2023-2025,haredi,theft,reason_not_reported,personal_time,3,3,36,5,35.0,14.9,6.6,30.1,warn_n_30_49
2023-2025,haredi,theft,reason_not_reported,police_ineffective_past,3,3,36,7,35.0,20.0,10.1,35.9,warn_n_30_49
2023-2025,haredi,theft,reason_not_reported,police_unable,3,3,36,7,35.0,18.4,8.9,34.1,warn_n_30_49
2023-2025,haredi,theft,reason_not_reported,police_unwilling,3,3,36,5,35.0,14.9,6.6,30.1,warn_n_30_49
2023-2025,haredi,theft,reason_not_reported,turned_elsewhere,3,3,36,4,35.0,9.2,3.3,23.1,warn_n_30_49
2023-2025,haredi,violence_threat,reason_broad,handled_otherwise,3,3,52,12,50.6,22.6,13.3,35.9,
2023-2025,haredi,violence_threat,reason_broad,not_worth_it,3,3,52,11,50.6,21.1,12.1,34.1,
2023-2025,haredi,violence_threat,reason_broad,other,3,3,52,1,50.6,2.1,0.4,10.6,
2023-2025,haredi,violence_threat,reason_broad,police_wont_help,3,3,52,26,50.6,50.6,37.3,63.9,
2023-2025,haredi,violence_threat,reason_broad,shame_fear,3,3,52,2,50.6,3.5,0.9,12.7,
2023-2025,haredi,violence_threat,reason_not_reported,ashamed,3,3,52,0,50.6,0.0,0.0,7.1,
2023-2025,haredi,violence_threat,reason_not_reported,fear_revenge,3,3,52,2,50.6,3.5,0.9,12.7,
2023-2025,haredi,violence_threat,reason_not_reported,handled_self,3,3,52,9,50.6,16.6,8.8,29.1,
2023-2025,haredi,violence_threat,reason_not_reported,not_worth_bothering,3,3,52,5,50.6,8.4,3.4,19.3,
2023-2025,haredi,violence_threat,reason_not_reported,other,3,3,52,1,50.6,2.1,0.4,10.6,
2023-2025,haredi,violence_threat,reason_not_reported,personal_time,3,3,52,6,50.6,12.6,6.0,24.5,
2023-2025,haredi,violence_threat,reason_not_reported,police_ineffective_past,3,3,52,8,50.6,15.5,8.0,27.8,
2023-2025,haredi,violence_threat,reason_not_reported,police_unable,3,3,52,5,50.6,9.8,4.2,21.0,
2023-2025,haredi,violence_threat,reason_not_reported,police_unwilling,3,3,52,13,50.6,25.4,15.4,38.8,
2023-2025,haredi,violence_threat,reason_not_reported,turned_elsewhere,3,3,52,3,50.6,6.0,2.1,16.2,
2023-2025,nonharedi_jew,all_personal,reason_broad,handled_otherwise,3,3,1721,559,1674.9,32.3,30.1,34.6,
2023-2025,nonharedi_jew,all_personal,reason_broad,not_worth_it,3,3,1721,324,1674.9,18.9,17.1,20.9,
2023-2025,nonharedi_jew,all_personal,reason_broad,other,3,3,1721,54,1674.9,3.1,2.4,4.1,
2023-2025,nonharedi_jew,all_personal,reason_broad,police_wont_help,3,3,1721,648,1674.9,37.7,35.4,40.1,
2023-2025,nonharedi_jew,all_personal,reason_broad,shame_fear,3,3,1721,136,1674.9,7.9,6.7,9.3,
2023-2025,nonharedi_jew,all_personal,reason_not_reported,ashamed,3,3,1721,113,1674.9,6.5,5.5,7.8,
2023-2025,nonharedi_jew,all_personal,reason_not_reported,didnt_know_police_handles,3,3,1721,72,1674.9,4.1,3.2,5.2,
2023-2025,nonharedi_jew,all_personal,reason_not_reported,fear_revenge,3,3,1721,23,1674.9,1.4,0.9,2.1,
2023-2025,nonharedi_jew,all_personal,reason_not_reported,handled_self,3,3,1721,203,1674.9,11.8,10.4,13.4,
2023-2025,nonharedi_jew,all_personal,reason_not_reported,not_worth_bothering,3,3,1721,159,1674.9,9.3,8.0,10.8,
2023-2025,nonharedi_jew,all_personal,reason_not_reported,other,3,3,1721,54,1674.9,3.1,2.4,4.1,
2023-2025,nonharedi_jew,all_personal,reason_not_reported,personal_time,3,3,1721,165,1674.9,9.6,8.3,11.1,
2023-2025,nonharedi_jew,all_personal,reason_not_reported,police_ineffective_past,3,3,1721,162,1674.9,9.5,8.2,11.0,
2023-2025,nonharedi_jew,all_personal,reason_not_reported,police_unable,3,3,1721,203,1674.9,11.9,10.4,13.5,
2023-2025,nonharedi_jew,all_personal,reason_not_reported,police_unwilling,3,3,1721,211,1674.9,12.2,10.8,13.9,
2023-2025,nonharedi_jew,all_personal,reason_not_reported,turned_elsewhere,3,3,1721,356,1674.9,20.5,18.6,22.5,
2023-2025,nonharedi_jew,all_personal_excl_cyber,reason_broad,handled_otherwise,3,3,755,135,732.5,18.0,15.4,21.0,
2023-2025,nonharedi_jew,all_personal_excl_cyber,reason_broad,not_worth_it,3,3,755,209,732.5,27.7,24.6,31.1,
2023-2025,nonharedi_jew,all_personal_excl_cyber,reason_broad,other,3,3,755,24,732.5,3.2,2.1,4.7,
2023-2025,nonharedi_jew,all_personal_excl_cyber,reason_broad,police_wont_help,3,3,755,349,732.5,46.0,42.4,49.6,
2023-2025,nonharedi_jew,all_personal_excl_cyber,reason_broad,shame_fear,3,3,755,38,732.5,5.1,3.7,6.9,
2023-2025,nonharedi_jew,all_personal_excl_cyber,reason_not_reported,ashamed,3,3,755,17,732.5,2.2,1.4,3.5,
2023-2025,nonharedi_jew,all_personal_excl_cyber,reason_not_reported,fear_revenge,3,3,755,21,732.5,2.9,1.9,4.3,
2023-2025,nonharedi_jew,all_personal_excl_cyber,reason_not_reported,handled_self,3,3,755,90,732.5,12.1,9.9,14.7,
2023-2025,nonharedi_jew,all_personal_excl_cyber,reason_not_reported,not_worth_bothering,3,3,755,91,732.5,12.1,9.9,14.7,
2023-2025,nonharedi_jew,all_personal_excl_cyber,reason_not_reported,other,3,3,755,24,732.5,3.2,2.1,4.7,
2023-2025,nonharedi_jew,all_personal_excl_cyber,reason_not_reported,personal_time,3,3,755,118,732.5,15.6,13.2,18.5,
2023-2025,nonharedi_jew,all_personal_excl_cyber,reason_not_reported,police_ineffective_past,3,3,755,108,732.5,14.2,11.9,17.0,
2023-2025,nonharedi_jew,all_personal_excl_cyber,reason_not_reported,police_unable,3,3,755,99,732.5,13.2,10.9,15.8,
2023-2025,nonharedi_jew,all_personal_excl_cyber,reason_not_reported,police_unwilling,3,3,755,142,732.5,18.5,15.9,21.5,
2023-2025,nonharedi_jew,all_personal_excl_cyber,reason_not_reported,turned_elsewhere,3,3,755,45,732.5,5.9,4.4,7.9,
2023-2025,nonharedi_jew,cyber,reason_broad,handled_otherwise,3,3,966,424,942.8,43.7,40.6,46.9,
2023-2025,nonharedi_jew,cyber,reason_broad,not_worth_it,3,3,966,115,942.8,11.9,10.0,14.1,
2023-2025,nonharedi_jew,cyber,reason_broad,other,3,3,966,30,942.8,3.1,2.2,4.4,
2023-2025,nonharedi_jew,cyber,reason_broad,police_wont_help,3,3,966,299,942.8,31.1,28.2,34.1,
2023-2025,nonharedi_jew,cyber,reason_broad,shame_fear,3,3,966,98,942.8,10.2,8.4,12.3,
2023-2025,nonharedi_jew,cyber,reason_not_reported,ashamed,3,3,966,96,942.8,10.0,8.3,12.1,
2023-2025,nonharedi_jew,cyber,reason_not_reported,didnt_know_police_handles,3,3,966,72,942.8,7.4,5.9,9.2,
2023-2025,nonharedi_jew,cyber,reason_not_reported,fear_revenge,3,3,966,2,942.8,0.2,0.1,0.8,
2023-2025,nonharedi_jew,cyber,reason_not_reported,handled_self,3,3,966,113,942.8,11.6,9.7,13.8,
2023-2025,nonharedi_jew,cyber,reason_not_reported,not_worth_bothering,3,3,966,68,942.8,7.1,5.6,8.9,
2023-2025,nonharedi_jew,cyber,reason_not_reported,other,3,3,966,30,942.8,3.1,2.2,4.4,
2023-2025,nonharedi_jew,cyber,reason_not_reported,personal_time,3,3,966,47,942.8,4.8,3.6,6.3,
2023-2025,nonharedi_jew,cyber,reason_not_reported,police_ineffective_past,3,3,966,54,942.8,5.7,4.4,7.4,
2023-2025,nonharedi_jew,cyber,reason_not_reported,police_unable,3,3,966,104,942.8,10.8,9.0,13.0,
2023-2025,nonharedi_jew,cyber,reason_not_reported,police_unwilling,3,3,966,69,942.8,7.2,5.7,9.1,
2023-2025,nonharedi_jew,cyber,reason_not_reported,turned_elsewhere,3,3,966,311,942.8,32.1,29.2,35.2,
2023-2025,nonharedi_jew,sexual_harassment,reason_broad,handled_otherwise,3,3,302,66,292.9,22.4,18.0,27.5,
2023-2025,nonharedi_jew,sexual_harassment,reason_broad,not_worth_it,3,3,302,104,292.9,33.9,28.7,39.5,
2023-2025,nonharedi_jew,sexual_harassment,reason_broad,other,3,3,302,9,292.9,3.0,1.6,5.6,
2023-2025,nonharedi_jew,sexual_harassment,reason_broad,police_wont_help,3,3,302,105,292.9,34.5,29.3,40.2,
2023-2025,nonharedi_jew,sexual_harassment,reason_broad,shame_fear,3,3,302,18,292.9,6.2,3.9,9.5,
2023-2025,nonharedi_jew,sexual_harassment,reason_not_reported,ashamed,3,3,302,13,292.9,4.4,2.6,7.4,
2023-2025,nonharedi_jew,sexual_harassment,reason_not_reported,fear_revenge,3,3,302,5,292.9,1.8,0.8,4.0,
2023-2025,nonharedi_jew,sexual_harassment,reason_not_reported,handled_self,3,3,302,53,292.9,18.1,14.1,22.9,
2023-2025,nonharedi_jew,sexual_harassment,reason_not_reported,not_worth_bothering,3,3,302,54,292.9,17.6,13.6,22.3,
2023-2025,nonharedi_jew,sexual_harassment,reason_not_reported,other,3,3,302,9,292.9,3.0,1.6,5.6,
2023-2025,nonharedi_jew,sexual_harassment,reason_not_reported,personal_time,3,3,302,50,292.9,16.3,12.5,21.0,
2023-2025,nonharedi_jew,sexual_harassment,reason_not_reported,police_ineffective_past,3,3,302,40,292.9,13.0,9.7,17.4,
2023-2025,nonharedi_jew,sexual_harassment,reason_not_reported,police_unable,3,3,302,28,292.9,8.7,6.0,12.5,
2023-2025,nonharedi_jew,sexual_harassment,reason_not_reported,police_unwilling,3,3,302,37,292.9,12.8,9.4,17.1,
2023-2025,nonharedi_jew,sexual_harassment,reason_not_reported,turned_elsewhere,3,3,302,13,292.9,4.3,2.5,7.3,
2023-2025,nonharedi_jew,theft,reason_broad,handled_otherwise,3,3,169,27,162.7,15.5,10.7,21.8,
2023-2025,nonharedi_jew,theft,reason_broad,not_worth_it,3,3,169,37,162.7,22.4,16.6,29.4,
2023-2025,nonharedi_jew,theft,reason_broad,other,3,3,169,4,162.7,2.3,0.9,5.9,
2023-2025,nonharedi_jew,theft,reason_broad,police_wont_help,3,3,169,101,162.7,59.9,52.2,67.1,
2023-2025,nonharedi_jew,theft,reason_not_reported,handled_self,3,3,169,10,162.7,5.7,3.0,10.4,
2023-2025,nonharedi_jew,theft,reason_not_reported,not_worth_bothering,3,3,169,11,162.7,6.9,3.9,11.9,
2023-2025,nonharedi_jew,theft,reason_not_reported,other,3,3,169,4,162.7,2.3,0.9,5.9,
2023-2025,nonharedi_jew,theft,reason_not_reported,personal_time,3,3,169,26,162.7,15.5,10.7,21.8,
2023-2025,nonharedi_jew,theft,reason_not_reported,police_ineffective_past,3,3,169,26,162.7,15.8,11.0,22.1,
2023-2025,nonharedi_jew,theft,reason_not_reported,police_unable,3,3,169,28,162.7,17.2,12.2,23.7,
2023-2025,nonharedi_jew,theft,reason_not_reported,police_unwilling,3,3,169,47,162.7,26.9,20.7,34.2,
2023-2025,nonharedi_jew,theft,reason_not_reported,turned_elsewhere,3,3,169,17,162.7,9.8,6.1,15.3,
2023-2025,nonharedi_jew,violence_threat,reason_broad,handled_otherwise,3,3,284,42,276.9,14.9,11.2,19.5,
2023-2025,nonharedi_jew,violence_threat,reason_broad,not_worth_it,3,3,284,68,276.9,24.4,19.7,29.7,
2023-2025,nonharedi_jew,violence_threat,reason_broad,other,3,3,284,11,276.9,3.9,2.2,6.9,
2023-2025,nonharedi_jew,violence_threat,reason_broad,police_wont_help,3,3,284,143,276.9,50.0,44.2,55.9,
2023-2025,nonharedi_jew,violence_threat,reason_broad,shame_fear,3,3,284,20,276.9,6.9,4.4,10.5,
2023-2025,nonharedi_jew,violence_threat,reason_not_reported,ashamed,3,3,284,4,276.9,1.2,0.4,3.2,
2023-2025,nonharedi_jew,violence_threat,reason_not_reported,fear_revenge,3,3,284,16,276.9,5.7,3.5,9.1,
2023-2025,nonharedi_jew,violence_threat,reason_not_reported,handled_self,3,3,284,27,276.9,9.4,6.5,13.5,
2023-2025,nonharedi_jew,violence_threat,reason_not_reported,not_worth_bothering,3,3,284,26,276.9,9.3,6.4,13.3,
2023-2025,nonharedi_jew,violence_threat,reason_not_reported,other,3,3,284,11,276.9,3.9,2.2,6.9,
2023-2025,nonharedi_jew,violence_threat,reason_not_reported,personal_time,3,3,284,42,276.9,15.0,11.3,19.7,
2023-2025,nonharedi_jew,violence_threat,reason_not_reported,police_ineffective_past,3,3,284,42,276.9,14.6,11.0,19.3,
2023-2025,nonharedi_jew,violence_threat,reason_not_reported,police_unable,3,3,284,43,276.9,15.6,11.8,20.4,
2023-2025,nonharedi_jew,violence_threat,reason_not_reported,police_unwilling,3,3,284,58,276.9,19.8,15.5,24.8,
2023-2025,nonharedi_jew,violence_threat,reason_not_reported,turned_elsewhere,3,3,284,15,276.9,5.4,3.3,8.7,
2015-2025,all_20plus,all_personal,reason_broad,handled_otherwise,11,10,6337,1410,6091.9,22.5,21.5,23.6,
2015-2025,all_20plus,all_personal,reason_broad,not_worth_it,11,11,6337,1453,6091.9,22.7,21.6,23.7,
2015-2025,all_20plus,all_personal,reason_broad,other,11,11,6337,486,6091.9,7.6,6.9,8.2,
2015-2025,all_20plus,all_personal,reason_broad,police_wont_help,11,11,6337,2609,6091.9,41.1,39.9,42.4,
2015-2025,all_20plus,all_personal,reason_broad,shame_fear,11,11,6337,379,6091.9,6.1,5.5,6.7,
2015-2025,all_20plus,all_personal,reason_not_reported,ashamed,11,11,6337,252,6091.9,4.1,3.6,4.6,
2015-2025,all_20plus,all_personal,reason_not_reported,didnt_know_police_handles,11,4,6337,112,6091.9,1.8,1.5,2.2,
2015-2025,all_20plus,all_personal,reason_not_reported,fear_revenge,11,11,6337,127,6091.9,2.0,1.7,2.4,
2015-2025,all_20plus,all_personal,reason_not_reported,handled_self,11,6,6337,474,6091.9,7.6,7.0,8.3,
2015-2025,all_20plus,all_personal,reason_not_reported,not_worth_bothering,11,11,6337,816,6091.9,12.7,11.9,13.6,
2015-2025,all_20plus,all_personal,reason_not_reported,other,11,11,6337,486,6091.9,7.6,6.9,8.2,
2015-2025,all_20plus,all_personal,reason_not_reported,personal_time,11,10,6337,637,6091.9,10.0,9.2,10.7,
2015-2025,all_20plus,all_personal,reason_not_reported,police_ineffective_past,11,11,6337,778,6091.9,12.2,11.4,13.1,
2015-2025,all_20plus,all_personal,reason_not_reported,police_unable,11,11,6337,899,6091.9,14.1,13.3,15.0,
2015-2025,all_20plus,all_personal,reason_not_reported,police_unwilling,11,11,6337,820,6091.9,12.9,12.1,13.8,
2015-2025,all_20plus,all_personal,reason_not_reported,turned_elsewhere,11,10,6337,936,6091.9,14.9,14.0,15.8,
2015-2025,all_20plus,all_personal_excl_cyber,reason_broad,handled_otherwise,11,10,3480,433,3337.6,12.6,11.5,13.7,
2015-2025,all_20plus,all_personal_excl_cyber,reason_broad,not_worth_it,11,11,3480,962,3337.6,27.5,26.0,29.0,
2015-2025,all_20plus,all_personal_excl_cyber,reason_broad,other,11,11,3480,275,3337.6,7.8,7.0,8.8,
2015-2025,all_20plus,all_personal_excl_cyber,reason_broad,police_wont_help,11,11,3480,1621,3337.6,46.8,45.1,48.5,
2015-2025,all_20plus,all_personal_excl_cyber,reason_broad,shame_fear,11,11,3480,189,3337.6,5.4,4.7,6.2,
2015-2025,all_20plus,all_personal_excl_cyber,reason_not_reported,ashamed,11,11,3480,82,3337.6,2.3,1.8,2.9,
2015-2025,all_20plus,all_personal_excl_cyber,reason_not_reported,fear_revenge,11,11,3480,107,3337.6,3.1,2.5,3.7,
2015-2025,all_20plus,all_personal_excl_cyber,reason_not_reported,handled_self,11,6,3480,228,3337.6,6.7,5.9,7.6,
2015-2025,all_20plus,all_personal_excl_cyber,reason_not_reported,not_worth_bothering,11,11,3480,507,3337.6,14.4,13.2,15.6,
2015-2025,all_20plus,all_personal_excl_cyber,reason_not_reported,other,11,11,3480,275,3337.6,7.8,7.0,8.8,
2015-2025,all_20plus,all_personal_excl_cyber,reason_not_reported,personal_time,11,10,3480,455,3337.6,13.1,12.0,14.3,
2015-2025,all_20plus,all_personal_excl_cyber,reason_not_reported,police_ineffective_past,11,11,3480,556,3337.6,16.0,14.8,17.3,
2015-2025,all_20plus,all_personal_excl_cyber,reason_not_reported,police_unable,11,11,3480,518,3337.6,15.0,13.8,16.2,
2015-2025,all_20plus,all_personal_excl_cyber,reason_not_reported,police_unwilling,11,11,3480,547,3337.6,15.8,14.6,17.1,
2015-2025,all_20plus,all_personal_excl_cyber,reason_not_reported,turned_elsewhere,11,10,3480,205,3337.6,5.9,5.1,6.7,
2015-2025,all_20plus,cyber,reason_broad,handled_otherwise,11,10,2857,977,2754.3,34.6,32.8,36.4,
2015-2025,all_20plus,cyber,reason_broad,not_worth_it,11,11,2857,491,2754.3,16.8,15.5,18.3,
2015-2025,all_20plus,cyber,reason_broad,other,11,11,2857,211,2754.3,7.2,6.3,8.3,
2015-2025,all_20plus,cyber,reason_broad,police_wont_help,11,11,2857,988,2754.3,34.3,32.6,36.1,
2015-2025,all_20plus,cyber,reason_broad,shame_fear,11,11,2857,190,2754.3,7.0,6.1,8.0,
2015-2025,all_20plus,cyber,reason_not_reported,ashamed,11,11,2857,170,2754.3,6.3,5.4,7.2,
2015-2025,all_20plus,cyber,reason_not_reported,didnt_know_police_handles,11,4,2857,112,2754.3,4.1,3.4,4.9,
2015-2025,all_20plus,cyber,reason_not_reported,fear_revenge,11,11,2857,20,2754.3,0.7,0.5,1.1,
2015-2025,all_20plus,cyber,reason_not_reported,handled_self,11,6,2857,246,2754.3,8.8,7.8,9.9,
2015-2025,all_20plus,cyber,reason_not_reported,not_worth_bothering,11,11,2857,309,2754.3,10.7,9.6,11.9,
2015-2025,all_20plus,cyber,reason_not_reported,other,11,11,2857,211,2754.3,7.2,6.3,8.3,
2015-2025,all_20plus,cyber,reason_not_reported,personal_time,11,10,2857,182,2754.3,6.1,5.3,7.1,
2015-2025,all_20plus,cyber,reason_not_reported,police_ineffective_past,11,11,2857,222,2754.3,7.7,6.7,8.7,
2015-2025,all_20plus,cyber,reason_not_reported,police_unable,11,11,2857,381,2754.3,13.2,12.0,14.5,
2015-2025,all_20plus,cyber,reason_not_reported,police_unwilling,11,11,2857,273,2754.3,9.4,8.4,10.6,
2015-2025,all_20plus,cyber,reason_not_reported,turned_elsewhere,11,10,2857,731,2754.3,25.8,24.2,27.5,
2015-2025,all_20plus,sexual_harassment,reason_broad,handled_otherwise,11,10,1285,166,1231.6,13.4,11.6,15.4,
2015-2025,all_20plus,sexual_harassment,reason_broad,not_worth_it,11,11,1285,451,1231.6,34.8,32.2,37.5,
2015-2025,all_20plus,sexual_harassment,reason_broad,other,11,11,1285,118,1231.6,9.4,7.9,11.2,
2015-2025,all_20plus,sexual_harassment,reason_broad,police_wont_help,11,11,1285,454,1231.6,35.1,32.4,37.8,
2015-2025,all_20plus,sexual_harassment,reason_broad,shame_fear,11,11,1285,96,1231.6,7.4,6.0,8.9,
2015-2025,all_20plus,sexual_harassment,reason_not_reported,ashamed,11,11,1285,69,1231.6,5.3,4.1,6.6,
2015-2025,all_20plus,sexual_harassment,reason_not_reported,fear_revenge,11,11,1285,27,1231.6,2.1,1.4,3.1,
2015-2025,all_20plus,sexual_harassment,reason_not_reported,handled_self,11,6,1285,114,1231.6,9.2,7.7,11.0,
2015-2025,all_20plus,sexual_harassment,reason_not_reported,not_worth_bothering,11,11,1285,265,1231.6,20.3,18.2,22.7,
2015-2025,all_20plus,sexual_harassment,reason_not_reported,other,11,11,1285,118,1231.6,9.4,7.9,11.2,
2015-2025,all_20plus,sexual_harassment,reason_not_reported,personal_time,11,10,1285,186,1231.6,14.5,12.6,16.6,
2015-2025,all_20plus,sexual_harassment,reason_not_reported,police_ineffective_past,11,11,1285,141,1231.6,10.9,9.3,12.8,
2015-2025,all_20plus,sexual_harassment,reason_not_reported,police_unable,11,11,1285,140,1231.6,10.6,9.0,12.5,
2015-2025,all_20plus,sexual_harassment,reason_not_reported,police_unwilling,11,11,1285,173,1231.6,13.5,11.7,15.5,
2015-2025,all_20plus,sexual_harassment,reason_not_reported,turned_elsewhere,11,10,1285,52,1231.6,4.1,3.1,5.4,
2015-2025,all_20plus,theft,reason_broad,handled_otherwise,11,10,1011,116,967.4,11.4,9.5,13.5,
2015-2025,all_20plus,theft,reason_broad,not_worth_it,11,11,1011,251,967.4,24.5,21.9,27.3,
2015-2025,all_20plus,theft,reason_broad,other,11,11,1011,73,967.4,6.8,5.4,8.6,
2015-2025,all_20plus,theft,reason_broad,police_wont_help,11,11,1011,571,967.4,57.3,54.2,60.4,
2015-2025,all_20plus,theft,reason_not_reported,handled_self,11,6,1011,44,967.4,4.3,3.2,5.8,
2015-2025,all_20plus,theft,reason_not_reported,not_worth_bothering,11,11,1011,117,967.4,11.3,9.5,13.5,
2015-2025,all_20plus,theft,reason_not_reported,other,11,11,1011,73,967.4,6.8,5.4,8.6,
2015-2025,all_20plus,theft,reason_not_reported,personal_time,11,10,1011,134,967.4,13.2,11.2,15.4,
2015-2025,all_20plus,theft,reason_not_reported,police_ineffective_past,11,11,1011,183,967.4,18.3,16.0,20.9,
2015-2025,all_20plus,theft,reason_not_reported,police_unable,11,11,1011,217,967.4,21.7,19.2,24.4,
2015-2025,all_20plus,theft,reason_not_reported,police_unwilling,11,11,1011,171,967.4,17.3,15.1,19.8,
2015-2025,all_20plus,theft,reason_not_reported,turned_elsewhere,11,10,1011,72,967.4,7.0,5.6,8.8,
2015-2025,all_20plus,violence_threat,reason_broad,handled_otherwise,11,10,1184,151,1138.6,12.8,11.0,14.9,
2015-2025,all_20plus,violence_threat,reason_broad,not_worth_it,11,11,1184,260,1138.6,22.0,19.7,24.5,
2015-2025,all_20plus,violence_threat,reason_broad,other,11,11,1184,84,1138.6,7.0,5.6,8.6,
2015-2025,all_20plus,violence_threat,reason_broad,police_wont_help,11,11,1184,596,1138.6,50.5,47.6,53.4,
2015-2025,all_20plus,violence_threat,reason_broad,shame_fear,11,11,1184,93,1138.6,7.8,6.4,9.5,
2015-2025,all_20plus,violence_threat,reason_not_reported,ashamed,11,11,1184,13,1138.6,1.0,0.6,1.8,
2015-2025,all_20plus,violence_threat,reason_not_reported,fear_revenge,11,11,1184,80,1138.6,6.7,5.4,8.3,
2015-2025,all_20plus,violence_threat,reason_not_reported,handled_self,11,6,1184,70,1138.6,6.0,4.8,7.5,
2015-2025,all_20plus,violence_threat,reason_not_reported,not_worth_bothering,11,11,1184,125,1138.6,10.5,8.8,12.4,
2015-2025,all_20plus,violence_threat,reason_not_reported,other,11,11,1184,84,1138.6,7.0,5.6,8.6,
2015-2025,all_20plus,violence_threat,reason_not_reported,personal_time,11,10,1184,135,1138.6,11.5,9.8,13.5,
2015-2025,all_20plus,violence_threat,reason_not_reported,police_ineffective_past,11,11,1184,232,1138.6,19.5,17.3,21.9,
2015-2025,all_20plus,violence_threat,reason_not_reported,police_unable,11,11,1184,161,1138.6,13.9,12.0,16.0,
2015-2025,all_20plus,violence_threat,reason_not_reported,police_unwilling,11,11,1184,203,1138.6,17.1,15.0,19.4,
2015-2025,all_20plus,violence_threat,reason_not_reported,turned_elsewhere,11,10,1184,81,1138.6,6.8,5.5,8.4,
2015-2025,haredi,all_personal,reason_broad,handled_otherwise,11,10,429,90,418.0,21.2,17.5,25.4,
2015-2025,haredi,all_personal,reason_broad,not_worth_it,11,11,429,109,418.0,25.1,21.2,29.5,
2015-2025,haredi,all_personal,reason_broad,other,11,11,429,27,418.0,6.6,4.6,9.4,
2015-2025,haredi,all_personal,reason_broad,police_wont_help,11,11,429,174,418.0,40.7,36.1,45.4,
2015-2025,haredi,all_personal,reason_broad,shame_fear,11,11,429,29,418.0,6.5,4.5,9.2,
2015-2025,haredi,all_personal,reason_not_reported,ashamed,11,11,429,19,418.0,4.4,2.8,6.8,
2015-2025,haredi,all_personal,reason_not_reported,didnt_know_police_handles,11,4,429,5,418.0,1.1,0.4,2.6,
2015-2025,haredi,all_personal,reason_not_reported,fear_revenge,11,11,429,10,418.0,2.1,1.1,3.9,
2015-2025,haredi,all_personal,reason_not_reported,handled_self,11,6,429,31,418.0,7.2,5.1,10.1,
2015-2025,haredi,all_personal,reason_not_reported,not_worth_bothering,11,11,429,62,418.0,13.9,10.9,17.5,
2015-2025,haredi,all_personal,reason_not_reported,other,11,11,429,27,418.0,6.6,4.6,9.4,
2015-2025,haredi,all_personal,reason_not_reported,personal_time,11,10,429,47,418.0,11.3,8.6,14.7,
2015-2025,haredi,all_personal,reason_not_reported,police_ineffective_past,11,11,429,56,418.0,13.0,10.1,16.6,
2015-2025,haredi,all_personal,reason_not_reported,police_unable,11,11,429,56,418.0,13.0,10.1,16.6,
2015-2025,haredi,all_personal,reason_not_reported,police_unwilling,11,11,429,57,418.0,13.6,10.6,17.2,
2015-2025,haredi,all_personal,reason_not_reported,turned_elsewhere,11,10,429,59,418.0,14.0,11.0,17.7,
2015-2025,haredi,all_personal_excl_cyber,reason_broad,handled_otherwise,11,10,271,36,263.6,13.0,9.5,17.6,
2015-2025,haredi,all_personal_excl_cyber,reason_broad,not_worth_it,11,11,271,79,263.6,28.9,23.7,34.6,
2015-2025,haredi,all_personal_excl_cyber,reason_broad,other,11,11,271,15,263.6,5.7,3.5,9.2,
2015-2025,haredi,all_personal_excl_cyber,reason_broad,police_wont_help,11,11,271,131,263.6,49.1,43.1,55.1,
2015-2025,haredi,all_personal_excl_cyber,reason_broad,shame_fear,11,11,271,10,263.6,3.3,1.8,6.3,
2015-2025,haredi,all_personal_excl_cyber,reason_not_reported,ashamed,11,11,271,1,263.6,0.4,0.1,2.2,
2015-2025,haredi,all_personal_excl_cyber,reason_not_reported,fear_revenge,11,11,271,9,263.6,2.9,1.5,5.7,
2015-2025,haredi,all_personal_excl_cyber,reason_not_reported,handled_self,11,6,271,19,263.6,6.9,4.4,10.6,
2015-2025,haredi,all_personal_excl_cyber,reason_not_reported,not_worth_bothering,11,11,271,43,263.6,14.9,11.1,19.7,
2015-2025,haredi,all_personal_excl_cyber,reason_not_reported,other,11,11,271,15,263.6,5.7,3.5,9.2,
2015-2025,haredi,all_personal_excl_cyber,reason_not_reported,personal_time,11,10,271,36,263.6,13.9,10.3,18.6,
2015-2025,haredi,all_personal_excl_cyber,reason_not_reported,police_ineffective_past,11,11,271,44,263.6,16.6,12.6,21.6,
2015-2025,haredi,all_personal_excl_cyber,reason_not_reported,police_unable,11,11,271,41,263.6,15.1,11.3,20.0,
2015-2025,haredi,all_personal_excl_cyber,reason_not_reported,police_unwilling,11,11,271,46,263.6,17.3,13.2,22.4,
2015-2025,haredi,all_personal_excl_cyber,reason_not_reported,turned_elsewhere,11,10,271,17,263.6,6.1,3.8,9.7,
2015-2025,haredi,cyber,reason_broad,handled_otherwise,11,10,158,54,154.4,35.1,28.0,42.9,
2015-2025,haredi,cyber,reason_broad,not_worth_it,11,11,158,30,154.4,18.8,13.4,25.7,
2015-2025,haredi,cyber,reason_broad,other,11,11,158,12,154.4,8.0,4.7,13.4,
2015-2025,haredi,cyber,reason_broad,police_wont_help,11,11,158,43,154.4,26.4,20.0,33.8,
2015-2025,haredi,cyber,reason_broad,shame_fear,11,11,158,19,154.4,11.7,7.6,17.8,
2015-2025,haredi,cyber,reason_not_reported,ashamed,11,11,158,18,154.4,11.1,7.1,17.0,
2015-2025,haredi,cyber,reason_not_reported,didnt_know_police_handles,11,4,158,5,154.4,2.9,1.2,6.9,
2015-2025,haredi,cyber,reason_not_reported,fear_revenge,11,11,158,1,154.4,0.6,0.1,3.5,
2015-2025,haredi,cyber,reason_not_reported,handled_self,11,6,158,12,154.4,7.6,4.4,12.9,
2015-2025,haredi,cyber,reason_not_reported,not_worth_bothering,11,11,158,19,154.4,12.1,7.8,18.2,
2015-2025,haredi,cyber,reason_not_reported,other,11,11,158,12,154.4,8.0,4.7,13.4,
2015-2025,haredi,cyber,reason_not_reported,personal_time,11,10,158,11,154.4,6.7,3.7,11.8,
2015-2025,haredi,cyber,reason_not_reported,police_ineffective_past,11,11,158,12,154.4,7.0,3.9,12.1,
2015-2025,haredi,cyber,reason_not_reported,police_unable,11,11,158,15,154.4,9.4,5.7,15.0,
2015-2025,haredi,cyber,reason_not_reported,police_unwilling,11,11,158,11,154.4,7.1,4.0,12.3,
2015-2025,haredi,cyber,reason_not_reported,turned_elsewhere,11,10,158,42,154.4,27.5,21.0,35.0,
2015-2025,haredi,sexual_harassment,reason_broad,handled_otherwise,11,10,49,7,47.7,14.3,7.1,26.9,warn_n_30_49
2015-2025,haredi,sexual_harassment,reason_broad,not_worth_it,11,11,49,15,47.7,29.3,18.4,43.4,warn_n_30_49
2015-2025,haredi,sexual_harassment,reason_broad,other,11,11,49,4,47.7,9.0,3.7,20.5,warn_n_30_49
2015-2025,haredi,sexual_harassment,reason_broad,police_wont_help,11,11,49,21,47.7,42.8,29.9,56.9,warn_n_30_49
2015-2025,haredi,sexual_harassment,reason_broad,shame_fear,11,11,49,2,47.7,4.5,1.3,14.4,warn_n_30_49
2015-2025,haredi,sexual_harassment,reason_not_reported,ashamed,11,11,49,1,47.7,2.4,0.5,11.5,warn_n_30_49
2015-2025,haredi,sexual_harassment,reason_not_reported,fear_revenge,11,11,49,1,47.7,2.0,0.4,10.9,warn_n_30_49
2015-2025,haredi,sexual_harassment,reason_not_reported,handled_self,11,6,49,6,47.7,12.2,5.7,24.4,warn_n_30_49
2015-2025,haredi,sexual_harassment,reason_not_reported,not_worth_bothering,11,11,49,6,47.7,10.7,4.7,22.5,warn_n_30_49
2015-2025,haredi,sexual_harassment,reason_not_reported,other,11,11,49,4,47.7,9.0,3.7,20.5,warn_n_30_49
2015-2025,haredi,sexual_harassment,reason_not_reported,personal_time,11,10,49,9,47.7,18.7,10.1,31.9,warn_n_30_49
2015-2025,haredi,sexual_harassment,reason_not_reported,police_ineffective_past,11,11,49,6,47.7,11.2,5.0,23.2,warn_n_30_49
2015-2025,haredi,sexual_harassment,reason_not_reported,police_unable,11,11,49,9,47.7,18.9,10.3,32.1,warn_n_30_49
2015-2025,haredi,sexual_harassment,reason_not_reported,police_unwilling,11,11,49,6,47.7,12.8,6.0,25.1,warn_n_30_49
2015-2025,haredi,sexual_harassment,reason_not_reported,turned_elsewhere,11,10,49,1,47.7,2.1,0.4,11.0,warn_n_30_49
2015-2025,haredi,theft,reason_broad,handled_otherwise,11,10,107,11,104.0,9.5,5.2,16.7,
2015-2025,haredi,theft,reason_broad,not_worth_it,11,11,107,36,104.0,33.3,25.0,42.8,
2015-2025,haredi,theft,reason_broad,other,11,11,107,8,104.0,7.6,3.9,14.3,
2015-2025,haredi,theft,reason_broad,police_wont_help,11,11,107,52,104.0,49.6,40.2,59.1,
2015-2025,haredi,theft,reason_not_reported,handled_self,11,6,107,4,104.0,3.5,1.3,9.0,
2015-2025,haredi,theft,reason_not_reported,not_worth_bothering,11,11,107,21,104.0,18.6,12.3,27.1,
2015-2025,haredi,theft,reason_not_reported,other,11,11,107,8,104.0,7.6,3.9,14.3,
2015-2025,haredi,theft,reason_not_reported,personal_time,11,10,107,15,104.0,14.7,9.2,22.8,
2015-2025,haredi,theft,reason_not_reported,police_ineffective_past,11,11,107,15,104.0,15.0,9.4,23.1,
2015-2025,haredi,theft,reason_not_reported,police_unable,11,11,107,21,104.0,19.1,12.7,27.8,
2015-2025,haredi,theft,reason_not_reported,police_unwilling,11,11,107,16,104.0,15.5,9.8,23.6,
2015-2025,haredi,theft,reason_not_reported,turned_elsewhere,11,10,107,7,104.0,6.0,2.8,12.3,
2015-2025,haredi,violence_threat,reason_broad,handled_otherwise,11,10,115,18,112.0,15.7,10.1,23.6,
2015-2025,haredi,violence_threat,reason_broad,not_worth_it,11,11,115,28,112.0,24.5,17.5,33.2,
2015-2025,haredi,violence_threat,reason_broad,other,11,11,115,3,112.0,2.7,0.9,7.5,
2015-2025,haredi,violence_threat,reason_broad,police_wont_help,11,11,115,58,112.0,51.1,42.0,60.2,
2015-2025,haredi,violence_threat,reason_broad,shame_fear,11,11,115,8,112.0,6.0,2.9,12.0,
2015-2025,haredi,violence_threat,reason_not_reported,ashamed,11,11,115,0,112.0,0.0,0.0,3.3,
2015-2025,haredi,violence_threat,reason_not_reported,fear_revenge,11,11,115,8,112.0,6.0,2.9,12.0,
2015-2025,haredi,violence_threat,reason_not_reported,handled_self,11,6,115,9,112.0,7.9,4.2,14.5,
2015-2025,haredi,violence_threat,reason_not_reported,not_worth_bothering,11,11,115,16,112.0,13.2,8.2,20.8,
2015-2025,haredi,violence_threat,reason_not_reported,other,11,11,115,3,112.0,2.7,0.9,7.5,
2015-2025,haredi,violence_threat,reason_not_reported,personal_time,11,10,115,12,112.0,11.3,6.6,18.4,
2015-2025,haredi,violence_threat,reason_not_reported,police_ineffective_past,11,11,115,23,112.0,20.3,13.9,28.7,
2015-2025,haredi,violence_threat,reason_not_reported,police_unable,11,11,115,11,112.0,9.9,5.6,16.8,
2015-2025,haredi,violence_threat,reason_not_reported,police_unwilling,11,11,115,24,112.0,21.0,14.5,29.4,
2015-2025,haredi,violence_threat,reason_not_reported,turned_elsewhere,11,10,115,9,112.0,7.8,4.1,14.2,
2015-2025,nonharedi_jew,all_personal,reason_broad,handled_otherwise,11,10,4998,1136,4832.8,23.0,21.9,24.2,
2015-2025,nonharedi_jew,all_personal,reason_broad,not_worth_it,11,11,4998,1139,4832.8,22.6,21.5,23.8,
2015-2025,nonharedi_jew,all_personal,reason_broad,other,11,11,4998,381,4832.8,7.4,6.7,8.2,
2015-2025,nonharedi_jew,all_personal,reason_broad,police_wont_help,11,11,4998,2060,4832.8,41.2,39.8,42.6,
2015-2025,nonharedi_jew,all_personal,reason_broad,shame_fear,11,11,4998,282,4832.8,5.8,5.1,6.5,
2015-2025,nonharedi_jew,all_personal,reason_not_reported,ashamed,11,11,4998,191,4832.8,3.9,3.4,4.5,
2015-2025,nonharedi_jew,all_personal,reason_not_reported,didnt_know_police_handles,11,4,4998,97,4832.8,2.0,1.7,2.5,
2015-2025,nonharedi_jew,all_personal,reason_not_reported,fear_revenge,11,11,4998,91,4832.8,1.8,1.5,2.3,
2015-2025,nonharedi_jew,all_personal,reason_not_reported,handled_self,11,6,4998,361,4832.8,7.4,6.7,8.2,
2015-2025,nonharedi_jew,all_personal,reason_not_reported,not_worth_bothering,11,11,4998,660,4832.8,13.1,12.1,14.0,
2015-2025,nonharedi_jew,all_personal,reason_not_reported,other,11,11,4998,381,4832.8,7.4,6.7,8.2,
2015-2025,nonharedi_jew,all_personal,reason_not_reported,personal_time,11,10,4998,479,4832.8,9.6,8.8,10.4,
2015-2025,nonharedi_jew,all_personal,reason_not_reported,police_ineffective_past,11,11,4998,625,4832.8,12.4,11.5,13.4,
2015-2025,nonharedi_jew,all_personal,reason_not_reported,police_unable,11,11,4998,722,4832.8,14.4,13.4,15.4,
2015-2025,nonharedi_jew,all_personal,reason_not_reported,police_unwilling,11,11,4998,616,4832.8,12.4,11.5,13.3,
2015-2025,nonharedi_jew,all_personal,reason_not_reported,turned_elsewhere,11,10,4998,775,4832.8,15.7,14.7,16.7,
2015-2025,nonharedi_jew,all_personal_excl_cyber,reason_broad,handled_otherwise,11,10,2650,320,2557.0,12.3,11.1,13.6,
2015-2025,nonharedi_jew,all_personal_excl_cyber,reason_broad,not_worth_it,11,11,2650,731,2557.0,27.6,25.9,29.4,
2015-2025,nonharedi_jew,all_personal_excl_cyber,reason_broad,other,11,11,2650,212,2557.0,7.8,6.8,8.9,
2015-2025,nonharedi_jew,all_personal_excl_cyber,reason_broad,police_wont_help,11,11,2650,1244,2557.0,46.9,45.0,48.8,
2015-2025,nonharedi_jew,all_personal_excl_cyber,reason_broad,shame_fear,11,11,2650,143,2557.0,5.4,4.6,6.3,
2015-2025,nonharedi_jew,all_personal_excl_cyber,reason_not_reported,ashamed,11,11,2650,60,2557.0,2.2,1.7,2.8,
2015-2025,nonharedi_jew,all_personal_excl_cyber,reason_not_reported,fear_revenge,11,11,2650,83,2557.0,3.2,2.6,4.0,
2015-2025,nonharedi_jew,all_personal_excl_cyber,reason_not_reported,handled_self,11,6,2650,164,2557.0,6.4,5.6,7.5,
2015-2025,nonharedi_jew,all_personal_excl_cyber,reason_not_reported,not_worth_bothering,11,11,2650,398,2557.0,14.9,13.6,16.4,
2015-2025,nonharedi_jew,all_personal_excl_cyber,reason_not_reported,other,11,11,2650,212,2557.0,7.8,6.8,8.9,
2015-2025,nonharedi_jew,all_personal_excl_cyber,reason_not_reported,personal_time,11,10,2650,333,2557.0,12.7,11.5,14.0,
2015-2025,nonharedi_jew,all_personal_excl_cyber,reason_not_reported,police_ineffective_past,11,11,2650,435,2557.0,16.3,14.9,17.8,
2015-2025,nonharedi_jew,all_personal_excl_cyber,reason_not_reported,police_unable,11,11,2650,406,2557.0,15.3,13.9,16.7,
2015-2025,nonharedi_jew,all_personal_excl_cyber,reason_not_reported,police_unwilling,11,11,2650,403,2557.0,15.3,14.0,16.8,
2015-2025,nonharedi_jew,all_personal_excl_cyber,reason_not_reported,turned_elsewhere,11,10,2650,156,2557.0,5.8,5.0,6.8,
2015-2025,nonharedi_jew,cyber,reason_broad,handled_otherwise,11,10,2348,816,2275.8,35.1,33.2,37.1,
2015-2025,nonharedi_jew,cyber,reason_broad,not_worth_it,11,11,2348,408,2275.8,17.0,15.5,18.6,
2015-2025,nonharedi_jew,cyber,reason_broad,other,11,11,2348,169,2275.8,6.9,6.0,8.0,
2015-2025,nonharedi_jew,cyber,reason_broad,police_wont_help,11,11,2348,816,2275.8,34.7,32.8,36.7,
2015-2025,nonharedi_jew,cyber,reason_broad,shame_fear,11,11,2348,139,2275.8,6.2,5.3,7.3,
2015-2025,nonharedi_jew,cyber,reason_not_reported,ashamed,11,11,2348,131,2275.8,5.9,5.0,7.0,
2015-2025,nonharedi_jew,cyber,reason_not_reported,didnt_know_police_handles,11,4,2348,97,2275.8,4.3,3.6,5.2,
2015-2025,nonharedi_jew,cyber,reason_not_reported,fear_revenge,11,11,2348,8,2275.8,0.3,0.2,0.6,
2015-2025,nonharedi_jew,cyber,reason_not_reported,handled_self,11,6,2348,197,2275.8,8.4,7.4,9.6,
2015-2025,nonharedi_jew,cyber,reason_not_reported,not_worth_bothering,11,11,2348,262,2275.8,10.9,9.7,12.3,
2015-2025,nonharedi_jew,cyber,reason_not_reported,other,11,11,2348,169,2275.8,6.9,6.0,8.0,
2015-2025,nonharedi_jew,cyber,reason_not_reported,personal_time,11,10,2348,146,2275.8,6.1,5.1,7.1,
2015-2025,nonharedi_jew,cyber,reason_not_reported,police_ineffective_past,11,11,2348,190,2275.8,8.0,7.0,9.2,
2015-2025,nonharedi_jew,cyber,reason_not_reported,police_unable,11,11,2348,316,2275.8,13.4,12.0,14.8,
2015-2025,nonharedi_jew,cyber,reason_not_reported,police_unwilling,11,11,2348,213,2275.8,9.0,7.9,10.3,
2015-2025,nonharedi_jew,cyber,reason_not_reported,turned_elsewhere,11,10,2348,619,2275.8,26.7,24.9,28.6,
2015-2025,nonharedi_jew,sexual_harassment,reason_broad,handled_otherwise,11,10,1063,137,1024.7,13.4,11.4,15.6,
2015-2025,nonharedi_jew,sexual_harassment,reason_broad,not_worth_it,11,11,1063,386,1024.7,36.1,33.2,39.1,
2015-2025,nonharedi_jew,sexual_harassment,reason_broad,other,11,11,1063,93,1024.7,8.8,7.2,10.7,
2015-2025,nonharedi_jew,sexual_harassment,reason_broad,police_wont_help,11,11,1063,372,1024.7,34.8,31.9,37.7,
2015-2025,nonharedi_jew,sexual_harassment,reason_broad,shame_fear,11,11,1063,75,1024.7,6.9,5.5,8.7,
2015-2025,nonharedi_jew,sexual_harassment,reason_not_reported,ashamed,11,11,1063,52,1024.7,4.6,3.5,6.1,
2015-2025,nonharedi_jew,sexual_harassment,reason_not_reported,fear_revenge,11,11,1063,23,1024.7,2.3,1.5,3.4,
2015-2025,nonharedi_jew,sexual_harassment,reason_not_reported,handled_self,11,6,1063,94,1024.7,9.4,7.7,11.3,
2015-2025,nonharedi_jew,sexual_harassment,reason_not_reported,not_worth_bothering,11,11,1063,240,1024.7,22.2,19.8,24.9,
2015-2025,nonharedi_jew,sexual_harassment,reason_not_reported,other,11,11,1063,93,1024.7,8.8,7.2,10.7,
2015-2025,nonharedi_jew,sexual_harassment,reason_not_reported,personal_time,11,10,1063,146,1024.7,13.9,11.9,16.1,
2015-2025,nonharedi_jew,sexual_harassment,reason_not_reported,police_ineffective_past,11,11,1063,121,1024.7,11.4,9.6,13.5,
2015-2025,nonharedi_jew,sexual_harassment,reason_not_reported,police_unable,11,11,1063,114,1024.7,10.4,8.7,12.4,
2015-2025,nonharedi_jew,sexual_harassment,reason_not_reported,police_unwilling,11,11,1063,137,1024.7,12.9,11.0,15.1,
2015-2025,nonharedi_jew,sexual_harassment,reason_not_reported,turned_elsewhere,11,10,1063,43,1024.7,4.0,3.0,5.4,
2015-2025,nonharedi_jew,theft,reason_broad,handled_otherwise,11,10,702,74,676.5,10.4,8.3,12.9,
2015-2025,nonharedi_jew,theft,reason_broad,not_worth_it,11,11,702,156,676.5,22.3,19.3,25.6,
2015-2025,nonharedi_jew,theft,reason_broad,other,11,11,702,53,676.5,7.2,5.5,9.4,
2015-2025,nonharedi_jew,theft,reason_broad,police_wont_help,11,11,702,419,676.5,60.1,56.4,63.7,
2015-2025,nonharedi_jew,theft,reason_not_reported,handled_self,11,6,702,24,676.5,3.4,2.3,5.0,
2015-2025,nonharedi_jew,theft,reason_not_reported,not_worth_bothering,11,11,702,71,676.5,10.1,8.0,12.6,
2015-2025,nonharedi_jew,theft,reason_not_reported,other,11,11,702,53,676.5,7.2,5.5,9.4,
2015-2025,nonharedi_jew,theft,reason_not_reported,personal_time,11,10,702,85,676.5,12.2,10.0,14.9,
2015-2025,nonharedi_jew,theft,reason_not_reported,police_ineffective_past,11,11,702,132,676.5,18.7,16.0,21.9,
2015-2025,nonharedi_jew,theft,reason_not_reported,police_unable,11,11,702,161,676.5,23.1,20.1,26.4,
2015-2025,nonharedi_jew,theft,reason_not_reported,police_unwilling,11,11,702,126,676.5,18.3,15.5,21.3,
2015-2025,nonharedi_jew,theft,reason_not_reported,turned_elsewhere,11,10,702,50,676.5,7.0,5.3,9.2,
2015-2025,nonharedi_jew,violence_threat,reason_broad,handled_otherwise,11,10,885,109,855.9,12.4,10.4,14.8,
2015-2025,nonharedi_jew,violence_threat,reason_broad,not_worth_it,11,11,885,189,855.9,21.6,19.0,24.5,
2015-2025,nonharedi_jew,violence_threat,reason_broad,other,11,11,885,66,855.9,7.1,5.5,9.0,
2015-2025,nonharedi_jew,violence_threat,reason_broad,police_wont_help,11,11,885,453,855.9,51.2,47.9,54.6,
2015-2025,nonharedi_jew,violence_threat,reason_broad,shame_fear,11,11,885,68,855.9,7.7,6.1,9.6,
2015-2025,nonharedi_jew,violence_threat,reason_not_reported,ashamed,11,11,885,8,855.9,0.9,0.4,1.7,
2015-2025,nonharedi_jew,violence_threat,reason_not_reported,fear_revenge,11,11,885,60,855.9,6.8,5.3,8.7,
2015-2025,nonharedi_jew,violence_threat,reason_not_reported,handled_self,11,6,885,46,855.9,5.4,4.0,7.1,
2015-2025,nonharedi_jew,violence_threat,reason_not_reported,not_worth_bothering,11,11,885,87,855.9,10.0,8.1,12.2,
2015-2025,nonharedi_jew,violence_threat,reason_not_reported,other,11,11,885,66,855.9,7.1,5.5,9.0,
2015-2025,nonharedi_jew,violence_threat,reason_not_reported,personal_time,11,10,885,102,855.9,11.6,9.7,14.0,
2015-2025,nonharedi_jew,violence_threat,reason_not_reported,police_ineffective_past,11,11,885,182,855.9,20.3,17.7,23.1,
2015-2025,nonharedi_jew,violence_threat,reason_not_reported,police_unable,11,11,885,131,855.9,15.1,12.8,17.6,
2015-2025,nonharedi_jew,violence_threat,reason_not_reported,police_unwilling,11,11,885,140,855.9,15.9,13.6,18.5,
2015-2025,nonharedi_jew,violence_threat,reason_not_reported,turned_elsewhere,11,10,885,63,855.9,7.1,5.5,9.0,
2020-2025,all_20plus,all_personal,reason_broad,handled_otherwise,6,6,3937,1142,3799.9,29.1,27.6,30.5,
2020-2025,all_20plus,all_personal,reason_broad,not_worth_it,6,6,3937,814,3799.9,20.6,19.3,21.9,
2020-2025,all_20plus,all_personal,reason_broad,other,6,6,3937,164,3799.9,4.1,3.5,4.8,
2020-2025,all_20plus,all_personal,reason_broad,police_wont_help,6,6,3937,1543,3799.9,39.2,37.6,40.7,
2020-2025,all_20plus,all_personal,reason_broad,shame_fear,6,6,3937,274,3799.9,7.1,6.3,7.9,
2020-2025,all_20plus,all_personal,reason_not_reported,ashamed,6,6,3937,201,3799.9,5.2,4.6,6.0,
2020-2025,all_20plus,all_personal,reason_not_reported,didnt_know_police_handles,6,4,3937,112,3799.9,2.9,2.4,3.5,
2020-2025,all_20plus,all_personal,reason_not_reported,fear_revenge,6,6,3937,73,3799.9,1.8,1.5,2.3,
2020-2025,all_20plus,all_personal,reason_not_reported,handled_self,6,6,3937,474,3799.9,12.0,11.0,13.1,
2020-2025,all_20plus,all_personal,reason_not_reported,not_worth_bothering,6,6,3937,423,3799.9,10.7,9.8,11.7,
2020-2025,all_20plus,all_personal,reason_not_reported,other,6,6,3937,164,3799.9,4.1,3.5,4.8,
2020-2025,all_20plus,all_personal,reason_not_reported,personal_time,6,6,3937,391,3799.9,9.9,9.0,10.9,
2020-2025,all_20plus,all_personal,reason_not_reported,police_ineffective_past,6,6,3937,415,3799.9,10.5,9.6,11.5,
2020-2025,all_20plus,all_personal,reason_not_reported,police_unable,6,6,3937,490,3799.9,12.5,11.4,13.5,
2020-2025,all_20plus,all_personal,reason_not_reported,police_unwilling,6,6,3937,526,3799.9,13.3,12.2,14.4,
2020-2025,all_20plus,all_personal,reason_not_reported,turned_elsewhere,6,6,3937,668,3799.9,17.0,15.9,18.3,
2020-2025,all_20plus,all_personal_excl_cyber,reason_broad,handled_otherwise,6,6,1897,322,1825.5,17.0,15.3,18.8,
2020-2025,all_20plus,all_personal_excl_cyber,reason_broad,not_worth_it,6,6,1897,515,1825.5,27.3,25.3,29.3,
2020-2025,all_20plus,all_personal_excl_cyber,reason_broad,other,6,6,1897,80,1825.5,4.2,3.4,5.2,
2020-2025,all_20plus,all_personal_excl_cyber,reason_broad,police_wont_help,6,6,1897,875,1825.5,46.1,43.8,48.4,
2020-2025,all_20plus,all_personal_excl_cyber,reason_broad,shame_fear,6,6,1897,105,1825.5,5.4,4.5,6.6,
2020-2025,all_20plus,all_personal_excl_cyber,reason_not_reported,ashamed,6,6,1897,41,1825.5,2.1,1.6,2.9,
2020-2025,all_20plus,all_personal_excl_cyber,reason_not_reported,fear_revenge,6,6,1897,64,1825.5,3.3,2.6,4.2,
2020-2025,all_20plus,all_personal_excl_cyber,reason_not_reported,handled_self,6,6,1897,228,1825.5,12.0,10.6,13.5,
2020-2025,all_20plus,all_personal_excl_cyber,reason_not_reported,not_worth_bothering,6,6,1897,241,1825.5,12.7,11.3,14.3,
2020-2025,all_20plus,all_personal_excl_cyber,reason_not_reported,other,6,6,1897,80,1825.5,4.2,3.4,5.2,
2020-2025,all_20plus,all_personal_excl_cyber,reason_not_reported,personal_time,6,6,1897,274,1825.5,14.5,13.0,16.2,
2020-2025,all_20plus,all_personal_excl_cyber,reason_not_reported,police_ineffective_past,6,6,1897,272,1825.5,14.3,12.8,16.0,
2020-2025,all_20plus,all_personal_excl_cyber,reason_not_reported,police_unable,6,6,1897,268,1825.5,14.2,12.6,15.8,
2020-2025,all_20plus,all_personal_excl_cyber,reason_not_reported,police_unwilling,6,6,1897,335,1825.5,17.7,16.0,19.5,
2020-2025,all_20plus,all_personal_excl_cyber,reason_not_reported,turned_elsewhere,6,6,1897,94,1825.5,5.0,4.1,6.1,
2020-2025,all_20plus,cyber,reason_broad,handled_otherwise,6,6,2040,820,1974.4,40.3,38.2,42.5,
2020-2025,all_20plus,cyber,reason_broad,not_worth_it,6,6,2040,299,1974.4,14.4,12.9,16.0,
2020-2025,all_20plus,cyber,reason_broad,other,6,6,2040,84,1974.4,4.0,3.3,5.0,
2020-2025,all_20plus,cyber,reason_broad,police_wont_help,6,6,2040,668,1974.4,32.7,30.7,34.8,
2020-2025,all_20plus,cyber,reason_broad,shame_fear,6,6,2040,169,1974.4,8.6,7.4,9.9,
2020-2025,all_20plus,cyber,reason_not_reported,ashamed,6,6,2040,160,1974.4,8.1,7.0,9.4,
2020-2025,all_20plus,cyber,reason_not_reported,didnt_know_police_handles,6,4,2040,112,1974.4,5.6,4.7,6.7,
2020-2025,all_20plus,cyber,reason_not_reported,fear_revenge,6,6,2040,9,1974.4,0.5,0.2,0.9,
2020-2025,all_20plus,cyber,reason_not_reported,handled_self,6,6,2040,246,1974.4,12.1,10.7,13.6,
2020-2025,all_20plus,cyber,reason_not_reported,not_worth_bothering,6,6,2040,182,1974.4,8.8,7.7,10.2,
2020-2025,all_20plus,cyber,reason_not_reported,other,6,6,2040,84,1974.4,4.0,3.3,5.0,
2020-2025,all_20plus,cyber,reason_not_reported,personal_time,6,6,2040,117,1974.4,5.5,4.6,6.6,
2020-2025,all_20plus,cyber,reason_not_reported,police_ineffective_past,6,6,2040,143,1974.4,7.0,6.0,8.2,
2020-2025,all_20plus,cyber,reason_not_reported,police_unable,6,6,2040,222,1974.4,10.9,9.6,12.3,
2020-2025,all_20plus,cyber,reason_not_reported,police_unwilling,6,6,2040,191,1974.4,9.2,8.0,10.6,
2020-2025,all_20plus,cyber,reason_not_reported,turned_elsewhere,6,6,2040,574,1974.4,28.3,26.3,30.3,
2020-2025,all_20plus,sexual_harassment,reason_broad,handled_otherwise,6,6,739,142,710.9,19.6,16.9,22.7,
2020-2025,all_20plus,sexual_harassment,reason_broad,not_worth_it,6,6,739,238,710.9,32.4,29.0,35.9,
2020-2025,all_20plus,sexual_harassment,reason_broad,other,6,6,739,31,710.9,4.3,3.0,6.0,
2020-2025,all_20plus,sexual_harassment,reason_broad,police_wont_help,6,6,739,280,710.9,37.3,33.8,40.9,
2020-2025,all_20plus,sexual_harassment,reason_broad,shame_fear,6,6,739,48,710.9,6.4,4.8,8.5,
2020-2025,all_20plus,sexual_harassment,reason_not_reported,ashamed,6,6,739,32,710.9,4.4,3.1,6.1,
2020-2025,all_20plus,sexual_harassment,reason_not_reported,fear_revenge,6,6,739,16,710.9,2.0,1.2,3.3,
2020-2025,all_20plus,sexual_harassment,reason_not_reported,handled_self,6,6,739,114,710.9,15.7,13.2,18.6,
2020-2025,all_20plus,sexual_harassment,reason_not_reported,not_worth_bothering,6,6,739,123,710.9,16.7,14.2,19.6,
2020-2025,all_20plus,sexual_harassment,reason_not_reported,other,6,6,739,31,710.9,4.3,3.0,6.0,
2020-2025,all_20plus,sexual_harassment,reason_not_reported,personal_time,6,6,739,115,710.9,15.7,13.2,18.5,
2020-2025,all_20plus,sexual_harassment,reason_not_reported,police_ineffective_past,6,6,739,92,710.9,12.2,10.0,14.8,
2020-2025,all_20plus,sexual_harassment,reason_not_reported,police_unable,6,6,739,81,710.9,10.4,8.4,12.9,
2020-2025,all_20plus,sexual_harassment,reason_not_reported,police_unwilling,6,6,739,107,710.9,14.7,12.3,17.5,
2020-2025,all_20plus,sexual_harassment,reason_not_reported,turned_elsewhere,6,6,739,28,710.9,3.9,2.7,5.6,
2020-2025,all_20plus,theft,reason_broad,handled_otherwise,6,6,460,77,440.6,16.2,13.1,19.9,
2020-2025,all_20plus,theft,reason_broad,not_worth_it,6,6,460,113,440.6,24.7,20.9,28.9,
2020-2025,all_20plus,theft,reason_broad,other,6,6,460,16,440.6,3.5,2.1,5.6,
2020-2025,all_20plus,theft,reason_broad,police_wont_help,6,6,460,254,440.6,55.6,50.9,60.2,
2020-2025,all_20plus,theft,reason_not_reported,handled_self,6,6,460,44,440.6,9.2,6.9,12.3,
2020-2025,all_20plus,theft,reason_not_reported,not_worth_bothering,6,6,460,41,440.6,9.0,6.6,12.0,
2020-2025,all_20plus,theft,reason_not_reported,other,6,6,460,16,440.6,3.5,2.1,5.6,
2020-2025,all_20plus,theft,reason_not_reported,personal_time,6,6,460,72,440.6,15.7,12.6,19.4,
2020-2025,all_20plus,theft,reason_not_reported,police_ineffective_past,6,6,460,67,440.6,14.6,11.7,18.3,
2020-2025,all_20plus,theft,reason_not_reported,police_unable,6,6,460,93,440.6,20.5,17.0,24.5,
2020-2025,all_20plus,theft,reason_not_reported,police_unwilling,6,6,460,94,440.6,20.5,17.0,24.5,
2020-2025,all_20plus,theft,reason_not_reported,turned_elsewhere,6,6,460,33,440.6,7.0,5.0,9.8,
2020-2025,all_20plus,violence_threat,reason_broad,handled_otherwise,6,6,698,103,674.0,14.7,12.2,17.6,
2020-2025,all_20plus,violence_threat,reason_broad,not_worth_it,6,6,698,164,674.0,23.6,20.5,26.9,
2020-2025,all_20plus,violence_threat,reason_broad,other,6,6,698,33,674.0,4.6,3.3,6.5,
2020-2025,all_20plus,violence_threat,reason_broad,police_wont_help,6,6,698,341,674.0,49.1,45.4,52.9,
2020-2025,all_20plus,violence_threat,reason_broad,shame_fear,6,6,698,57,674.0,8.0,6.2,10.3,
2020-2025,all_20plus,violence_threat,reason_not_reported,ashamed,6,6,698,9,674.0,1.2,0.6,2.3,
2020-2025,all_20plus,violence_threat,reason_not_reported,fear_revenge,6,6,698,48,674.0,6.8,5.2,9.0,
2020-2025,all_20plus,violence_threat,reason_not_reported,handled_self,6,6,698,70,674.0,9.9,7.8,12.3,
2020-2025,all_20plus,violence_threat,reason_not_reported,not_worth_bothering,6,6,698,77,674.0,11.0,8.9,13.6,
2020-2025,all_20plus,violence_threat,reason_not_reported,other,6,6,698,33,674.0,4.6,3.3,6.5,
2020-2025,all_20plus,violence_threat,reason_not_reported,personal_time,6,6,698,87,674.0,12.6,10.3,15.3,
2020-2025,all_20plus,violence_threat,reason_not_reported,police_ineffective_past,6,6,698,113,674.0,16.3,13.7,19.3,
2020-2025,all_20plus,violence_threat,reason_not_reported,police_unable,6,6,698,94,674.0,13.9,11.5,16.7,
2020-2025,all_20plus,violence_threat,reason_not_reported,police_unwilling,6,6,698,134,674.0,18.9,16.1,22.0,
2020-2025,all_20plus,violence_threat,reason_not_reported,turned_elsewhere,6,6,698,33,674.0,4.8,3.4,6.7,
2020-2025,haredi,all_personal,reason_broad,handled_otherwise,6,6,294,78,286.7,26.6,21.8,32.0,
2020-2025,haredi,all_personal,reason_broad,not_worth_it,6,6,294,60,286.7,20.7,16.4,25.8,
2020-2025,haredi,all_personal,reason_broad,other,6,6,294,15,286.7,5.4,3.3,8.6,
2020-2025,haredi,all_personal,reason_broad,police_wont_help,6,6,294,119,286.7,40.3,34.8,46.1,
2020-2025,haredi,all_personal,reason_broad,shame_fear,6,6,294,22,286.7,7.1,4.6,10.6,
2020-2025,haredi,all_personal,reason_not_reported,ashamed,6,6,294,17,286.7,5.7,3.5,9.0,
2020-2025,haredi,all_personal,reason_not_reported,didnt_know_police_handles,6,4,294,5,286.7,1.5,0.6,3.7,
2020-2025,haredi,all_personal,reason_not_reported,fear_revenge,6,6,294,5,286.7,1.4,0.5,3.5,
2020-2025,haredi,all_personal,reason_not_reported,handled_self,6,6,294,31,286.7,10.2,7.2,14.3,
2020-2025,haredi,all_personal,reason_not_reported,not_worth_bothering,6,6,294,33,286.7,11.2,8.1,15.4,
2020-2025,haredi,all_personal,reason_not_reported,other,6,6,294,15,286.7,5.4,3.3,8.6,
2020-2025,haredi,all_personal,reason_not_reported,personal_time,6,6,294,27,286.7,9.5,6.6,13.4,
2020-2025,haredi,all_personal,reason_not_reported,police_ineffective_past,6,6,294,39,286.7,13.1,9.7,17.6,
2020-2025,haredi,all_personal,reason_not_reported,police_unable,6,6,294,29,286.7,9.8,6.9,13.8,
2020-2025,haredi,all_personal,reason_not_reported,police_unwilling,6,6,294,46,286.7,15.8,12.1,20.5,
2020-2025,haredi,all_personal,reason_not_reported,turned_elsewhere,6,6,294,47,286.7,16.3,12.5,21.1,
2020-2025,haredi,all_personal_excl_cyber,reason_broad,handled_otherwise,6,6,167,29,162.6,16.7,11.7,23.2,
2020-2025,haredi,all_personal_excl_cyber,reason_broad,not_worth_it,6,6,167,40,162.6,24.3,18.4,31.5,
2020-2025,haredi,all_personal_excl_cyber,reason_broad,other,6,6,167,6,162.6,3.7,1.7,7.9,
2020-2025,haredi,all_personal_excl_cyber,reason_broad,police_wont_help,6,6,167,86,162.6,52.1,44.5,59.6,
2020-2025,haredi,all_personal_excl_cyber,reason_broad,shame_fear,6,6,167,6,162.6,3.1,1.3,7.1,
2020-2025,haredi,all_personal_excl_cyber,reason_not_reported,ashamed,6,6,167,1,162.6,0.7,0.1,3.5,
2020-2025,haredi,all_personal_excl_cyber,reason_not_reported,fear_revenge,6,6,167,5,162.6,2.4,1.0,6.1,
2020-2025,haredi,all_personal_excl_cyber,reason_not_reported,handled_self,6,6,167,19,162.6,10.9,7.0,16.7,
2020-2025,haredi,all_personal_excl_cyber,reason_not_reported,not_worth_bothering,6,6,167,19,162.6,11.1,7.1,16.8,
2020-2025,haredi,all_personal_excl_cyber,reason_not_reported,other,6,6,167,6,162.6,3.7,1.7,7.9,
2020-2025,haredi,all_personal_excl_cyber,reason_not_reported,personal_time,6,6,167,21,162.6,13.3,8.9,19.3,
2020-2025,haredi,all_personal_excl_cyber,reason_not_reported,police_ineffective_past,6,6,167,29,162.6,17.8,12.7,24.4,
2020-2025,haredi,all_personal_excl_cyber,reason_not_reported,police_unable,6,6,167,21,162.6,12.6,8.4,18.6,
2020-2025,haredi,all_personal_excl_cyber,reason_not_reported,police_unwilling,6,6,167,36,162.6,21.7,16.1,28.7,
2020-2025,haredi,all_personal_excl_cyber,reason_not_reported,turned_elsewhere,6,6,167,10,162.6,5.7,3.1,10.4,
2020-2025,haredi,cyber,reason_broad,handled_otherwise,6,6,127,49,124.1,39.5,31.4,48.3,
2020-2025,haredi,cyber,reason_broad,not_worth_it,6,6,127,20,124.1,15.9,10.5,23.4,
2020-2025,haredi,cyber,reason_broad,other,6,6,127,9,124.1,7.5,4.0,13.5,
2020-2025,haredi,cyber,reason_broad,police_wont_help,6,6,127,33,124.1,24.8,18.0,33.1,
2020-2025,haredi,cyber,reason_broad,shame_fear,6,6,127,16,124.1,12.2,7.6,19.1,
2020-2025,haredi,cyber,reason_not_reported,ashamed,6,6,127,16,124.1,12.2,7.6,19.1,
2020-2025,haredi,cyber,reason_not_reported,didnt_know_police_handles,6,4,127,5,124.1,3.6,1.5,8.5,
2020-2025,haredi,cyber,reason_not_reported,fear_revenge,6,6,127,0,124.1,0.0,0.0,3.0,
2020-2025,haredi,cyber,reason_not_reported,handled_self,6,6,127,12,124.1,9.3,5.4,15.7,
2020-2025,haredi,cyber,reason_not_reported,not_worth_bothering,6,6,127,14,124.1,11.4,7.0,18.2,
2020-2025,haredi,cyber,reason_not_reported,other,6,6,127,9,124.1,7.5,4.0,13.5,
2020-2025,haredi,cyber,reason_not_reported,personal_time,6,6,127,6,124.1,4.5,2.0,9.7,
2020-2025,haredi,cyber,reason_not_reported,police_ineffective_past,6,6,127,10,124.1,7.1,3.7,13.0,
2020-2025,haredi,cyber,reason_not_reported,police_unable,6,6,127,8,124.1,6.1,3.1,11.8,
2020-2025,haredi,cyber,reason_not_reported,police_unwilling,6,6,127,10,124.1,8.1,4.5,14.2,
2020-2025,haredi,cyber,reason_not_reported,turned_elsewhere,6,6,127,37,124.1,30.2,22.8,38.8,
2020-2025,haredi,sexual_harassment,reason_broad,handled_otherwise,6,6,30,7,29.4,23.1,11.6,40.9,warn_n_30_49
2020-2025,haredi,sexual_harassment,reason_broad,not_worth_it,6,6,30,7,29.4,23.2,11.6,41.0,warn_n_30_49
2020-2025,haredi,sexual_harassment,reason_broad,other,6,6,30,0,29.4,0.0,0.0,11.6,warn_n_30_49
2020-2025,haredi,sexual_harassment,reason_broad,police_wont_help,6,6,30,15,29.4,49.7,32.8,66.8,warn_n_30_49
2020-2025,haredi,sexual_harassment,reason_broad,shame_fear,6,6,30,1,29.4,3.9,0.8,17.7,warn_n_30_49
2020-2025,haredi,sexual_harassment,reason_not_reported,ashamed,6,6,30,1,29.4,3.9,0.8,17.7,warn_n_30_49
2020-2025,haredi,sexual_harassment,reason_not_reported,fear_revenge,6,6,30,0,29.4,0.0,0.0,11.6,warn_n_30_49
2020-2025,haredi,sexual_harassment,reason_not_reported,handled_self,6,6,30,6,29.4,19.7,9.2,37.1,warn_n_30_49
2020-2025,haredi,sexual_harassment,reason_not_reported,not_worth_bothering,6,6,30,2,29.4,6.8,1.9,21.7,warn_n_30_49
2020-2025,haredi,sexual_harassment,reason_not_reported,other,6,6,30,0,29.4,0.0,0.0,11.6,warn_n_30_49
2020-2025,haredi,sexual_harassment,reason_not_reported,personal_time,6,6,30,5,29.4,16.4,7.1,33.5,warn_n_30_49
2020-2025,haredi,sexual_harassment,reason_not_reported,police_ineffective_past,6,6,30,5,29.4,15.5,6.6,32.4,warn_n_30_49
2020-2025,haredi,sexual_harassment,reason_not_reported,police_unable,6,6,30,5,29.4,17.1,7.5,34.2,warn_n_30_49
2020-2025,haredi,sexual_harassment,reason_not_reported,police_unwilling,6,6,30,5,29.4,17.1,7.6,34.3,warn_n_30_49
2020-2025,haredi,sexual_harassment,reason_not_reported,turned_elsewhere,6,6,30,1,29.4,3.4,0.6,17.0,warn_n_30_49
2020-2025,haredi,theft,reason_broad,handled_otherwise,6,6,59,9,57.3,13.6,7.0,24.8,
2020-2025,haredi,theft,reason_broad,not_worth_it,6,6,59,15,57.3,26.2,16.6,38.8,
2020-2025,haredi,theft,reason_broad,other,6,6,59,4,57.3,6.8,2.6,16.4,
2020-2025,haredi,theft,reason_broad,police_wont_help,6,6,59,31,57.3,53.4,40.7,65.7,
2020-2025,haredi,theft,reason_not_reported,handled_self,6,6,59,4,57.3,6.1,2.3,15.5,
2020-2025,haredi,theft,reason_not_reported,not_worth_bothering,6,6,59,7,57.3,11.6,5.6,22.4,
2020-2025,haredi,theft,reason_not_reported,other,6,6,59,4,57.3,6.8,2.6,16.4,
2020-2025,haredi,theft,reason_not_reported,personal_time,6,6,59,8,57.3,14.6,7.7,26.0,
2020-2025,haredi,theft,reason_not_reported,police_ineffective_past,6,6,59,10,57.3,18.3,10.4,30.2,
2020-2025,haredi,theft,reason_not_reported,police_unable,6,6,59,10,57.3,16.4,9.0,28.0,
2020-2025,haredi,theft,reason_not_reported,police_unwilling,6,6,59,11,57.3,18.7,10.7,30.6,
2020-2025,haredi,theft,reason_not_reported,turned_elsewhere,6,6,59,5,57.3,7.5,3.0,17.2,
2020-2025,haredi,violence_threat,reason_broad,handled_otherwise,6,6,78,13,76.0,16.7,10.0,26.6,
2020-2025,haredi,violence_threat,reason_broad,not_worth_it,6,6,78,18,76.0,23.3,15.3,34.0,
2020-2025,haredi,violence_threat,reason_broad,other,6,6,78,2,76.0,2.8,0.8,9.3,
2020-2025,haredi,violence_threat,reason_broad,police_wont_help,6,6,78,40,76.0,52.0,40.9,62.8,
2020-2025,haredi,violence_threat,reason_broad,shame_fear,6,6,78,5,76.0,5.2,2.0,12.7,
2020-2025,haredi,violence_threat,reason_not_reported,ashamed,6,6,78,0,76.0,0.0,0.0,4.8,
2020-2025,haredi,violence_threat,reason_not_reported,fear_revenge,6,6,78,5,76.0,5.2,2.0,12.7,
2020-2025,haredi,violence_threat,reason_not_reported,handled_self,6,6,78,9,76.0,11.4,6.1,20.5,
2020-2025,haredi,violence_threat,reason_not_reported,not_worth_bothering,6,6,78,10,76.0,12.3,6.7,21.5,
2020-2025,haredi,violence_threat,reason_not_reported,other,6,6,78,2,76.0,2.8,0.8,9.3,
2020-2025,haredi,violence_threat,reason_not_reported,personal_time,6,6,78,8,76.0,11.1,5.8,20.1,
2020-2025,haredi,violence_threat,reason_not_reported,police_ineffective_past,6,6,78,14,76.0,18.2,11.1,28.3,
2020-2025,haredi,violence_threat,reason_not_reported,police_unable,6,6,78,6,76.0,8.1,3.8,16.4,
2020-2025,haredi,violence_threat,reason_not_reported,police_unwilling,6,6,78,20,76.0,25.7,17.2,36.6,
2020-2025,haredi,violence_threat,reason_not_reported,turned_elsewhere,6,6,78,4,76.0,5.3,2.1,12.8,
2020-2025,nonharedi_jew,all_personal,reason_broad,handled_otherwise,6,6,3121,918,3025.3,29.4,27.8,31.1,
2020-2025,nonharedi_jew,all_personal,reason_broad,not_worth_it,6,6,3121,647,3025.3,20.7,19.3,22.1,
2020-2025,nonharedi_jew,all_personal,reason_broad,other,6,6,3121,122,3025.3,3.8,3.2,4.6,
2020-2025,nonharedi_jew,all_personal,reason_broad,police_wont_help,6,6,3121,1226,3025.3,39.3,37.6,41.0,
2020-2025,nonharedi_jew,all_personal,reason_broad,shame_fear,6,6,3121,208,3025.3,6.8,6.0,7.8,
2020-2025,nonharedi_jew,all_personal,reason_not_reported,ashamed,6,6,3121,154,3025.3,5.1,4.3,5.9,
2020-2025,nonharedi_jew,all_personal,reason_not_reported,didnt_know_police_handles,6,4,3121,97,3025.3,3.2,2.6,3.9,
2020-2025,nonharedi_jew,all_personal,reason_not_reported,fear_revenge,6,6,3121,54,3025.3,1.7,1.3,2.3,
2020-2025,nonharedi_jew,all_personal,reason_not_reported,handled_self,6,6,3121,361,3025.3,11.5,10.4,12.7,
2020-2025,nonharedi_jew,all_personal,reason_not_reported,not_worth_bothering,6,6,3121,348,3025.3,11.1,10.1,12.3,
2020-2025,nonharedi_jew,all_personal,reason_not_reported,other,6,6,3121,122,3025.3,3.8,3.2,4.6,
2020-2025,nonharedi_jew,all_personal,reason_not_reported,personal_time,6,6,3121,299,3025.3,9.5,8.5,10.6,
2020-2025,nonharedi_jew,all_personal,reason_not_reported,police_ineffective_past,6,6,3121,327,3025.3,10.4,9.4,11.6,
2020-2025,nonharedi_jew,all_personal,reason_not_reported,police_unable,6,6,3121,400,3025.3,12.8,11.6,14.0,
2020-2025,nonharedi_jew,all_personal,reason_not_reported,police_unwilling,6,6,3121,402,3025.3,12.9,11.7,14.1,
2020-2025,nonharedi_jew,all_personal,reason_not_reported,turned_elsewhere,6,6,3121,557,3025.3,17.9,16.6,19.4,
2020-2025,nonharedi_jew,all_personal_excl_cyber,reason_broad,handled_otherwise,6,6,1435,236,1386.4,16.5,14.7,18.6,
2020-2025,nonharedi_jew,all_personal_excl_cyber,reason_broad,not_worth_it,6,6,1435,394,1386.4,27.7,25.4,30.1,
2020-2025,nonharedi_jew,all_personal_excl_cyber,reason_broad,other,6,6,1435,58,1386.4,4.0,3.1,5.1,
2020-2025,nonharedi_jew,all_personal_excl_cyber,reason_broad,police_wont_help,6,6,1435,669,1386.4,46.5,43.8,49.1,
2020-2025,nonharedi_jew,all_personal_excl_cyber,reason_broad,shame_fear,6,6,1435,78,1386.4,5.4,4.3,6.7,
2020-2025,nonharedi_jew,all_personal_excl_cyber,reason_not_reported,ashamed,6,6,1435,27,1386.4,1.9,1.3,2.7,
2020-2025,nonharedi_jew,all_personal_excl_cyber,reason_not_reported,fear_revenge,6,6,1435,51,1386.4,3.5,2.7,4.6,
2020-2025,nonharedi_jew,all_personal_excl_cyber,reason_not_reported,handled_self,6,6,1435,164,1386.4,11.5,9.9,13.3,
2020-2025,nonharedi_jew,all_personal_excl_cyber,reason_not_reported,not_worth_bothering,6,6,1435,193,1386.4,13.5,11.8,15.4,
2020-2025,nonharedi_jew,all_personal_excl_cyber,reason_not_reported,other,6,6,1435,58,1386.4,4.0,3.1,5.1,
2020-2025,nonharedi_jew,all_personal_excl_cyber,reason_not_reported,personal_time,6,6,1435,201,1386.4,14.1,12.4,16.1,
2020-2025,nonharedi_jew,all_personal_excl_cyber,reason_not_reported,police_ineffective_past,6,6,1435,209,1386.4,14.4,12.7,16.4,
2020-2025,nonharedi_jew,all_personal_excl_cyber,reason_not_reported,police_unable,6,6,1435,206,1386.4,14.3,12.5,16.2,
2020-2025,nonharedi_jew,all_personal_excl_cyber,reason_not_reported,police_unwilling,6,6,1435,254,1386.4,17.8,15.9,19.9,
2020-2025,nonharedi_jew,all_personal_excl_cyber,reason_not_reported,turned_elsewhere,6,6,1435,72,1386.4,5.0,4.0,6.3,
2020-2025,nonharedi_jew,cyber,reason_broad,handled_otherwise,6,6,1686,682,1639.0,40.5,38.2,42.9,
2020-2025,nonharedi_jew,cyber,reason_broad,not_worth_it,6,6,1686,253,1639.0,14.7,13.0,16.5,
2020-2025,nonharedi_jew,cyber,reason_broad,other,6,6,1686,64,1639.0,3.7,2.9,4.7,
2020-2025,nonharedi_jew,cyber,reason_broad,police_wont_help,6,6,1686,557,1639.0,33.1,30.9,35.4,
2020-2025,nonharedi_jew,cyber,reason_broad,shame_fear,6,6,1686,130,1639.0,8.0,6.8,9.4,
2020-2025,nonharedi_jew,cyber,reason_not_reported,ashamed,6,6,1686,127,1639.0,7.8,6.6,9.2,
2020-2025,nonharedi_jew,cyber,reason_not_reported,didnt_know_police_handles,6,4,1686,97,1639.0,5.9,4.9,7.1,
2020-2025,nonharedi_jew,cyber,reason_not_reported,fear_revenge,6,6,1686,3,1639.0,0.2,0.1,0.5,
2020-2025,nonharedi_jew,cyber,reason_not_reported,handled_self,6,6,1686,197,1639.0,11.5,10.0,13.1,
2020-2025,nonharedi_jew,cyber,reason_not_reported,not_worth_bothering,6,6,1686,155,1639.0,9.1,7.8,10.5,
2020-2025,nonharedi_jew,cyber,reason_not_reported,other,6,6,1686,64,1639.0,3.7,2.9,4.7,
2020-2025,nonharedi_jew,cyber,reason_not_reported,personal_time,6,6,1686,98,1639.0,5.6,4.6,6.8,
2020-2025,nonharedi_jew,cyber,reason_not_reported,police_ineffective_past,6,6,1686,118,1639.0,7.0,5.9,8.4,
2020-2025,nonharedi_jew,cyber,reason_not_reported,police_unable,6,6,1686,194,1639.0,11.5,10.1,13.2,
2020-2025,nonharedi_jew,cyber,reason_not_reported,police_unwilling,6,6,1686,148,1639.0,8.7,7.4,10.2,
2020-2025,nonharedi_jew,cyber,reason_not_reported,turned_elsewhere,6,6,1686,485,1639.0,29.0,26.9,31.3,
2020-2025,nonharedi_jew,sexual_harassment,reason_broad,handled_otherwise,6,6,615,118,594.0,19.7,16.7,23.1,
2020-2025,nonharedi_jew,sexual_harassment,reason_broad,not_worth_it,6,6,615,205,594.0,33.3,29.6,37.2,
2020-2025,nonharedi_jew,sexual_harassment,reason_broad,other,6,6,615,26,594.0,4.3,2.9,6.2,
2020-2025,nonharedi_jew,sexual_harassment,reason_broad,police_wont_help,6,6,615,230,594.0,36.9,33.1,40.8,
2020-2025,nonharedi_jew,sexual_harassment,reason_broad,shame_fear,6,6,615,36,594.0,5.9,4.2,8.1,
2020-2025,nonharedi_jew,sexual_harassment,reason_not_reported,ashamed,6,6,615,22,594.0,3.6,2.4,5.4,
2020-2025,nonharedi_jew,sexual_harassment,reason_not_reported,fear_revenge,6,6,615,14,594.0,2.3,1.4,3.8,
2020-2025,nonharedi_jew,sexual_harassment,reason_not_reported,handled_self,6,6,615,94,594.0,15.7,13.0,18.9,
2020-2025,nonharedi_jew,sexual_harassment,reason_not_reported,not_worth_bothering,6,6,615,114,594.0,18.5,15.5,21.8,
2020-2025,nonharedi_jew,sexual_harassment,reason_not_reported,other,6,6,615,26,594.0,4.3,2.9,6.2,
2020-2025,nonharedi_jew,sexual_harassment,reason_not_reported,personal_time,6,6,615,91,594.0,14.9,12.2,17.9,
2020-2025,nonharedi_jew,sexual_harassment,reason_not_reported,police_ineffective_past,6,6,615,77,594.0,12.3,9.9,15.2,
2020-2025,nonharedi_jew,sexual_harassment,reason_not_reported,police_unable,6,6,615,66,594.0,10.1,7.9,12.8,
2020-2025,nonharedi_jew,sexual_harassment,reason_not_reported,police_unwilling,6,6,615,87,594.0,14.5,11.9,17.5,
2020-2025,nonharedi_jew,sexual_harassment,reason_not_reported,turned_elsewhere,6,6,615,24,594.0,4.0,2.7,5.8,
2020-2025,nonharedi_jew,theft,reason_broad,handled_otherwise,6,6,314,47,301.7,14.3,10.8,18.7,
2020-2025,nonharedi_jew,theft,reason_broad,not_worth_it,6,6,314,73,301.7,23.8,19.3,28.9,
2020-2025,nonharedi_jew,theft,reason_broad,other,6,6,314,8,301.7,2.5,1.3,5.0,
2020-2025,nonharedi_jew,theft,reason_broad,police_wont_help,6,6,314,186,301.7,59.3,53.7,64.7,
2020-2025,nonharedi_jew,theft,reason_not_reported,handled_self,6,6,314,24,301.7,7.3,4.8,10.8,
2020-2025,nonharedi_jew,theft,reason_not_reported,not_worth_bothering,6,6,314,28,301.7,9.2,6.4,13.0,
2020-2025,nonharedi_jew,theft,reason_not_reported,other,6,6,314,8,301.7,2.5,1.3,5.0,
2020-2025,nonharedi_jew,theft,reason_not_reported,personal_time,6,6,314,45,301.7,14.6,11.1,19.1,
2020-2025,nonharedi_jew,theft,reason_not_reported,police_ineffective_past,6,6,314,48,301.7,15.1,11.5,19.6,
2020-2025,nonharedi_jew,theft,reason_not_reported,police_unable,6,6,314,65,301.7,20.8,16.6,25.7,
2020-2025,nonharedi_jew,theft,reason_not_reported,police_unwilling,6,6,314,73,301.7,23.4,19.0,28.5,
2020-2025,nonharedi_jew,theft,reason_not_reported,turned_elsewhere,6,6,314,23,301.7,7.1,4.7,10.5,
2020-2025,nonharedi_jew,violence_threat,reason_broad,handled_otherwise,6,6,506,71,490.7,14.0,11.2,17.4,
2020-2025,nonharedi_jew,violence_threat,reason_broad,not_worth_it,6,6,506,116,490.7,23.2,19.7,27.2,
2020-2025,nonharedi_jew,violence_threat,reason_broad,other,6,6,506,24,490.7,4.5,3.0,6.7,
2020-2025,nonharedi_jew,violence_threat,reason_broad,police_wont_help,6,6,506,253,490.7,50.2,45.8,54.6,
2020-2025,nonharedi_jew,violence_threat,reason_broad,shame_fear,6,6,506,42,490.7,8.1,6.0,10.9,
2020-2025,nonharedi_jew,violence_threat,reason_not_reported,ashamed,6,6,506,5,490.7,0.9,0.4,2.2,
2020-2025,nonharedi_jew,violence_threat,reason_not_reported,fear_revenge,6,6,506,37,490.7,7.2,5.2,9.9,
2020-2025,nonharedi_jew,violence_threat,reason_not_reported,handled_self,6,6,506,46,490.7,9.0,6.8,11.9,
2020-2025,nonharedi_jew,violence_threat,reason_not_reported,not_worth_bothering,6,6,506,51,490.7,10.3,7.9,13.3,
2020-2025,nonharedi_jew,violence_threat,reason_not_reported,other,6,6,506,24,490.7,4.5,3.0,6.7,
2020-2025,nonharedi_jew,violence_threat,reason_not_reported,personal_time,6,6,506,65,490.7,13.0,10.3,16.2,
2020-2025,nonharedi_jew,violence_threat,reason_not_reported,police_ineffective_past,6,6,506,84,490.7,16.6,13.5,20.1,
2020-2025,nonharedi_jew,violence_threat,reason_not_reported,police_unable,6,6,506,75,490.7,15.3,12.4,18.7,
2020-2025,nonharedi_jew,violence_threat,reason_not_reported,police_unwilling,6,6,506,94,490.7,18.3,15.1,22.0,
2020-2025,nonharedi_jew,violence_threat,reason_not_reported,turned_elsewhere,6,6,506,25,490.7,5.0,3.4,7.3,
