year,group,crime_type,measure,category,offered,n_unweighted,n_base,sum_w,sum_w_base,sum_w2_base
2015,haredi,cyber,reported,yes,True,3,8,3816.7110252800003,9117.783190220001,10791779.398995768
2015,haredi,cyber,reason_not_reported,ashamed,True,1,5,995.07382871,5301.07216494,5685060.429444145
2015,haredi,cyber,reason_not_reported,didnt_know_police_handles,False,0,5,0.0,5301.07216494,5685060.429444145
2015,haredi,cyber,reason_not_reported,fear_revenge,True,1,5,1178.1758488,5301.07216494,5685060.429444145
2015,haredi,cyber,reason_not_reported,handled_self,False,0,5,0.0,5301.07216494,5685060.429444145
2015,haredi,cyber,reason_not_reported,not_worth_bothering,True,0,5,0.0,5301.07216494,5685060.429444145
2015,haredi,cyber,reason_not_reported,other,True,0,5,0.0,5301.07216494,5685060.429444145
2015,haredi,cyber,reason_not_reported,personal_time,False,0,5,0.0,5301.07216494,5685060.429444145
2015,haredi,cyber,reason_not_reported,police_ineffective_past,True,2,5,2194.1012794499998,5301.07216494,5685060.429444145
2015,haredi,cyber,reason_not_reported,police_unable,True,1,5,933.72120798,5301.07216494,5685060.429444145
2015,haredi,cyber,reason_not_reported,police_unwilling,True,0,5,0.0,5301.07216494,5685060.429444145
2015,haredi,cyber,reason_not_reported,turned_elsewhere,False,0,5,0.0,5301.07216494,5685060.429444145
2015,haredi,cyber,other_body,acquaintance,True,3,8,3623.55228253,9117.783190220001,10791779.398995768
2015,haredi,cyber,other_body,bank,False,0,8,0.0,9117.783190220001,10791779.398995768
2015,haredi,cyber,other_body,family,True,3,8,3623.55228253,9117.783190220001,10791779.398995768
2015,haredi,cyber,other_body,government,False,0,8,0.0,9117.783190220001,10791779.398995768
2015,haredi,cyber,other_body,isp,True,0,8,0.0,9117.783190220001,10791779.398995768
2015,haredi,cyber,other_body,legal,False,0,8,0.0,9117.783190220001,10791779.398995768
2015,haredi,cyber,other_body,none,True,3,8,3100.8632584899997,9117.783190220001,10791779.398995768
2015,haredi,cyber,other_body,other,True,1,8,1178.1758488,9117.783190220001,10791779.398995768
2015,haredi,cyber,other_body,professional,False,0,8,0.0,9117.783190220001,10791779.398995768
2015,haredi,cyber,other_body,website,True,2,8,2194.06941198,9117.783190220001,10791779.398995768
2015,haredi,cyber,other_body_reporters,acquaintance,True,2,3,2644.64280348,3816.7110252800003,5106718.969551623
2015,haredi,cyber,other_body_reporters,bank,False,0,3,0.0,3816.7110252800003,5106718.969551623
2015,haredi,cyber,other_body_reporters,family,True,2,3,2644.64280348,3816.7110252800003,5106718.969551623
2015,haredi,cyber,other_body_reporters,government,False,0,3,0.0,3816.7110252800003,5106718.969551623
2015,haredi,cyber,other_body_reporters,isp,True,0,3,0.0,3816.7110252800003,5106718.969551623
2015,haredi,cyber,other_body_reporters,legal,False,0,3,0.0,3816.7110252800003,5106718.969551623
2015,haredi,cyber,other_body_reporters,none,True,1,3,1172.0682218,3816.7110252800003,5106718.969551623
2015,haredi,cyber,other_body_reporters,other,True,0,3,0.0,3816.7110252800003,5106718.969551623
2015,haredi,cyber,other_body_reporters,professional,False,0,3,0.0,3816.7110252800003,5106718.969551623
2015,haredi,cyber,other_body_reporters,website,True,1,3,978.87761158,3816.7110252800003,5106718.969551623
2015,haredi,cyber,other_body_nonreporters,acquaintance,True,1,5,978.90947905,5301.07216494,5685060.429444145
2015,haredi,cyber,other_body_nonreporters,bank,False,0,5,0.0,5301.07216494,5685060.429444145
2015,haredi,cyber,other_body_nonreporters,family,True,1,5,978.90947905,5301.07216494,5685060.429444145
2015,haredi,cyber,other_body_nonreporters,government,False,0,5,0.0,5301.07216494,5685060.429444145
2015,haredi,cyber,other_body_nonreporters,isp,True,0,5,0.0,5301.07216494,5685060.429444145
2015,haredi,cyber,other_body_nonreporters,legal,False,0,5,0.0,5301.07216494,5685060.429444145
2015,haredi,cyber,other_body_nonreporters,none,True,2,5,1928.79503669,5301.07216494,5685060.429444145
2015,haredi,cyber,other_body_nonreporters,other,True,1,5,1178.1758488,5301.07216494,5685060.429444145
2015,haredi,cyber,other_body_nonreporters,professional,False,0,5,0.0,5301.07216494,5685060.429444145
2015,haredi,cyber,other_body_nonreporters,website,True,1,5,1215.1918004,5301.07216494,5685060.429444145
2015,haredi,sexual_harassment,reported,yes,True,0,7,0.0,7855.80424284,9354819.892688712
2015,haredi,sexual_harassment,reason_not_reported,ashamed,True,0,7,0.0,7855.80424284,9354819.892688712
2015,haredi,sexual_harassment,reason_not_reported,fear_revenge,True,0,7,0.0,7855.80424284,9354819.892688712
2015,haredi,sexual_harassment,reason_not_reported,handled_self,False,0,7,0.0,7855.80424284,9354819.892688712
2015,haredi,sexual_harassment,reason_not_reported,not_worth_bothering,True,2,7,1804.98346769,7855.80424284,9354819.892688712
2015,haredi,sexual_harassment,reason_not_reported,other,True,2,7,2446.9873521,7855.80424284,9354819.892688712
2015,haredi,sexual_harassment,reason_not_reported,personal_time,False,0,7,0.0,7855.80424284,9354819.892688712
2015,haredi,sexual_harassment,reason_not_reported,police_ineffective_past,True,0,7,0.0,7855.80424284,9354819.892688712
2015,haredi,sexual_harassment,reason_not_reported,police_unable,True,3,7,3603.8334230500004,7855.80424284,9354819.892688712
2015,haredi,sexual_harassment,reason_not_reported,police_unwilling,True,0,7,0.0,7855.80424284,9354819.892688712
2015,haredi,sexual_harassment,reason_not_reported,turned_elsewhere,False,0,7,0.0,7855.80424284,9354819.892688712
2015,haredi,sexual_harassment,other_body,acquaintance,False,0,7,0.0,7855.80424284,9354819.892688712
2015,haredi,sexual_harassment,other_body,family,False,0,7,0.0,7855.80424284,9354819.892688712
2015,haredi,sexual_harassment,other_body,legal,False,0,7,0.0,7855.80424284,9354819.892688712
2015,haredi,sexual_harassment,other_body,medical,True,0,7,0.0,7855.80424284,9354819.892688712
2015,haredi,sexual_harassment,other_body,mental_health,True,0,7,0.0,7855.80424284,9354819.892688712
2015,haredi,sexual_harassment,other_body,ngo,True,0,7,0.0,7855.80424284,9354819.892688712
2015,haredi,sexual_harassment,other_body,none,True,5,7,5329.26731069,7855.80424284,9354819.892688712
2015,haredi,sexual_harassment,other_body,other,True,2,7,2526.53693215,7855.80424284,9354819.892688712
2015,haredi,sexual_harassment,other_body,welfare,True,0,7,0.0,7855.80424284,9354819.892688712
2015,haredi,sexual_harassment,other_body,workplace,False,0,7,0.0,7855.80424284,9354819.892688712
2015,haredi,sexual_harassment,other_body_reporters,acquaintance,False,0,0,0.0,0.0,0.0
2015,haredi,sexual_harassment,other_body_reporters,family,False,0,0,0.0,0.0,0.0
2015,haredi,sexual_harassment,other_body_reporters,legal,False,0,0,0.0,0.0,0.0
2015,haredi,sexual_harassment,other_body_reporters,medical,True,0,0,0.0,0.0,0.0
2015,haredi,sexual_harassment,other_body_reporters,mental_health,True,0,0,0.0,0.0,0.0
2015,haredi,sexual_harassment,other_body_reporters,ngo,True,0,0,0.0,0.0,0.0
2015,haredi,sexual_harassment,other_body_reporters,none,True,0,0,0.0,0.0,0.0
2015,haredi,sexual_harassment,other_body_reporters,other,True,0,0,0.0,0.0,0.0
2015,haredi,sexual_harassment,other_body_reporters,welfare,True,0,0,0.0,0.0,0.0
2015,haredi,sexual_harassment,other_body_reporters,workplace,False,0,0,0.0,0.0,0.0
2015,haredi,sexual_harassment,other_body_nonreporters,acquaintance,False,0,7,0.0,7855.80424284,9354819.892688712
2015,haredi,sexual_harassment,other_body_nonreporters,family,False,0,7,0.0,7855.80424284,9354819.892688712
2015,haredi,sexual_harassment,other_body_nonreporters,legal,False,0,7,0.0,7855.80424284,9354819.892688712
2015,haredi,sexual_harassment,other_body_nonreporters,medical,True,0,7,0.0,7855.80424284,9354819.892688712
2015,haredi,sexual_harassment,other_body_nonreporters,mental_health,True,0,7,0.0,7855.80424284,9354819.892688712
2015,haredi,sexual_harassment,other_body_nonreporters,ngo,True,0,7,0.0,7855.80424284,9354819.892688712
2015,haredi,sexual_harassment,other_body_nonreporters,none,True,5,7,5329.26731069,7855.80424284,9354819.892688712
2015,haredi,sexual_harassment,other_body_nonreporters,other,True,2,7,2526.53693215,7855.80424284,9354819.892688712
2015,haredi,sexual_harassment,other_body_nonreporters,welfare,True,0,7,0.0,7855.80424284,9354819.892688712
2015,haredi,sexual_harassment,other_body_nonreporters,workplace,False,0,7,0.0,7855.80424284,9354819.892688712
2015,haredi,theft,reported,yes,True,7,15,8071.416448099999,18048.352199,23843598.242419265
2015,haredi,theft,reason_not_reported,handled_self,False,0,8,0.0,9976.9357509,12913410.522807527
2015,haredi,theft,reason_not_reported,not_worth_bothering,True,0,8,0.0,9976.9357509,12913410.522807527
2015,haredi,theft,reason_not_reported,other,True,3,8,3011.7521213,9976.9357509,12913410.522807527
2015,haredi,theft,reason_not_reported,personal_time,False,0,8,0.0,9976.9357509,12913410.522807527
2015,haredi,theft,reason_not_reported,police_ineffective_past,True,2,8,2760.9492344,9976.9357509,12913410.522807527
2015,haredi,theft,reason_not_reported,police_unable,True,1,8,1646.6315031,9976.9357509,12913410.522807527
2015,haredi,theft,reason_not_reported,police_unwilling,True,2,8,2557.6028920999997,9976.9357509,12913410.522807527
2015,haredi,theft,reason_not_reported,turned_elsewhere,False,0,8,0.0,9976.9357509,12913410.522807527
2015,haredi,violence_threat,reported,yes,True,3,11,4054.9553480000004,12323.4163578,14278601.344599089
2015,haredi,violence_threat,reason_not_reported,ashamed,True,0,8,0.0,8268.4610098,8747297.020164097
2015,haredi,violence_threat,reason_not_reported,fear_revenge,True,0,8,0.0,8268.4610098,8747297.020164097
2015,haredi,violence_threat,reason_not_reported,handled_self,False,0,8,0.0,8268.4610098,8747297.020164097
2015,haredi,violence_threat,reason_not_reported,not_worth_bothering,True,2,8,2084.5371633,8268.4610098,8747297.020164097
2015,haredi,violence_threat,reason_not_reported,other,True,1,8,974.12772337,8268.4610098,8747297.020164097
2015,haredi,violence_threat,reason_not_reported,personal_time,False,0,8,0.0,8268.4610098,8747297.020164097
2015,haredi,violence_threat,reason_not_reported,police_ineffective_past,True,2,8,2463.1071492,8268.4610098,8747297.020164097
2015,haredi,violence_threat,reason_not_reported,police_unable,True,2,8,2054.217671,8268.4610098,8747297.020164097
2015,haredi,violence_threat,reason_not_reported,police_unwilling,True,1,8,692.47130293,8268.4610098,8747297.020164097
2015,haredi,violence_threat,reason_not_reported,turned_elsewhere,False,0,8,0.0,8268.4610098,8747297.020164097
2015,haredi,violence_threat,other_body,acquaintance,False,0,12,0.0,13447.0209221,15541088.561514882
2015,haredi,violence_threat,other_body,family,False,0,12,0.0,13447.0209221,15541088.561514882
2015,haredi,violence_threat,other_body,legal,False,0,12,0.0,13447.0209221,15541088.561514882
2015,haredi,violence_threat,other_body,medical,True,0,12,0.0,13447.0209221,15541088.561514882
2015,haredi,violence_threat,other_body,mental_health,True,0,12,0.0,13447.0209221,15541088.561514882
2015,haredi,violence_threat,other_body,ngo,True,0,12,0.0,13447.0209221,15541088.561514882
2015,haredi,violence_threat,other_body,none,True,9,12,10203.710851130001,13447.0209221,15541088.561514882
2015,haredi,violence_threat,other_body,other,True,2,12,2269.1823476,13447.0209221,15541088.561514882
2015,haredi,violence_threat,other_body,welfare,True,1,12,974.12772337,13447.0209221,15541088.561514882
2015,haredi,violence_threat,other_body,workplace,False,0,12,0.0,13447.0209221,15541088.561514882
2015,haredi,violence_threat,other_body_reporters,acquaintance,False,0,3,0.0,4054.9553480000004,5531304.324434993
2015,haredi,violence_threat,other_body_reporters,family,False,0,3,0.0,4054.9553480000004,5531304.324434993
2015,haredi,violence_threat,other_body_reporters,legal,False,0,3,0.0,4054.9553480000004,5531304.324434993
2015,haredi,violence_threat,other_body_reporters,medical,True,0,3,0.0,4054.9553480000004,5531304.324434993
2015,haredi,violence_threat,other_body_reporters,mental_health,True,0,3,0.0,4054.9553480000004,5531304.324434993
2015,haredi,violence_threat,other_body_reporters,ngo,True,0,3,0.0,4054.9553480000004,5531304.324434993
2015,haredi,violence_threat,other_body_reporters,none,True,2,3,2854.1173857000003,4054.9553480000004,5531304.324434993
2015,haredi,violence_threat,other_body_reporters,other,True,1,3,1200.8379623,4054.9553480000004,5531304.324434993
2015,haredi,violence_threat,other_body_reporters,welfare,True,0,3,0.0,4054.9553480000004,5531304.324434993
2015,haredi,violence_threat,other_body_reporters,workplace,False,0,3,0.0,4054.9553480000004,5531304.324434993
2015,haredi,violence_threat,other_body_nonreporters,acquaintance,False,0,8,0.0,8268.4610098,8747297.020164097
2015,haredi,violence_threat,other_body_nonreporters,family,False,0,8,0.0,8268.4610098,8747297.020164097
2015,haredi,violence_threat,other_body_nonreporters,legal,False,0,8,0.0,8268.4610098,8747297.020164097
2015,haredi,violence_threat,other_body_nonreporters,medical,True,0,8,0.0,8268.4610098,8747297.020164097
2015,haredi,violence_threat,other_body_nonreporters,mental_health,True,0,8,0.0,8268.4610098,8747297.020164097
2015,haredi,violence_threat,other_body_nonreporters,ngo,True,0,8,0.0,8268.4610098,8747297.020164097
2015,haredi,violence_threat,other_body_nonreporters,none,True,6,8,6225.988901129999,8268.4610098,8747297.020164097
2015,haredi,violence_threat,other_body_nonreporters,other,True,1,8,1068.3443853,8268.4610098,8747297.020164097
2015,haredi,violence_threat,other_body_nonreporters,welfare,True,1,8,974.12772337,8268.4610098,8747297.020164097
2015,haredi,violence_threat,other_body_nonreporters,workplace,False,0,8,0.0,8268.4610098,8747297.020164097
2015,nonharedi_jew,cyber,reported,yes,True,20,169,20390.80582647,187961.64264452003,220290872.20049584
2015,nonharedi_jew,cyber,reason_not_reported,ashamed,True,3,149,3273.33508315,167570.83681805,199184068.81323206
2015,nonharedi_jew,cyber,reason_not_reported,didnt_know_police_handles,False,0,149,0.0,167570.83681805,199184068.81323206
2015,nonharedi_jew,cyber,reason_not_reported,fear_revenge,True,1,149,714.04965039,167570.83681805,199184068.81323206
2015,nonharedi_jew,cyber,reason_not_reported,handled_self,False,0,149,0.0,167570.83681805,199184068.81323206
2015,nonharedi_jew,cyber,reason_not_reported,not_worth_bothering,True,20,149,23146.05925707,167570.83681805,199184068.81323206
2015,nonharedi_jew,cyber,reason_not_reported,other,True,35,149,37968.14138988,167570.83681805,199184068.81323206
2015,nonharedi_jew,cyber,reason_not_reported,personal_time,False,0,149,0.0,167570.83681805,199184068.81323206
2015,nonharedi_jew,cyber,reason_not_reported,police_ineffective_past,True,24,149,29070.44854898,167570.83681805,199184068.81323206
2015,nonharedi_jew,cyber,reason_not_reported,police_unable,True,47,149,51932.357978800006,167570.83681805,199184068.81323206
2015,nonharedi_jew,cyber,reason_not_reported,police_unwilling,True,19,149,21466.44490978,167570.83681805,199184068.81323206
2015,nonharedi_jew,cyber,reason_not_reported,turned_elsewhere,False,0,149,0.0,167570.83681805,199184068.81323206
2015,nonharedi_jew,cyber,other_body,acquaintance,True,39,169,43494.097913339996,187961.64264452003,220290872.20049584
2015,nonharedi_jew,cyber,other_body,bank,False,0,169,0.0,187961.64264452003,220290872.20049584
2015,nonharedi_jew,cyber,other_body,family,True,44,169,48568.242274560005,187961.64264452003,220290872.20049584
2015,nonharedi_jew,cyber,other_body,government,False,0,169,0.0,187961.64264452003,220290872.20049584
2015,nonharedi_jew,cyber,other_body,isp,True,16,169,16475.737161,187961.64264452003,220290872.20049584
2015,nonharedi_jew,cyber,other_body,legal,False,0,169,0.0,187961.64264452003,220290872.20049584
2015,nonharedi_jew,cyber,other_body,none,True,52,169,60198.39396498,187961.64264452003,220290872.20049584
2015,nonharedi_jew,cyber,other_body,other,True,35,169,37572.20655865,187961.64264452003,220290872.20049584
2015,nonharedi_jew,cyber,other_body,professional,False,0,169,0.0,187961.64264452003,220290872.20049584
2015,nonharedi_jew,cyber,other_body,website,True,27,169,30738.05270071,187961.64264452003,220290872.20049584
2015,nonharedi_jew,cyber,other_body_reporters,acquaintance,True,11,20,10831.3775814,20390.80582647,21106803.38726379
2015,nonharedi_jew,cyber,other_body_reporters,bank,False,0,20,0.0,20390.80582647,21106803.38726379
2015,nonharedi_jew,cyber,other_body_reporters,family,True,9,20,8942.04787724,20390.80582647,21106803.38726379
2015,nonharedi_jew,cyber,other_body_reporters,government,False,0,20,0.0,20390.80582647,21106803.38726379
2015,nonharedi_jew,cyber,other_body_reporters,isp,True,3,20,3085.55391124,20390.80582647,21106803.38726379
2015,nonharedi_jew,cyber,other_body_reporters,legal,False,0,20,0.0,20390.80582647,21106803.38726379
2015,nonharedi_jew,cyber,other_body_reporters,none,True,2,20,2043.2953377000001,20390.80582647,21106803.38726379
2015,nonharedi_jew,cyber,other_body_reporters,other,True,2,20,1965.3755272,20390.80582647,21106803.38726379
2015,nonharedi_jew,cyber,other_body_reporters,professional,False,0,20,0.0,20390.80582647,21106803.38726379
2015,nonharedi_jew,cyber,other_body_reporters,website,True,6,20,6339.89309154,20390.80582647,21106803.38726379
2015,nonharedi_jew,cyber,other_body_nonreporters,acquaintance,True,28,149,32662.720331939996,167570.83681805,199184068.81323206
2015,nonharedi_jew,cyber,other_body_nonreporters,bank,False,0,149,0.0,167570.83681805,199184068.81323206
2015,nonharedi_jew,cyber,other_body_nonreporters,family,True,35,149,39626.194397319996,167570.83681805,199184068.81323206
2015,nonharedi_jew,cyber,other_body_nonreporters,government,False,0,149,0.0,167570.83681805,199184068.81323206
2015,nonharedi_jew,cyber,other_body_nonreporters,isp,True,13,149,13390.183249759999,167570.83681805,199184068.81323206
2015,nonharedi_jew,cyber,other_body_nonreporters,legal,False,0,149,0.0,167570.83681805,199184068.81323206
2015,nonharedi_jew,cyber,other_body_nonreporters,none,True,50,149,58155.09862728,167570.83681805,199184068.81323206
2015,nonharedi_jew,cyber,other_body_nonreporters,other,True,33,149,35606.83103144999,167570.83681805,199184068.81323206
2015,nonharedi_jew,cyber,other_body_nonreporters,professional,False,0,149,0.0,167570.83681805,199184068.81323206
2015,nonharedi_jew,cyber,other_body_nonreporters,website,True,21,149,24398.15960917,167570.83681805,199184068.81323206
2015,nonharedi_jew,sexual_harassment,reported,yes,True,4,96,4544.84352545,108952.84170343001,130933358.25317031
2015,nonharedi_jew,sexual_harassment,reason_not_reported,ashamed,True,9,92,8937.839092490001,104407.99817798001,125561449.40137479
2015,nonharedi_jew,sexual_harassment,reason_not_reported,fear_revenge,True,5,92,7071.128063,104407.99817798001,125561449.40137479
2015,nonharedi_jew,sexual_harassment,reason_not_reported,handled_self,False,0,92,0.0,104407.99817798001,125561449.40137479
2015,nonharedi_jew,sexual_harassment,reason_not_reported,not_worth_bothering,True,34,92,37298.70092958999,104407.99817798001,125561449.40137479
2015,nonharedi_jew,sexual_harassment,reason_not_reported,other,True,11,92,12563.415439040002,104407.99817798001,125561449.40137479
2015,nonharedi_jew,sexual_harassment,reason_not_reported,personal_time,False,0,92,0.0,104407.99817798001,125561449.40137479
2015,nonharedi_jew,sexual_harassment,reason_not_reported,police_ineffective_past,True,10,92,13184.68453927,104407.99817798001,125561449.40137479
2015,nonharedi_jew,sexual_harassment,reason_not_reported,police_unable,True,11,92,12211.457247150001,104407.99817798001,125561449.40137479
2015,nonharedi_jew,sexual_harassment,reason_not_reported,police_unwilling,True,12,92,13140.772867439999,104407.99817798001,125561449.40137479
2015,nonharedi_jew,sexual_harassment,reason_not_reported,turned_elsewhere,False,0,92,0.0,104407.99817798001,125561449.40137479
2015,nonharedi_jew,sexual_harassment,other_body,acquaintance,False,0,96,0.0,108952.84170343001,130933358.25317031
2015,nonharedi_jew,sexual_harassment,other_body,family,False,0,96,0.0,108952.84170343001,130933358.25317031
2015,nonharedi_jew,sexual_harassment,other_body,legal,False,0,96,0.0,108952.84170343001,130933358.25317031
2015,nonharedi_jew,sexual_harassment,other_body,medical,True,0,96,0.0,108952.84170343001,130933358.25317031
2015,nonharedi_jew,sexual_harassment,other_body,mental_health,True,3,96,3191.01237012,108952.84170343001,130933358.25317031
2015,nonharedi_jew,sexual_harassment,other_body,ngo,True,1,96,1086.4113516,108952.84170343001,130933358.25317031
2015,nonharedi_jew,sexual_harassment,other_body,none,True,82,96,93734.48844790002,108952.84170343001,130933358.25317031
2015,nonharedi_jew,sexual_harassment,other_body,other,True,10,96,11583.55582761,108952.84170343001,130933358.25317031
2015,nonharedi_jew,sexual_harassment,other_body,welfare,True,1,96,791.711932,108952.84170343001,130933358.25317031
2015,nonharedi_jew,sexual_harassment,other_body,workplace,False,0,96,0.0,108952.84170343001,130933358.25317031
2015,nonharedi_jew,sexual_harassment,other_body_reporters,acquaintance,False,0,4,0.0,4544.84352545,5371908.851795545
2015,nonharedi_jew,sexual_harassment,other_body_reporters,family,False,0,4,0.0,4544.84352545,5371908.851795545
2015,nonharedi_jew,sexual_harassment,other_body_reporters,legal,False,0,4,0.0,4544.84352545,5371908.851795545
2015,nonharedi_jew,sexual_harassment,other_body_reporters,medical,True,0,4,0.0,4544.84352545,5371908.851795545
2015,nonharedi_jew,sexual_harassment,other_body_reporters,mental_health,True,0,4,0.0,4544.84352545,5371908.851795545
2015,nonharedi_jew,sexual_harassment,other_body_reporters,ngo,True,0,4,0.0,4544.84352545,5371908.851795545
2015,nonharedi_jew,sexual_harassment,other_body_reporters,none,True,3,4,3592.2031822900003,4544.84352545,5371908.851795545
2015,nonharedi_jew,sexual_harassment,other_body_reporters,other,True,1,4,952.64034316,4544.84352545,5371908.851795545
2015,nonharedi_jew,sexual_harassment,other_body_reporters,welfare,True,0,4,0.0,4544.84352545,5371908.851795545
2015,nonharedi_jew,sexual_harassment,other_body_reporters,workplace,False,0,4,0.0,4544.84352545,5371908.851795545
2015,nonharedi_jew,sexual_harassment,other_body_nonreporters,acquaintance,False,0,92,0.0,104407.99817798001,125561449.40137479
2015,nonharedi_jew,sexual_harassment,other_body_nonreporters,family,False,0,92,0.0,104407.99817798001,125561449.40137479
2015,nonharedi_jew,sexual_harassment,other_body_nonreporters,legal,False,0,92,0.0,104407.99817798001,125561449.40137479
2015,nonharedi_jew,sexual_harassment,other_body_nonreporters,medical,True,0,92,0.0,104407.99817798001,125561449.40137479
2015,nonharedi_jew,sexual_harassment,other_body_nonreporters,mental_health,True,3,92,3191.01237012,104407.99817798001,125561449.40137479
2015,nonharedi_jew,sexual_harassment,other_body_nonreporters,ngo,True,1,92,1086.4113516,104407.99817798001,125561449.40137479
2015,nonharedi_jew,sexual_harassment,other_body_nonreporters,none,True,79,92,90142.28526561,104407.99817798001,125561449.40137479
2015,nonharedi_jew,sexual_harassment,other_body_nonreporters,other,True,9,92,10630.91548445,104407.99817798001,125561449.40137479
2015,nonharedi_jew,sexual_harassment,other_body_nonreporters,welfare,True,1,92,791.711932,104407.99817798001,125561449.40137479
2015,nonharedi_jew,sexual_harassment,other_body_nonreporters,workplace,False,0,92,0.0,104407.99817798001,125561449.40137479
2015,nonharedi_jew,theft,reported,yes,True,53,151,58604.440636240004,168330.03583692003,194263825.3909102
2015,nonharedi_jew,theft,reason_not_reported,handled_self,False,0,98,0.0,109725.59520068,127171882.4022283
2015,nonharedi_jew,theft,reason_not_reported,not_worth_bothering,True,18,98,20350.53690643,109725.59520068,127171882.4022283
2015,nonharedi_jew,theft,reason_not_reported,other,True,16,98,17383.15499576,109725.59520068,127171882.4022283
2015,nonharedi_jew,theft,reason_not_reported,personal_time,False,0,98,0.0,109725.59520068,127171882.4022283
2015,nonharedi_jew,theft,reason_not_reported,police_ineffective_past,True,20,98,23435.50819421,109725.59520068,127171882.4022283
2015,nonharedi_jew,theft,reason_not_reported,police_unable,True,30,98,33823.6933767,109725.59520068,127171882.4022283
2015,nonharedi_jew,theft,reason_not_reported,police_unwilling,True,14,98,14732.701727579999,109725.59520068,127171882.4022283
2015,nonharedi_jew,theft,reason_not_reported,turned_elsewhere,False,0,98,0.0,109725.59520068,127171882.4022283
2015,nonharedi_jew,violence_threat,reported,yes,True,32,129,36975.48593495,142340.11426655,166854783.20386237
2015,nonharedi_jew,violence_threat,reason_not_reported,ashamed,True,3,97,3499.3741551499998,105364.62833159999,120037783.51482932
2015,nonharedi_jew,violence_threat,reason_not_reported,fear_revenge,True,5,97,5756.90411001,105364.62833159999,120037783.51482932
2015,nonharedi_jew,violence_threat,reason_not_reported,handled_self,False,0,97,0.0,105364.62833159999,120037783.51482932
2015,nonharedi_jew,violence_threat,reason_not_reported,not_worth_bothering,True,6,97,5925.194167430001,105364.62833159999,120037783.51482932
2015,nonharedi_jew,violence_threat,reason_not_reported,other,True,21,97,21913.282150699997,105364.62833159999,120037783.51482932
2015,nonharedi_jew,violence_threat,reason_not_reported,personal_time,False,0,97,0.0,105364.62833159999,120037783.51482932
2015,nonharedi_jew,violence_threat,reason_not_reported,police_ineffective_past,True,32,97,36160.64482313,105364.62833159999,120037783.51482932
2015,nonharedi_jew,violence_threat,reason_not_reported,police_unable,True,17,97,17542.424471019996,105364.62833159999,120037783.51482932
2015,nonharedi_jew,violence_threat,reason_not_reported,police_unwilling,True,13,97,14566.804454160001,105364.62833159999,120037783.51482932
2015,nonharedi_jew,violence_threat,reason_not_reported,turned_elsewhere,False,0,97,0.0,105364.62833159999,120037783.51482932
2015,nonharedi_jew,violence_threat,other_body,acquaintance,False,0,127,0.0,140038.02633928997,164183538.41712385
2015,nonharedi_jew,violence_threat,other_body,family,False,0,127,0.0,140038.02633928997,164183538.41712385
2015,nonharedi_jew,violence_threat,other_body,legal,False,0,127,0.0,140038.02633928997,164183538.41712385
2015,nonharedi_jew,violence_threat,other_body,medical,True,10,127,9256.46031653,140038.02633928997,164183538.41712385
2015,nonharedi_jew,violence_threat,other_body,mental_health,True,5,127,5892.748534599999,140038.02633928997,164183538.41712385
2015,nonharedi_jew,violence_threat,other_body,ngo,True,3,127,3589.5883139,140038.02633928997,164183538.41712385
2015,nonharedi_jew,violence_threat,other_body,none,True,93,127,105097.99468013001,140038.02633928997,164183538.41712385
2015,nonharedi_jew,violence_threat,other_body,other,True,16,127,16196.13479891,140038.02633928997,164183538.41712385
2015,nonharedi_jew,violence_threat,other_body,welfare,True,7,127,6730.06958081,140038.02633928997,164183538.41712385
2015,nonharedi_jew,violence_threat,other_body,workplace,False,0,127,0.0,140038.02633928997,164183538.41712385
2015,nonharedi_jew,violence_threat,other_body_reporters,acquaintance,False,0,31,0.0,35737.68369185,45284845.29600968
2015,nonharedi_jew,violence_threat,other_body_reporters,family,False,0,31,0.0,35737.68369185,45284845.29600968
2015,nonharedi_jew,violence_threat,other_body_reporters,legal,False,0,31,0.0,35737.68369185,45284845.29600968
2015,nonharedi_jew,violence_threat,other_body_reporters,medical,True,5,31,4515.65829363,35737.68369185,45284845.29600968
2015,nonharedi_jew,violence_threat,other_body_reporters,mental_health,True,3,31,3692.3489509,35737.68369185,45284845.29600968
2015,nonharedi_jew,violence_threat,other_body_reporters,ngo,True,2,31,2503.1769623,35737.68369185,45284845.29600968
2015,nonharedi_jew,violence_threat,other_body_reporters,none,True,19,31,23330.1627527,35737.68369185,45284845.29600968
2015,nonharedi_jew,violence_threat,other_body_reporters,other,True,2,31,2112.5521463,35737.68369185,45284845.29600968
2015,nonharedi_jew,violence_threat,other_body_reporters,welfare,True,4,31,3560.7804423,35737.68369185,45284845.29600968
2015,nonharedi_jew,violence_threat,other_body_reporters,workplace,False,0,31,0.0,35737.68369185,45284845.29600968
2015,nonharedi_jew,violence_threat,other_body_nonreporters,acquaintance,False,0,95,0.0,103354.48248391,118004041.67216113
2015,nonharedi_jew,violence_threat,other_body_nonreporters,family,False,0,95,0.0,103354.48248391,118004041.67216113
2015,nonharedi_jew,violence_threat,other_body_nonreporters,legal,False,0,95,0.0,103354.48248391,118004041.67216113
2015,nonharedi_jew,violence_threat,other_body_nonreporters,medical,True,5,95,4740.8020229,103354.48248391,118004041.67216113
2015,nonharedi_jew,violence_threat,other_body_nonreporters,mental_health,True,2,95,2200.3995837,103354.48248391,118004041.67216113
2015,nonharedi_jew,violence_threat,other_body_nonreporters,ngo,True,1,95,1086.4113516,103354.48248391,118004041.67216113
2015,nonharedi_jew,violence_threat,other_body_nonreporters,none,True,73,95,80821.9717639,103354.48248391,118004041.67216113
2015,nonharedi_jew,violence_threat,other_body_nonreporters,other,True,14,95,14083.58265261,103354.48248391,118004041.67216113
2015,nonharedi_jew,violence_threat,other_body_nonreporters,welfare,True,3,95,3169.28913851,103354.48248391,118004041.67216113
2015,nonharedi_jew,violence_threat,other_body_nonreporters,workplace,False,0,95,0.0,103354.48248391,118004041.67216113
2015,all_20plus,cyber,reported,yes,True,23,201,24207.516851750002,227992.8382235,274223272.8437947
2015,all_20plus,cyber,reason_not_reported,ashamed,True,5,178,6884.23092946,203785.32137175003,248009750.4869793
2015,all_20plus,cyber,reason_not_reported,didnt_know_police_handles,False,0,178,0.0,203785.32137175003,248009750.4869793
2015,all_20plus,cyber,reason_not_reported,fear_revenge,True,2,178,1892.22549919,203785.32137175003,248009750.4869793
2015,all_20plus,cyber,reason_not_reported,handled_self,False,0,178,0.0,203785.32137175003,248009750.4869793
2015,all_20plus,cyber,reason_not_reported,not_worth_bothering,True,24,178,28708.06044697,203785.32137175003,248009750.4869793
2015,all_20plus,cyber,reason_not_reported,other,True,40,178,44148.2654207,203785.32137175003,248009750.4869793
2015,all_20plus,cyber,reason_not_reported,personal_time,False,0,178,0.0,203785.32137175003,248009750.4869793
2015,all_20plus,cyber,reason_not_reported,police_ineffective_past,True,28,178,33404.662432209996,203785.32137175003,248009750.4869793
2015,all_20plus,cyber,reason_not_reported,police_unable,True,57,178,63774.57664654,203785.32137175003,248009750.4869793
2015,all_20plus,cyber,reason_not_reported,police_unwilling,True,22,178,24973.299996679998,203785.32137175003,248009750.4869793
2015,all_20plus,cyber,reason_not_reported,turned_elsewhere,False,0,178,0.0,203785.32137175003,248009750.4869793
2015,all_20plus,cyber,other_body,acquaintance,True,49,201,55478.39649917,227992.8382235,274223272.8437947
2015,all_20plus,cyber,other_body,bank,False,0,201,0.0,227992.8382235,274223272.8437947
2015,all_20plus,cyber,other_body,family,True,53,201,61848.14961049001,227992.8382235,274223272.8437947
2015,all_20plus,cyber,other_body,government,False,0,201,0.0,227992.8382235,274223272.8437947
2015,all_20plus,cyber,other_body,isp,True,19,201,19934.07171858,227992.8382235,274223272.8437947
2015,all_20plus,cyber,other_body,legal,False,0,201,0.0,227992.8382235,274223272.8437947
2015,all_20plus,cyber,other_body,none,True,61,201,70037.62278753001,227992.8382235,274223272.8437947
2015,all_20plus,cyber,other_body,other,True,38,201,41690.30359225,227992.8382235,274223272.8437947
2015,all_20plus,cyber,other_body,professional,False,0,201,0.0,227992.8382235,274223272.8437947
2015,all_20plus,cyber,other_body,website,True,38,201,44435.95148977,227992.8382235,274223272.8437947
2015,all_20plus,cyber,other_body_reporters,acquaintance,True,13,23,13476.02038488,24207.516851750002,26213522.356815416
2015,all_20plus,cyber,other_body_reporters,bank,False,0,23,0.0,24207.516851750002,26213522.356815416
2015,all_20plus,cyber,other_body_reporters,family,True,11,23,11586.690680719998,24207.516851750002,26213522.356815416
2015,all_20plus,cyber,other_body_reporters,government,False,0,23,0.0,24207.516851750002,26213522.356815416
2015,all_20plus,cyber,other_body_reporters,isp,True,3,23,3085.55391124,24207.516851750002,26213522.356815416
2015,all_20plus,cyber,other_body_reporters,legal,False,0,23,0.0,24207.516851750002,26213522.356815416
2015,all_20plus,cyber,other_body_reporters,none,True,3,23,3215.3635594999996,24207.516851750002,26213522.356815416
2015,all_20plus,cyber,other_body_reporters,other,True,2,23,1965.3755272,24207.516851750002,26213522.356815416
2015,all_20plus,cyber,other_body_reporters,professional,False,0,23,0.0,24207.516851750002,26213522.356815416
2015,all_20plus,cyber,other_body_reporters,website,True,7,23,7318.770703120001,24207.516851750002,26213522.356815416
2015,all_20plus,cyber,other_body_nonreporters,acquaintance,True,36,178,42002.37611429,203785.32137175003,248009750.4869793
2015,all_20plus,cyber,other_body_nonreporters,bank,False,0,178,0.0,203785.32137175003,248009750.4869793
2015,all_20plus,cyber,other_body_nonreporters,family,True,42,178,50261.45892977,203785.32137175003,248009750.4869793
2015,all_20plus,cyber,other_body_nonreporters,government,False,0,178,0.0,203785.32137175003,248009750.4869793
2015,all_20plus,cyber,other_body_nonreporters,isp,True,16,178,16848.517807340002,203785.32137175003,248009750.4869793
2015,all_20plus,cyber,other_body_nonreporters,legal,False,0,178,0.0,203785.32137175003,248009750.4869793
2015,all_20plus,cyber,other_body_nonreporters,none,True,58,178,66822.25922803,203785.32137175003,248009750.4869793
2015,all_20plus,cyber,other_body_nonreporters,other,True,36,178,39724.92806505,203785.32137175003,248009750.4869793
2015,all_20plus,cyber,other_body_nonreporters,professional,False,0,178,0.0,203785.32137175003,248009750.4869793
2015,all_20plus,cyber,other_body_nonreporters,website,True,31,178,37117.18078665,203785.32137175003,248009750.4869793
2015,all_20plus,sexual_harassment,reported,yes,True,5,115,5714.48246445,134832.02891229998,170445116.38184136
2015,all_20plus,sexual_harassment,reason_not_reported,ashamed,True,10,110,11186.986517590001,129117.54644785002,163705152.28242072
2015,all_20plus,sexual_harassment,reason_not_reported,fear_revenge,True,5,110,7071.128063,129117.54644785002,163705152.28242072
2015,all_20plus,sexual_harassment,reason_not_reported,handled_self,False,0,110,0.0,129117.54644785002,163705152.28242072
2015,all_20plus,sexual_harassment,reason_not_reported,not_worth_bothering,True,39,110,43272.177245449995,129117.54644785002,163705152.28242072
2015,all_20plus,sexual_harassment,reason_not_reported,other,True,18,110,23354.560913899997,129117.54644785002,163705152.28242072
2015,all_20plus,sexual_harassment,reason_not_reported,personal_time,False,0,110,0.0,129117.54644785002,163705152.28242072
2015,all_20plus,sexual_harassment,reason_not_reported,police_ineffective_past,True,10,110,13184.68453927,129117.54644785002,163705152.28242072
2015,all_20plus,sexual_harassment,reason_not_reported,police_unable,True,14,110,15815.2906702,129117.54644785002,163705152.28242072
2015,all_20plus,sexual_harassment,reason_not_reported,police_unwilling,True,14,110,15232.718498439997,129117.54644785002,163705152.28242072
2015,all_20plus,sexual_harassment,reason_not_reported,turned_elsewhere,False,0,110,0.0,129117.54644785002,163705152.28242072
2015,all_20plus,sexual_harassment,other_body,acquaintance,False,0,115,0.0,134832.02891229998,170445116.38184136
2015,all_20plus,sexual_harassment,other_body,family,False,0,115,0.0,134832.02891229998,170445116.38184136
2015,all_20plus,sexual_harassment,other_body,legal,False,0,115,0.0,134832.02891229998,170445116.38184136
2015,all_20plus,sexual_harassment,other_body,medical,True,0,115,0.0,134832.02891229998,170445116.38184136
2015,all_20plus,sexual_harassment,other_body,mental_health,True,4,115,4730.88335342,134832.02891229998,170445116.38184136
2015,all_20plus,sexual_harassment,other_body,ngo,True,1,115,1086.4113516,134832.02891229998,170445116.38184136
2015,all_20plus,sexual_harassment,other_body,none,True,98,115,115917.49978562002,134832.02891229998,170445116.38184136
2015,all_20plus,sexual_harassment,other_body,other,True,15,115,17587.154523819998,134832.02891229998,170445116.38184136
2015,all_20plus,sexual_harassment,other_body,welfare,True,1,115,791.711932,134832.02891229998,170445116.38184136
2015,all_20plus,sexual_harassment,other_body,workplace,False,0,115,0.0,134832.02891229998,170445116.38184136
2015,all_20plus,sexual_harassment,other_body_reporters,acquaintance,False,0,5,0.0,5714.48246445,6739964.09942059
2015,all_20plus,sexual_harassment,other_body_reporters,family,False,0,5,0.0,5714.48246445,6739964.09942059
2015,all_20plus,sexual_harassment,other_body_reporters,legal,False,0,5,0.0,5714.48246445,6739964.09942059
2015,all_20plus,sexual_harassment,other_body_reporters,medical,True,0,5,0.0,5714.48246445,6739964.09942059
2015,all_20plus,sexual_harassment,other_body_reporters,mental_health,True,0,5,0.0,5714.48246445,6739964.09942059
2015,all_20plus,sexual_harassment,other_body_reporters,ngo,True,0,5,0.0,5714.48246445,6739964.09942059
2015,all_20plus,sexual_harassment,other_body_reporters,none,True,3,5,3592.2031822900003,5714.48246445,6739964.09942059
2015,all_20plus,sexual_harassment,other_body_reporters,other,True,2,5,2122.27928216,5714.48246445,6739964.09942059
2015,all_20plus,sexual_harassment,other_body_reporters,welfare,True,0,5,0.0,5714.48246445,6739964.09942059
2015,all_20plus,sexual_harassment,other_body_reporters,workplace,False,0,5,0.0,5714.48246445,6739964.09942059
2015,all_20plus,sexual_harassment,other_body_nonreporters,acquaintance,False,0,110,0.0,129117.54644785002,163705152.28242072
2015,all_20plus,sexual_harassment,other_body_nonreporters,family,False,0,110,0.0,129117.54644785002,163705152.28242072
2015,all_20plus,sexual_harassment,other_body_nonreporters,legal,False,0,110,0.0,129117.54644785002,163705152.28242072
2015,all_20plus,sexual_harassment,other_body_nonreporters,medical,True,0,110,0.0,129117.54644785002,163705152.28242072
2015,all_20plus,sexual_harassment,other_body_nonreporters,mental_health,True,4,110,4730.88335342,129117.54644785002,163705152.28242072
2015,all_20plus,sexual_harassment,other_body_nonreporters,ngo,True,1,110,1086.4113516,129117.54644785002,163705152.28242072
2015,all_20plus,sexual_harassment,other_body_nonreporters,none,True,95,110,112325.29660333,129117.54644785002,163705152.28242072
2015,all_20plus,sexual_harassment,other_body_nonreporters,other,True,13,110,15464.87524166,129117.54644785002,163705152.28242072
2015,all_20plus,sexual_harassment,other_body_nonreporters,welfare,True,1,110,791.711932,129117.54644785002,163705152.28242072
2015,all_20plus,sexual_harassment,other_body_nonreporters,workplace,False,0,110,0.0,129117.54644785002,163705152.28242072
2015,all_20plus,theft,reported,yes,True,77,206,87200.08425610999,238976.95383033002,294228540.6524899
2015,all_20plus,theft,reason_not_reported,handled_self,False,0,129,0.0,151776.86957422,189725000.65970358
2015,all_20plus,theft,reason_not_reported,not_worth_bothering,True,24,129,28066.97536014,151776.86957422,189725000.65970358
2015,all_20plus,theft,reason_not_reported,other,True,22,129,23662.121772370003,151776.86957422,189725000.65970358
2015,all_20plus,theft,reason_not_reported,personal_time,False,0,129,0.0,151776.86957422,189725000.65970358
2015,all_20plus,theft,reason_not_reported,police_ineffective_past,True,30,129,38467.311553830004,151776.86957422,189725000.65970358
2015,all_20plus,theft,reason_not_reported,police_unable,True,35,129,41532.4880426,151776.86957422,189725000.65970358
2015,all_20plus,theft,reason_not_reported,police_unwilling,True,18,129,20047.972845279997,151776.86957422,189725000.65970358
2015,all_20plus,theft,reason_not_reported,turned_elsewhere,False,0,129,0.0,151776.86957422,189725000.65970358
2015,all_20plus,violence_threat,reported,yes,True,43,167,49832.03224701,188481.49309561,228466336.24570146
2015,all_20plus,violence_threat,reason_not_reported,ashamed,True,4,124,4757.99068395,138649.4608486,166306377.4528696
2015,all_20plus,violence_threat,reason_not_reported,fear_revenge,True,5,124,5756.90411001,138649.4608486,166306377.4528696
2015,all_20plus,violence_threat,reason_not_reported,handled_self,False,0,124,0.0,138649.4608486,166306377.4528696
2015,all_20plus,violence_threat,reason_not_reported,not_worth_bothering,True,8,124,8009.731330730001,138649.4608486,166306377.4528696
2015,all_20plus,violence_threat,reason_not_reported,other,True,26,124,29254.54033477,138649.4608486,166306377.4528696
2015,all_20plus,violence_threat,reason_not_reported,personal_time,False,0,124,0.0,138649.4608486,166306377.4528696
2015,all_20plus,violence_threat,reason_not_reported,police_ineffective_past,True,39,124,43937.09150271,138649.4608486,166306377.4528696
2015,all_20plus,violence_threat,reason_not_reported,police_unable,True,21,124,21968.66931072,138649.4608486,166306377.4528696
2015,all_20plus,violence_threat,reason_not_reported,police_unwilling,True,21,124,24964.53357571,138649.4608486,166306377.4528696
2015,all_20plus,violence_threat,reason_not_reported,turned_elsewhere,False,0,124,0.0,138649.4608486,166306377.4528696
2015,all_20plus,violence_threat,other_body,acquaintance,False,0,166,0.0,187303.00973265,227057578.67587873
2015,all_20plus,violence_threat,other_body,family,False,0,166,0.0,187303.00973265,227057578.67587873
2015,all_20plus,violence_threat,other_body,legal,False,0,166,0.0,187303.00973265,227057578.67587873
2015,all_20plus,violence_threat,other_body,medical,True,14,166,13580.982787539997,187303.00973265,227057578.67587873
2015,all_20plus,violence_threat,other_body,mental_health,True,5,166,5892.748534599999,187303.00973265,227057578.67587873
2015,all_20plus,violence_threat,other_body,ngo,True,3,166,3589.5883139,187303.00973265,227057578.67587873
2015,all_20plus,violence_threat,other_body,none,True,121,166,140064.85705155,187303.00973265,227057578.67587873
2015,all_20plus,violence_threat,other_body,other,True,22,166,23195.60562647,187303.00973265,227057578.67587873
2015,all_20plus,violence_threat,other_body,welfare,True,8,166,7704.19730418,187303.00973265,227057578.67587873
2015,all_20plus,violence_threat,other_body,workplace,False,0,166,0.0,187303.00973265,227057578.67587873
2015,all_20plus,violence_threat,other_body_reporters,acquaintance,False,0,42,0.0,48594.23000391,60627804.39980853
2015,all_20plus,violence_threat,other_body_reporters,family,False,0,42,0.0,48594.23000391,60627804.39980853
2015,all_20plus,violence_threat,other_body_reporters,legal,False,0,42,0.0,48594.23000391,60627804.39980853
2015,all_20plus,violence_threat,other_body_reporters,medical,True,8,42,7727.25516784,48594.23000391,60627804.39980853
2015,all_20plus,violence_threat,other_body_reporters,mental_health,True,3,42,3692.3489509,48594.23000391,60627804.39980853
2015,all_20plus,violence_threat,other_body_reporters,ngo,True,2,42,2503.1769623,48594.23000391,60627804.39980853
2015,all_20plus,violence_threat,other_body_reporters,none,True,25,42,30686.515267450002,48594.23000391,60627804.39980853
2015,all_20plus,violence_threat,other_body_reporters,other,True,4,42,4401.1490693999995,48594.23000391,60627804.39980853
2015,all_20plus,violence_threat,other_body_reporters,welfare,True,4,42,3560.7804423,48594.23000391,60627804.39980853
2015,all_20plus,violence_threat,other_body_reporters,workplace,False,0,42,0.0,48594.23000391,60627804.39980853
2015,all_20plus,violence_threat,other_body_nonreporters,acquaintance,False,0,122,0.0,136639.31500091,164272635.61020142
2015,all_20plus,violence_threat,other_body_nonreporters,family,False,0,122,0.0,136639.31500091,164272635.61020142
2015,all_20plus,violence_threat,other_body_nonreporters,legal,False,0,122,0.0,136639.31500091,164272635.61020142
2015,all_20plus,violence_threat,other_body_nonreporters,medical,True,6,122,5853.7276197,136639.31500091,164272635.61020142
2015,all_20plus,violence_threat,other_body_nonreporters,mental_health,True,2,122,2200.3995837,136639.31500091,164272635.61020142
2015,all_20plus,violence_threat,other_body_nonreporters,ngo,True,1,122,1086.4113516,136639.31500091,164272635.61020142
2015,all_20plus,violence_threat,other_body_nonreporters,none,True,94,122,107308.87705627002,136639.31500091,164272635.61020142
2015,all_20plus,violence_threat,other_body_nonreporters,other,True,18,122,18794.45655707,136639.31500091,164272635.61020142
2015,all_20plus,violence_threat,other_body_nonreporters,welfare,True,4,122,4143.41686188,136639.31500091,164272635.61020142
2015,all_20plus,violence_threat,other_body_nonreporters,workplace,False,0,122,0.0,136639.31500091,164272635.61020142
2016,haredi,cyber,reported,yes,True,0,5,0.0,5828.801483110001,6965392.467540874
2016,haredi,cyber,reason_not_reported,ashamed,True,0,5,0.0,5828.801483110001,6965392.467540874
2016,haredi,cyber,reason_not_reported,didnt_know_police_handles,False,0,5,0.0,5828.801483110001,6965392.467540874
2016,haredi,cyber,reason_not_reported,fear_revenge,True,0,5,0.0,5828.801483110001,6965392.467540874
2016,haredi,cyber,reason_not_reported,handled_self,False,0,5,0.0,5828.801483110001,6965392.467540874
2016,haredi,cyber,reason_not_reported,not_worth_bothering,True,2,5,2239.6961269,5828.801483110001,6965392.467540874
2016,haredi,cyber,reason_not_reported,other,True,0,5,0.0,5828.801483110001,6965392.467540874
2016,haredi,cyber,reason_not_reported,personal_time,True,0,5,0.0,5828.801483110001,6965392.467540874
2016,haredi,cyber,reason_not_reported,police_ineffective_past,True,0,5,0.0,5828.801483110001,6965392.467540874
2016,haredi,cyber,reason_not_reported,police_unable,True,2,5,2705.7521785,5828.801483110001,6965392.467540874
2016,haredi,cyber,reason_not_reported,police_unwilling,True,0,5,0.0,5828.801483110001,6965392.467540874
2016,haredi,cyber,reason_not_reported,turned_elsewhere,True,1,5,883.35317771,5828.801483110001,6965392.467540874
2016,haredi,cyber,other_body,acquaintance,True,0,5,0.0,5828.801483110001,6965392.467540874
2016,haredi,cyber,other_body,bank,False,0,5,0.0,5828.801483110001,6965392.467540874
2016,haredi,cyber,other_body,family,True,0,5,0.0,5828.801483110001,6965392.467540874
2016,haredi,cyber,other_body,government,False,0,5,0.0,5828.801483110001,6965392.467540874
2016,haredi,cyber,other_body,isp,True,0,5,0.0,5828.801483110001,6965392.467540874
2016,haredi,cyber,other_body,legal,True,1,5,1296.7184517,5828.801483110001,6965392.467540874
2016,haredi,cyber,other_body,none,True,2,5,2599.9643982,5828.801483110001,6965392.467540874
2016,haredi,cyber,other_body,other,True,1,5,883.35317771,5828.801483110001,6965392.467540874
2016,haredi,cyber,other_body,professional,False,0,5,0.0,5828.801483110001,6965392.467540874
2016,haredi,cyber,other_body,website,True,1,5,1048.7654555,5828.801483110001,6965392.467540874
2016,haredi,cyber,other_body_reporters,acquaintance,True,0,0,0.0,0.0,0.0
2016,haredi,cyber,other_body_reporters,bank,False,0,0,0.0,0.0,0.0
2016,haredi,cyber,other_body_reporters,family,True,0,0,0.0,0.0,0.0
2016,haredi,cyber,other_body_reporters,government,False,0,0,0.0,0.0,0.0
2016,haredi,cyber,other_body_reporters,isp,True,0,0,0.0,0.0,0.0
2016,haredi,cyber,other_body_reporters,legal,True,0,0,0.0,0.0,0.0
2016,haredi,cyber,other_body_reporters,none,True,0,0,0.0,0.0,0.0
2016,haredi,cyber,other_body_reporters,other,True,0,0,0.0,0.0,0.0
2016,haredi,cyber,other_body_reporters,professional,False,0,0,0.0,0.0,0.0
2016,haredi,cyber,other_body_reporters,website,True,0,0,0.0,0.0,0.0
2016,haredi,cyber,other_body_nonreporters,acquaintance,True,0,5,0.0,5828.801483110001,6965392.467540874
2016,haredi,cyber,other_body_nonreporters,bank,False,0,5,0.0,5828.801483110001,6965392.467540874
2016,haredi,cyber,other_body_nonreporters,family,True,0,5,0.0,5828.801483110001,6965392.467540874
2016,haredi,cyber,other_body_nonreporters,government,False,0,5,0.0,5828.801483110001,6965392.467540874
2016,haredi,cyber,other_body_nonreporters,isp,True,0,5,0.0,5828.801483110001,6965392.467540874
2016,haredi,cyber,other_body_nonreporters,legal,True,1,5,1296.7184517,5828.801483110001,6965392.467540874
2016,haredi,cyber,other_body_nonreporters,none,True,2,5,2599.9643982,5828.801483110001,6965392.467540874
2016,haredi,cyber,other_body_nonreporters,other,True,1,5,883.35317771,5828.801483110001,6965392.467540874
2016,haredi,cyber,other_body_nonreporters,professional,False,0,5,0.0,5828.801483110001,6965392.467540874
2016,haredi,cyber,other_body_nonreporters,website,True,1,5,1048.7654555,5828.801483110001,6965392.467540874
2016,haredi,sexual_harassment,reported,yes,True,1,4,1381.6630275,5117.0534165,6660921.6729919035
2016,haredi,sexual_harassment,reason_not_reported,ashamed,True,0,3,0.0,3735.390389,4751928.951431438
2016,haredi,sexual_harassment,reason_not_reported,fear_revenge,True,0,3,0.0,3735.390389,4751928.951431438
2016,haredi,sexual_harassment,reason_not_reported,handled_self,False,0,3,0.0,3735.390389,4751928.951431438
2016,haredi,sexual_harassment,reason_not_reported,not_worth_bothering,True,0,3,0.0,3735.390389,4751928.951431438
2016,haredi,sexual_harassment,reason_not_reported,other,True,2,3,2556.0210404,3735.390389,4751928.951431438
2016,haredi,sexual_harassment,reason_not_reported,personal_time,True,0,3,0.0,3735.390389,4751928.951431438
2016,haredi,sexual_harassment,reason_not_reported,police_ineffective_past,True,0,3,0.0,3735.390389,4751928.951431438
2016,haredi,sexual_harassment,reason_not_reported,police_unable,True,0,3,0.0,3735.390389,4751928.951431438
2016,haredi,sexual_harassment,reason_not_reported,police_unwilling,True,1,3,1179.3693486,3735.390389,4751928.951431438
2016,haredi,sexual_harassment,reason_not_reported,turned_elsewhere,True,0,3,0.0,3735.390389,4751928.951431438
2016,haredi,sexual_harassment,other_body,acquaintance,True,1,4,1495.2605047,5117.0534165,6660921.6729919035
2016,haredi,sexual_harassment,other_body,family,True,1,4,1179.3693486,5117.0534165,6660921.6729919035
2016,haredi,sexual_harassment,other_body,legal,True,0,4,0.0,5117.0534165,6660921.6729919035
2016,haredi,sexual_harassment,other_body,medical,True,0,4,0.0,5117.0534165,6660921.6729919035
2016,haredi,sexual_harassment,other_body,mental_health,True,1,4,1381.6630275,5117.0534165,6660921.6729919035
2016,haredi,sexual_harassment,other_body,ngo,True,0,4,0.0,5117.0534165,6660921.6729919035
2016,haredi,sexual_harassment,other_body,none,True,1,4,1060.7605357,5117.0534165,6660921.6729919035
2016,haredi,sexual_harassment,other_body,other,True,0,4,0.0,5117.0534165,6660921.6729919035
2016,haredi,sexual_harassment,other_body,welfare,True,0,4,0.0,5117.0534165,6660921.6729919035
2016,haredi,sexual_harassment,other_body,workplace,False,0,4,0.0,5117.0534165,6660921.6729919035
2016,haredi,sexual_harassment,other_body_reporters,acquaintance,True,0,1,0.0,1381.6630275,1908992.7215604656
2016,haredi,sexual_harassment,other_body_reporters,family,True,0,1,0.0,1381.6630275,1908992.7215604656
2016,haredi,sexual_harassment,other_body_reporters,legal,True,0,1,0.0,1381.6630275,1908992.7215604656
2016,haredi,sexual_harassment,other_body_reporters,medical,True,0,1,0.0,1381.6630275,1908992.7215604656
2016,haredi,sexual_harassment,other_body_reporters,mental_health,True,1,1,1381.6630275,1381.6630275,1908992.7215604656
2016,haredi,sexual_harassment,other_body_reporters,ngo,True,0,1,0.0,1381.6630275,1908992.7215604656
2016,haredi,sexual_harassment,other_body_reporters,none,True,0,1,0.0,1381.6630275,1908992.7215604656
2016,haredi,sexual_harassment,other_body_reporters,other,True,0,1,0.0,1381.6630275,1908992.7215604656
2016,haredi,sexual_harassment,other_body_reporters,welfare,True,0,1,0.0,1381.6630275,1908992.7215604656
2016,haredi,sexual_harassment,other_body_reporters,workplace,False,0,1,0.0,1381.6630275,1908992.7215604656
2016,haredi,sexual_harassment,other_body_nonreporters,acquaintance,True,1,3,1495.2605047,3735.390389,4751928.951431438
2016,haredi,sexual_harassment,other_body_nonreporters,family,True,1,3,1179.3693486,3735.390389,4751928.951431438
2016,haredi,sexual_harassment,other_body_nonreporters,legal,True,0,3,0.0,3735.390389,4751928.951431438
2016,haredi,sexual_harassment,other_body_nonreporters,medical,True,0,3,0.0,3735.390389,4751928.951431438
2016,haredi,sexual_harassment,other_body_nonreporters,mental_health,True,0,3,0.0,3735.390389,4751928.951431438
2016,haredi,sexual_harassment,other_body_nonreporters,ngo,True,0,3,0.0,3735.390389,4751928.951431438
2016,haredi,sexual_harassment,other_body_nonreporters,none,True,1,3,1060.7605357,3735.390389,4751928.951431438
2016,haredi,sexual_harassment,other_body_nonreporters,other,True,0,3,0.0,3735.390389,4751928.951431438
2016,haredi,sexual_harassment,other_body_nonreporters,welfare,True,0,3,0.0,3735.390389,4751928.951431438
2016,haredi,sexual_harassment,other_body_nonreporters,workplace,False,0,3,0.0,3735.390389,4751928.951431438
2016,haredi,theft,reported,yes,True,4,15,4433.4355086,17562.900636770002,20987635.532848984
2016,haredi,theft,reason_not_reported,handled_self,False,0,11,0.0,13129.465128169999,16043297.345215494
2016,haredi,theft,reason_not_reported,not_worth_bothering,True,1,11,1180.8461522,13129.465128169999,16043297.345215494
2016,haredi,theft,reason_not_reported,other,True,1,11,1697.6490252,13129.465128169999,16043297.345215494
2016,haredi,theft,reason_not_reported,personal_time,True,3,11,3630.6121844,13129.465128169999,16043297.345215494
2016,haredi,theft,reason_not_reported,police_ineffective_past,True,1,11,1024.1969431,13129.465128169999,16043297.345215494
2016,haredi,theft,reason_not_reported,police_unable,True,1,11,1148.9896771,13129.465128169999,16043297.345215494
2016,haredi,theft,reason_not_reported,police_unwilling,True,2,11,2177.55075287,13129.465128169999,16043297.345215494
2016,haredi,theft,reason_not_reported,turned_elsewhere,True,2,11,2269.6203932999997,13129.465128169999,16043297.345215494
2016,haredi,violence_threat,reported,yes,True,4,11,4104.988234439999,11807.60138381,12794029.315351699
2016,haredi,violence_threat,reason_not_reported,ashamed,True,0,7,0.0,7702.6131493699995,8516306.423687894
2016,haredi,violence_threat,reason_not_reported,fear_revenge,True,1,7,1090.1236663,7702.6131493699995,8516306.423687894
2016,haredi,violence_threat,reason_not_reported,handled_self,False,0,7,0.0,7702.6131493699995,8516306.423687894
2016,haredi,violence_threat,reason_not_reported,not_worth_bothering,True,1,7,1003.9766669,7702.6131493699995,8516306.423687894
2016,haredi,violence_threat,reason_not_reported,other,True,0,7,0.0,7702.6131493699995,8516306.423687894
2016,haredi,violence_threat,reason_not_reported,personal_time,True,1,7,1130.2043557,7702.6131493699995,8516306.423687894
2016,haredi,violence_threat,reason_not_reported,police_ineffective_past,True,2,7,2307.8849946,7702.6131493699995,8516306.423687894
2016,haredi,violence_threat,reason_not_reported,police_unable,True,0,7,0.0,7702.6131493699995,8516306.423687894
2016,haredi,violence_threat,reason_not_reported,police_unwilling,True,1,7,1172.2420616,7702.6131493699995,8516306.423687894
2016,haredi,violence_threat,reason_not_reported,turned_elsewhere,True,1,7,998.18140427,7702.6131493699995,8516306.423687894
2016,haredi,violence_threat,other_body,acquaintance,True,3,8,3443.2866036999994,8983.8492801,10114677.297536295
2016,haredi,violence_threat,other_body,family,True,3,8,3392.5700835999996,8983.8492801,10114677.297536295
2016,haredi,violence_threat,other_body,legal,True,1,8,1060.7605357,8983.8492801,10114677.297536295
2016,haredi,violence_threat,other_body,medical,True,0,8,0.0,8983.8492801,10114677.297536295
2016,haredi,violence_threat,other_body,mental_health,True,0,8,0.0,8983.8492801,10114677.297536295
2016,haredi,violence_threat,other_body,ngo,True,1,8,1172.3209977,8983.8492801,10114677.297536295
2016,haredi,violence_threat,other_body,none,True,1,8,1087.153121,8983.8492801,10114677.297536295
2016,haredi,violence_threat,other_body,other,True,0,8,0.0,8983.8492801,10114677.297536295
2016,haredi,violence_threat,other_body,welfare,True,0,8,0.0,8983.8492801,10114677.297536295
2016,haredi,violence_threat,other_body,workplace,False,0,8,0.0,8983.8492801,10114677.297536295
2016,haredi,violence_threat,other_body_reporters,acquaintance,True,1,3,1050.3126685,3283.3942018999996,3602706.137358465
2016,haredi,violence_threat,other_body_reporters,family,True,0,3,0.0,3283.3942018999996,3602706.137358465
2016,haredi,violence_threat,other_body_reporters,legal,True,1,3,1060.7605357,3283.3942018999996,3602706.137358465
2016,haredi,violence_threat,other_body_reporters,medical,True,0,3,0.0,3283.3942018999996,3602706.137358465
2016,haredi,violence_threat,other_body_reporters,mental_health,True,0,3,0.0,3283.3942018999996,3602706.137358465
2016,haredi,violence_threat,other_body_reporters,ngo,True,1,3,1172.3209977,3283.3942018999996,3602706.137358465
2016,haredi,violence_threat,other_body_reporters,none,True,0,3,0.0,3283.3942018999996,3602706.137358465
2016,haredi,violence_threat,other_body_reporters,other,True,0,3,0.0,3283.3942018999996,3602706.137358465
2016,haredi,violence_threat,other_body_reporters,welfare,True,0,3,0.0,3283.3942018999996,3602706.137358465
2016,haredi,violence_threat,other_body_reporters,workplace,False,0,3,0.0,3283.3942018999996,3602706.137358465
2016,haredi,violence_threat,other_body_nonreporters,acquaintance,True,2,5,2392.9739351999997,5700.4550782,6511971.160177831
2016,haredi,violence_threat,other_body_nonreporters,family,True,3,5,3392.5700835999996,5700.4550782,6511971.160177831
2016,haredi,violence_threat,other_body_nonreporters,legal,True,0,5,0.0,5700.4550782,6511971.160177831
2016,haredi,violence_threat,other_body_nonreporters,medical,True,0,5,0.0,5700.4550782,6511971.160177831
2016,haredi,violence_threat,other_body_nonreporters,mental_health,True,0,5,0.0,5700.4550782,6511971.160177831
2016,haredi,violence_threat,other_body_nonreporters,ngo,True,0,5,0.0,5700.4550782,6511971.160177831
2016,haredi,violence_threat,other_body_nonreporters,none,True,1,5,1087.153121,5700.4550782,6511971.160177831
2016,haredi,violence_threat,other_body_nonreporters,other,True,0,5,0.0,5700.4550782,6511971.160177831
2016,haredi,violence_threat,other_body_nonreporters,welfare,True,0,5,0.0,5700.4550782,6511971.160177831
2016,haredi,violence_threat,other_body_nonreporters,workplace,False,0,5,0.0,5700.4550782,6511971.160177831
2016,nonharedi_jew,cyber,reported,yes,True,13,136,14302.6985969,155623.06861712,184214308.90715203
2016,nonharedi_jew,cyber,reason_not_reported,ashamed,True,1,123,1385.9104634,141320.37002022,168133010.2523296
2016,nonharedi_jew,cyber,reason_not_reported,didnt_know_police_handles,False,0,123,0.0,141320.37002022,168133010.2523296
2016,nonharedi_jew,cyber,reason_not_reported,fear_revenge,True,1,123,1325.2305565,141320.37002022,168133010.2523296
2016,nonharedi_jew,cyber,reason_not_reported,handled_self,False,0,123,0.0,141320.37002022,168133010.2523296
2016,nonharedi_jew,cyber,reason_not_reported,not_worth_bothering,True,21,123,22396.677299140003,141320.37002022,168133010.2523296
2016,nonharedi_jew,cyber,reason_not_reported,other,True,16,123,18951.460013570002,141320.37002022,168133010.2523296
2016,nonharedi_jew,cyber,reason_not_reported,personal_time,True,12,123,15508.051582200002,141320.37002022,168133010.2523296
2016,nonharedi_jew,cyber,reason_not_reported,police_ineffective_past,True,12,123,12790.90748445,141320.37002022,168133010.2523296
2016,nonharedi_jew,cyber,reason_not_reported,police_unable,True,20,123,24690.35055434,141320.37002022,168133010.2523296
2016,nonharedi_jew,cyber,reason_not_reported,police_unwilling,True,4,123,5533.88165504,141320.37002022,168133010.2523296
2016,nonharedi_jew,cyber,reason_not_reported,turned_elsewhere,True,36,123,38737.90041157999,141320.37002022,168133010.2523296
2016,nonharedi_jew,cyber,other_body,acquaintance,True,13,132,15925.15999425,151078.35643989,178957592.14479947
2016,nonharedi_jew,cyber,other_body,bank,False,0,132,0.0,151078.35643989,178957592.14479947
2016,nonharedi_jew,cyber,other_body,family,True,21,132,24143.020341180003,151078.35643989,178957592.14479947
2016,nonharedi_jew,cyber,other_body,government,False,0,132,0.0,151078.35643989,178957592.14479947
2016,nonharedi_jew,cyber,other_body,isp,True,10,132,11049.888319489999,151078.35643989,178957592.14479947
2016,nonharedi_jew,cyber,other_body,legal,True,4,132,5011.6868468,151078.35643989,178957592.14479947
2016,nonharedi_jew,cyber,other_body,none,True,60,132,69601.57253085,151078.35643989,178957592.14479947
2016,nonharedi_jew,cyber,other_body,other,True,29,132,32613.575034089998,151078.35643989,178957592.14479947
2016,nonharedi_jew,cyber,other_body,professional,False,0,132,0.0,151078.35643989,178957592.14479947
2016,nonharedi_jew,cyber,other_body,website,True,14,132,16358.35089157,151078.35643989,178957592.14479947
2016,nonharedi_jew,cyber,other_body_reporters,acquaintance,True,2,13,2092.9524450999997,14302.6985969,16081298.654822394
2016,nonharedi_jew,cyber,other_body_reporters,bank,False,0,13,0.0,14302.6985969,16081298.654822394
2016,nonharedi_jew,cyber,other_body_reporters,family,True,1,13,1117.563751,14302.6985969,16081298.654822394
2016,nonharedi_jew,cyber,other_body_reporters,government,False,0,13,0.0,14302.6985969,16081298.654822394
2016,nonharedi_jew,cyber,other_body_reporters,isp,True,0,13,0.0,14302.6985969,16081298.654822394
2016,nonharedi_jew,cyber,other_body_reporters,legal,True,1,13,1022.5184047,14302.6985969,16081298.654822394
2016,nonharedi_jew,cyber,other_body_reporters,none,True,6,13,6656.126953519999,14302.6985969,16081298.654822394
2016,nonharedi_jew,cyber,other_body_reporters,other,True,2,13,2092.26930338,14302.6985969,16081298.654822394
2016,nonharedi_jew,cyber,other_body_reporters,professional,False,0,13,0.0,14302.6985969,16081298.654822394
2016,nonharedi_jew,cyber,other_body_reporters,website,True,2,13,2383.8938098999997,14302.6985969,16081298.654822394
2016,nonharedi_jew,cyber,other_body_nonreporters,acquaintance,True,11,119,13832.207549149998,136775.65784298998,162876293.4899771
2016,nonharedi_jew,cyber,other_body_nonreporters,bank,False,0,119,0.0,136775.65784298998,162876293.4899771
2016,nonharedi_jew,cyber,other_body_nonreporters,family,True,20,119,23025.45659018,136775.65784298998,162876293.4899771
2016,nonharedi_jew,cyber,other_body_nonreporters,government,False,0,119,0.0,136775.65784298998,162876293.4899771
2016,nonharedi_jew,cyber,other_body_nonreporters,isp,True,10,119,11049.888319489999,136775.65784298998,162876293.4899771
2016,nonharedi_jew,cyber,other_body_nonreporters,legal,True,3,119,3989.1684421,136775.65784298998,162876293.4899771
2016,nonharedi_jew,cyber,other_body_nonreporters,none,True,54,119,62945.44557732999,136775.65784298998,162876293.4899771
2016,nonharedi_jew,cyber,other_body_nonreporters,other,True,27,119,30521.305730710003,136775.65784298998,162876293.4899771
2016,nonharedi_jew,cyber,other_body_nonreporters,professional,False,0,119,0.0,136775.65784298998,162876293.4899771
2016,nonharedi_jew,cyber,other_body_nonreporters,website,True,12,119,13974.45708167,136775.65784298998,162876293.4899771
2016,nonharedi_jew,sexual_harassment,reported,yes,True,3,82,3382.5032191,98501.56958366002,122697317.0160519
2016,nonharedi_jew,sexual_harassment,reason_not_reported,ashamed,True,4,78,4598.44246719,93999.57436336,117609118.89720684
2016,nonharedi_jew,sexual_harassment,reason_not_reported,fear_revenge,True,0,78,0.0,93999.57436336,117609118.89720684
2016,nonharedi_jew,sexual_harassment,reason_not_reported,handled_self,False,0,78,0.0,93999.57436336,117609118.89720684
2016,nonharedi_jew,sexual_harassment,reason_not_reported,not_worth_bothering,True,19,78,22856.245909420002,93999.57436336,117609118.89720684
2016,nonharedi_jew,sexual_harassment,reason_not_reported,other,True,18,78,21743.652824989997,93999.57436336,117609118.89720684
2016,nonharedi_jew,sexual_harassment,reason_not_reported,personal_time,True,12,78,14579.221723839999,93999.57436336,117609118.89720684
2016,nonharedi_jew,sexual_harassment,reason_not_reported,police_ineffective_past,True,5,78,6540.7424355,93999.57436336,117609118.89720684
2016,nonharedi_jew,sexual_harassment,reason_not_reported,police_unable,True,9,78,11455.5500474,93999.57436336,117609118.89720684
2016,nonharedi_jew,sexual_harassment,reason_not_reported,police_unwilling,True,7,78,7609.24519912,93999.57436336,117609118.89720684
2016,nonharedi_jew,sexual_harassment,reason_not_reported,turned_elsewhere,True,4,78,4616.4737559000005,93999.57436336,117609118.89720684
2016,nonharedi_jew,sexual_harassment,other_body,acquaintance,True,10,77,11346.19806459,92275.00497606002,114915778.6452286
2016,nonharedi_jew,sexual_harassment,other_body,family,True,14,77,16663.6943227,92275.00497606002,114915778.6452286
2016,nonharedi_jew,sexual_harassment,other_body,legal,True,1,77,1149.0713465,92275.00497606002,114915778.6452286
2016,nonharedi_jew,sexual_harassment,other_body,medical,True,1,77,1149.0713465,92275.00497606002,114915778.6452286
2016,nonharedi_jew,sexual_harassment,other_body,mental_health,True,3,77,3332.8372698000003,92275.00497606002,114915778.6452286
2016,nonharedi_jew,sexual_harassment,other_body,ngo,True,1,77,892.72677645,92275.00497606002,114915778.6452286
2016,nonharedi_jew,sexual_harassment,other_body,none,True,49,77,60516.341776530004,92275.00497606002,114915778.6452286
2016,nonharedi_jew,sexual_harassment,other_body,other,True,8,77,9862.770704890001,92275.00497606002,114915778.6452286
2016,nonharedi_jew,sexual_harassment,other_body,welfare,True,1,77,1149.0713465,92275.00497606002,114915778.6452286
2016,nonharedi_jew,sexual_harassment,other_body,workplace,False,0,77,0.0,92275.00497606002,114915778.6452286
2016,nonharedi_jew,sexual_harassment,other_body_reporters,acquaintance,True,0,2,0.0,2164.6392379,2351743.101389965
2016,nonharedi_jew,sexual_harassment,other_body_reporters,family,True,2,2,2164.6392379,2164.6392379,2351743.101389965
2016,nonharedi_jew,sexual_harassment,other_body_reporters,legal,True,1,2,1149.0713465,2164.6392379,2351743.101389965
2016,nonharedi_jew,sexual_harassment,other_body_reporters,medical,True,1,2,1149.0713465,2164.6392379,2351743.101389965
2016,nonharedi_jew,sexual_harassment,other_body_reporters,mental_health,True,1,2,1149.0713465,2164.6392379,2351743.101389965
2016,nonharedi_jew,sexual_harassment,other_body_reporters,ngo,True,0,2,0.0,2164.6392379,2351743.101389965
2016,nonharedi_jew,sexual_harassment,other_body_reporters,none,True,0,2,0.0,2164.6392379,2351743.101389965
2016,nonharedi_jew,sexual_harassment,other_body_reporters,other,True,0,2,0.0,2164.6392379,2351743.101389965
2016,nonharedi_jew,sexual_harassment,other_body_reporters,welfare,True,1,2,1149.0713465,2164.6392379,2351743.101389965
2016,nonharedi_jew,sexual_harassment,other_body_reporters,workplace,False,0,2,0.0,2164.6392379,2351743.101389965
2016,nonharedi_jew,sexual_harassment,other_body_nonreporters,acquaintance,True,10,75,11346.19806459,90110.36573816,112564035.5438386
2016,nonharedi_jew,sexual_harassment,other_body_nonreporters,family,True,12,75,14499.055084799998,90110.36573816,112564035.5438386
2016,nonharedi_jew,sexual_harassment,other_body_nonreporters,legal,True,0,75,0.0,90110.36573816,112564035.5438386
2016,nonharedi_jew,sexual_harassment,other_body_nonreporters,medical,True,0,75,0.0,90110.36573816,112564035.5438386
2016,nonharedi_jew,sexual_harassment,other_body_nonreporters,mental_health,True,2,75,2183.7659233,90110.36573816,112564035.5438386
2016,nonharedi_jew,sexual_harassment,other_body_nonreporters,ngo,True,1,75,892.72677645,90110.36573816,112564035.5438386
2016,nonharedi_jew,sexual_harassment,other_body_nonreporters,none,True,49,75,60516.341776530004,90110.36573816,112564035.5438386
2016,nonharedi_jew,sexual_harassment,other_body_nonreporters,other,True,8,75,9862.770704890001,90110.36573816,112564035.5438386
2016,nonharedi_jew,sexual_harassment,other_body_nonreporters,welfare,True,0,75,0.0,90110.36573816,112564035.5438386
2016,nonharedi_jew,sexual_harassment,other_body_nonreporters,workplace,False,0,75,0.0,90110.36573816,112564035.5438386
2016,nonharedi_jew,theft,reported,yes,True,51,140,57390.99278566,160369.54509166,191611150.44755214
2016,nonharedi_jew,theft,reason_not_reported,handled_self,False,0,87,0.0,100829.06899639998,122239091.31590593
2016,nonharedi_jew,theft,reason_not_reported,not_worth_bothering,True,8,87,7902.52565924,100829.06899639998,122239091.31590593
2016,nonharedi_jew,theft,reason_not_reported,other,True,9,87,10606.90199174,100829.06899639998,122239091.31590593
2016,nonharedi_jew,theft,reason_not_reported,personal_time,True,11,87,12490.550299200002,100829.06899639998,122239091.31590593
2016,nonharedi_jew,theft,reason_not_reported,police_ineffective_past,True,26,87,30236.446579890006,100829.06899639998,122239091.31590593
2016,nonharedi_jew,theft,reason_not_reported,police_unable,True,18,87,21381.6154431,100829.06899639998,122239091.31590593
2016,nonharedi_jew,theft,reason_not_reported,police_unwilling,True,6,87,7223.208331170001,100829.06899639998,122239091.31590593
2016,nonharedi_jew,theft,reason_not_reported,turned_elsewhere,True,9,87,10987.820692059999,100829.06899639998,122239091.31590593
2016,nonharedi_jew,violence_threat,reported,yes,True,43,107,50831.874425129994,127739.69905065002,157413862.82594407
2016,nonharedi_jew,violence_threat,reason_not_reported,ashamed,True,0,64,0.0,76907.82462552,95346906.38889858
2016,nonharedi_jew,violence_threat,reason_not_reported,fear_revenge,True,4,64,4536.351076,76907.82462552,95346906.38889858
2016,nonharedi_jew,violence_threat,reason_not_reported,handled_self,False,0,64,0.0,76907.82462552,95346906.38889858
2016,nonharedi_jew,violence_threat,reason_not_reported,not_worth_bothering,True,7,64,7986.51994425,76907.82462552,95346906.38889858
2016,nonharedi_jew,violence_threat,reason_not_reported,other,True,9,64,11518.861898329998,76907.82462552,95346906.38889858
2016,nonharedi_jew,violence_threat,reason_not_reported,personal_time,True,5,64,5583.63095377,76907.82462552,95346906.38889858
2016,nonharedi_jew,violence_threat,reason_not_reported,police_ineffective_past,True,18,64,21033.4116622,76907.82462552,95346906.38889858
2016,nonharedi_jew,violence_threat,reason_not_reported,police_unable,True,6,64,7955.774348399999,76907.82462552,95346906.38889858
2016,nonharedi_jew,violence_threat,reason_not_reported,police_unwilling,True,7,64,8840.817920899999,76907.82462552,95346906.38889858
2016,nonharedi_jew,violence_threat,reason_not_reported,turned_elsewhere,True,8,64,9452.456821669999,76907.82462552,95346906.38889858
2016,nonharedi_jew,violence_threat,other_body,acquaintance,True,20,104,25106.52331047,123320.07210003,150529860.0277201
2016,nonharedi_jew,violence_threat,other_body,family,True,22,104,27870.23266909,123320.07210003,150529860.0277201
2016,nonharedi_jew,violence_threat,other_body,legal,True,6,104,5840.10635035,123320.07210003,150529860.0277201
2016,nonharedi_jew,violence_threat,other_body,medical,True,3,104,3867.40569039,123320.07210003,150529860.0277201
2016,nonharedi_jew,violence_threat,other_body,mental_health,True,5,104,6322.072951599999,123320.07210003,150529860.0277201
2016,nonharedi_jew,violence_threat,other_body,ngo,True,4,104,5022.129465110001,123320.07210003,150529860.0277201
2016,nonharedi_jew,violence_threat,other_body,none,True,52,104,60336.69555801,123320.07210003,150529860.0277201
2016,nonharedi_jew,violence_threat,other_body,other,True,12,104,14039.18885262,123320.07210003,150529860.0277201
2016,nonharedi_jew,violence_threat,other_body,welfare,True,5,104,5119.57844983,123320.07210003,150529860.0277201
2016,nonharedi_jew,violence_threat,other_body,workplace,False,0,104,0.0,123320.07210003,150529860.0277201
2016,nonharedi_jew,violence_threat,other_body_reporters,acquaintance,True,5,42,5622.296355410001,49851.89641135,61106599.5295533
2016,nonharedi_jew,violence_threat,other_body_reporters,family,True,10,42,12317.78573292,49851.89641135,61106599.5295533
2016,nonharedi_jew,violence_threat,other_body_reporters,legal,True,3,42,3132.42031391,49851.89641135,61106599.5295533
2016,nonharedi_jew,violence_threat,other_body_reporters,medical,True,3,42,3867.40569039,49851.89641135,61106599.5295533
2016,nonharedi_jew,violence_threat,other_body_reporters,mental_health,True,4,42,4715.6584757,49851.89641135,61106599.5295533
2016,nonharedi_jew,violence_threat,other_body_reporters,ngo,True,2,42,2074.82719001,49851.89641135,61106599.5295533
2016,nonharedi_jew,violence_threat,other_body_reporters,none,True,23,42,26788.153227519997,49851.89641135,61106599.5295533
2016,nonharedi_jew,violence_threat,other_body_reporters,other,True,5,42,6315.0967638,49851.89641135,61106599.5295533
2016,nonharedi_jew,violence_threat,other_body_reporters,welfare,True,4,42,3966.0548547299995,49851.89641135,61106599.5295533
2016,nonharedi_jew,violence_threat,other_body_reporters,workplace,False,0,42,0.0,49851.89641135,61106599.5295533
2016,nonharedi_jew,violence_threat,other_body_nonreporters,acquaintance,True,15,61,19484.22695506,72568.39524492002,88613655.65119384
2016,nonharedi_jew,violence_threat,other_body_nonreporters,family,True,12,61,15552.446936170001,72568.39524492002,88613655.65119384
2016,nonharedi_jew,violence_threat,other_body_nonreporters,legal,True,2,61,1807.90559268,72568.39524492002,88613655.65119384
2016,nonharedi_jew,violence_threat,other_body_nonreporters,medical,True,0,61,0.0,72568.39524492002,88613655.65119384
2016,nonharedi_jew,violence_threat,other_body_nonreporters,mental_health,True,1,61,1606.4144759,72568.39524492002,88613655.65119384
2016,nonharedi_jew,violence_threat,other_body_nonreporters,ngo,True,2,61,2947.3022751,72568.39524492002,88613655.65119384
2016,nonharedi_jew,violence_threat,other_body_nonreporters,none,True,29,61,33548.54233049,72568.39524492002,88613655.65119384
2016,nonharedi_jew,violence_threat,other_body_nonreporters,other,True,7,61,7724.09208882,72568.39524492002,88613655.65119384
2016,nonharedi_jew,violence_threat,other_body_nonreporters,welfare,True,1,61,1153.5235951,72568.39524492002,88613655.65119384
2016,nonharedi_jew,violence_threat,other_body_nonreporters,workplace,False,0,61,0.0,72568.39524492002,88613655.65119384
2016,all_20plus,cyber,reported,yes,True,16,176,17961.4692561,204452.35546360002,247041618.24489653
2016,all_20plus,cyber,reason_not_reported,ashamed,True,2,160,2778.8652554,186490.8862075,226484147.77021247
2016,all_20plus,cyber,reason_not_reported,didnt_know_police_handles,False,0,160,0.0,186490.8862075,226484147.77021247
2016,all_20plus,cyber,reason_not_reported,fear_revenge,True,4,160,5557.9316819,186490.8862075,226484147.77021247
2016,all_20plus,cyber,reason_not_reported,handled_self,False,0,160,0.0,186490.8862075,226484147.77021247
2016,all_20plus,cyber,reason_not_reported,not_worth_bothering,True,25,160,28008.296172439997,186490.8862075,226484147.77021247
2016,all_20plus,cyber,reason_not_reported,other,True,20,160,24109.240245510002,186490.8862075,226484147.77021247
2016,all_20plus,cyber,reason_not_reported,personal_time,True,18,160,21808.37867809,186490.8862075,226484147.77021247
2016,all_20plus,cyber,reason_not_reported,police_ineffective_past,True,12,160,12790.90748445,186490.8862075,226484147.77021247
2016,all_20plus,cyber,reason_not_reported,police_unable,True,26,160,32374.028583149997,186490.8862075,226484147.77021247
2016,all_20plus,cyber,reason_not_reported,police_unwilling,True,7,160,8693.44640638,186490.8862075,226484147.77021247
2016,all_20plus,cyber,reason_not_reported,turned_elsewhere,True,46,160,50369.791700179994,186490.8862075,226484147.77021247
2016,all_20plus,cyber,other_body,acquaintance,True,21,172,26422.97177905,199907.64328636997,241784901.482544
2016,all_20plus,cyber,other_body,bank,False,0,172,0.0,199907.64328636997,241784901.482544
2016,all_20plus,cyber,other_body,family,True,30,172,35021.44050179,199907.64328636997,241784901.482544
2016,all_20plus,cyber,other_body,government,False,0,172,0.0,199907.64328636997,241784901.482544
2016,all_20plus,cyber,other_body,isp,True,14,172,16126.104144190002,199907.64328636997,241784901.482544
2016,all_20plus,cyber,other_body,legal,True,6,172,7508.786970900001,199907.64328636997,241784901.482544
2016,all_20plus,cyber,other_body,none,True,74,172,87064.7769458,199907.64328636997,241784901.482544
2016,all_20plus,cyber,other_body,other,True,37,172,41158.85195904,199907.64328636997,241784901.482544
2016,all_20plus,cyber,other_body,professional,False,0,172,0.0,199907.64328636997,241784901.482544
2016,all_20plus,cyber,other_body,website,True,20,172,23719.36303588,199907.64328636997,241784901.482544
2016,all_20plus,cyber,other_body_reporters,acquaintance,True,3,16,3346.9676024,17961.4692561,20557470.474684045
2016,all_20plus,cyber,other_body_reporters,bank,False,0,16,0.0,17961.4692561,20557470.474684045
2016,all_20plus,cyber,other_body_reporters,family,True,1,16,1117.563751,17961.4692561,20557470.474684045
2016,all_20plus,cyber,other_body_reporters,government,False,0,16,0.0,17961.4692561,20557470.474684045
2016,all_20plus,cyber,other_body_reporters,isp,True,0,16,0.0,17961.4692561,20557470.474684045
2016,all_20plus,cyber,other_body_reporters,legal,True,1,16,1022.5184047,17961.4692561,20557470.474684045
2016,all_20plus,cyber,other_body_reporters,none,True,7,16,7936.585730219999,17961.4692561,20557470.474684045
2016,all_20plus,cyber,other_body_reporters,other,True,3,16,3216.5660285800004,17961.4692561,20557470.474684045
2016,all_20plus,cyber,other_body_reporters,professional,False,0,16,0.0,17961.4692561,20557470.474684045
2016,all_20plus,cyber,other_body_reporters,website,True,3,16,3637.9089672,17961.4692561,20557470.474684045
2016,all_20plus,cyber,other_body_nonreporters,acquaintance,True,18,156,23076.004176650004,181946.17403026996,221227431.00785995
2016,all_20plus,cyber,other_body_nonreporters,bank,False,0,156,0.0,181946.17403026996,221227431.00785995
2016,all_20plus,cyber,other_body_nonreporters,family,True,29,156,33903.87675079,181946.17403026996,221227431.00785995
2016,all_20plus,cyber,other_body_nonreporters,government,False,0,156,0.0,181946.17403026996,221227431.00785995
2016,all_20plus,cyber,other_body_nonreporters,isp,True,14,156,16126.104144190002,181946.17403026996,221227431.00785995
2016,all_20plus,cyber,other_body_nonreporters,legal,True,5,156,6486.2685662,181946.17403026996,221227431.00785995
2016,all_20plus,cyber,other_body_nonreporters,none,True,67,156,79128.19121558,181946.17403026996,221227431.00785995
2016,all_20plus,cyber,other_body_nonreporters,other,True,34,156,37942.28593045999,181946.17403026996,221227431.00785995
2016,all_20plus,cyber,other_body_nonreporters,professional,False,0,156,0.0,181946.17403026996,221227431.00785995
2016,all_20plus,cyber,other_body_nonreporters,website,True,17,156,20081.45406868,181946.17403026996,221227431.00785995
2016,all_20plus,sexual_harassment,reported,yes,True,5,102,6485.2870917,124539.75689843002,157992903.76921418
2016,all_20plus,sexual_harassment,reason_not_reported,ashamed,True,4,95,4598.44246719,115271.97031553001,145267862.0535748
2016,all_20plus,sexual_harassment,reason_not_reported,fear_revenge,True,0,95,0.0,115271.97031553001,145267862.0535748
2016,all_20plus,sexual_harassment,reason_not_reported,handled_self,False,0,95,0.0,115271.97031553001,145267862.0535748
2016,all_20plus,sexual_harassment,reason_not_reported,not_worth_bothering,True,20,95,24174.27195162,115271.97031553001,145267862.0535748
2016,all_20plus,sexual_harassment,reason_not_reported,other,True,23,95,28104.482035189998,115271.97031553001,145267862.0535748
2016,all_20plus,sexual_harassment,reason_not_reported,personal_time,True,13,95,15433.26633982,115271.97031553001,145267862.0535748
2016,all_20plus,sexual_harassment,reason_not_reported,police_ineffective_past,True,7,95,9166.3315702,115271.97031553001,145267862.0535748
2016,all_20plus,sexual_harassment,reason_not_reported,police_unable,True,12,95,15615.888085409999,115271.97031553001,145267862.0535748
2016,all_20plus,sexual_harassment,reason_not_reported,police_unwilling,True,10,95,10841.5822859,115271.97031553001,145267862.0535748
2016,all_20plus,sexual_harassment,reason_not_reported,turned_elsewhere,True,6,95,7337.7055801999995,115271.97031553001,145267862.0535748
2016,all_20plus,sexual_harassment,other_body,acquaintance,True,13,97,15731.08366099,118313.19229083,150211365.39839083
2016,all_20plus,sexual_harassment,other_body,family,True,18,97,21416.599118890004,118313.19229083,150211365.39839083
2016,all_20plus,sexual_harassment,other_body,legal,True,1,97,1149.0713465,118313.19229083,150211365.39839083
2016,all_20plus,sexual_harassment,other_body,medical,True,1,97,1149.0713465,118313.19229083,150211365.39839083
2016,all_20plus,sexual_harassment,other_body,mental_health,True,5,97,6377.5077873,118313.19229083,150211365.39839083
2016,all_20plus,sexual_harassment,other_body,ngo,True,1,97,892.72677645,118313.19229083,150211365.39839083
2016,all_20plus,sexual_harassment,other_body,none,True,59,97,73371.95720201,118313.19229083,150211365.39839083
2016,all_20plus,sexual_harassment,other_body,other,True,10,97,12584.00252919,118313.19229083,150211365.39839083
2016,all_20plus,sexual_harassment,other_body,welfare,True,1,97,1149.0713465,118313.19229083,150211365.39839083
2016,all_20plus,sexual_harassment,other_body,workplace,False,0,97,0.0,118313.19229083,150211365.39839083
2016,all_20plus,sexual_harassment,other_body_reporters,acquaintance,True,1,4,1721.1208451,5267.4231105,7222992.78638817
2016,all_20plus,sexual_harassment,other_body_reporters,family,True,3,4,3885.760083,5267.4231105,7222992.78638817
2016,all_20plus,sexual_harassment,other_body_reporters,legal,True,1,4,1149.0713465,5267.4231105,7222992.78638817
2016,all_20plus,sexual_harassment,other_body_reporters,medical,True,1,4,1149.0713465,5267.4231105,7222992.78638817
2016,all_20plus,sexual_harassment,other_body_reporters,mental_health,True,2,4,2530.7343739999997,5267.4231105,7222992.78638817
2016,all_20plus,sexual_harassment,other_body_reporters,ngo,True,0,4,0.0,5267.4231105,7222992.78638817
2016,all_20plus,sexual_harassment,other_body_reporters,none,True,0,4,0.0,5267.4231105,7222992.78638817
2016,all_20plus,sexual_harassment,other_body_reporters,other,True,0,4,0.0,5267.4231105,7222992.78638817
2016,all_20plus,sexual_harassment,other_body_reporters,welfare,True,1,4,1149.0713465,5267.4231105,7222992.78638817
2016,all_20plus,sexual_harassment,other_body_reporters,workplace,False,0,4,0.0,5267.4231105,7222992.78638817
2016,all_20plus,sexual_harassment,other_body_nonreporters,acquaintance,True,12,93,14009.96281589,113045.76918033001,142988372.61200267
2016,all_20plus,sexual_harassment,other_body_nonreporters,family,True,15,93,17530.839035890003,113045.76918033001,142988372.61200267
2016,all_20plus,sexual_harassment,other_body_nonreporters,legal,True,0,93,0.0,113045.76918033001,142988372.61200267
2016,all_20plus,sexual_harassment,other_body_nonreporters,medical,True,0,93,0.0,113045.76918033001,142988372.61200267
2016,all_20plus,sexual_harassment,other_body_nonreporters,mental_health,True,3,93,3846.7734133000004,113045.76918033001,142988372.61200267
2016,all_20plus,sexual_harassment,other_body_nonreporters,ngo,True,1,93,892.72677645,113045.76918033001,142988372.61200267
2016,all_20plus,sexual_harassment,other_body_nonreporters,none,True,59,93,73371.95720201,113045.76918033001,142988372.61200267
2016,all_20plus,sexual_harassment,other_body_nonreporters,other,True,10,93,12584.00252919,113045.76918033001,142988372.61200267
2016,all_20plus,sexual_harassment,other_body_nonreporters,welfare,True,0,93,0.0,113045.76918033001,142988372.61200267
2016,all_20plus,sexual_harassment,other_body_nonreporters,workplace,False,0,93,0.0,113045.76918033001,142988372.61200267
2016,all_20plus,theft,reported,yes,True,70,199,82179.26025947001,231889.85702906997,284205308.2506789
2016,all_20plus,theft,reason_not_reported,handled_self,False,0,126,0.0,146280.50954159998,177787463.8445309
2016,all_20plus,theft,reason_not_reported,not_worth_bothering,True,12,126,11924.3424223,146280.50954159998,177787463.8445309
2016,all_20plus,theft,reason_not_reported,other,True,13,126,15299.480255659999,146280.50954159998,177787463.8445309
2016,all_20plus,theft,reason_not_reported,personal_time,True,18,126,19732.92748428,146280.50954159998,177787463.8445309
2016,all_20plus,theft,reason_not_reported,police_ineffective_past,True,33,126,38058.49226466,146280.50954159998,177787463.8445309
2016,all_20plus,theft,reason_not_reported,police_unable,True,24,126,29051.7411381,146280.50954159998,177787463.8445309
2016,all_20plus,theft,reason_not_reported,police_unwilling,True,12,126,15062.831566640001,146280.50954159998,177787463.8445309
2016,all_20plus,theft,reason_not_reported,turned_elsewhere,True,14,126,17150.694409959997,146280.50954159998,177787463.8445309
2016,all_20plus,violence_threat,reported,yes,True,52,138,60797.428986770006,164459.99973513,202571744.21860054
2016,all_20plus,violence_threat,reason_not_reported,ashamed,True,0,86,0.0,103662.57074836,129281850.76340191
2016,all_20plus,violence_threat,reason_not_reported,fear_revenge,True,5,86,5626.4747423,103662.57074836,129281850.76340191
2016,all_20plus,violence_threat,reason_not_reported,handled_self,False,0,86,0.0,103662.57074836,129281850.76340191
2016,all_20plus,violence_threat,reason_not_reported,not_worth_bothering,True,9,86,10065.80439285,103662.57074836,129281850.76340191
2016,all_20plus,violence_threat,reason_not_reported,other,True,11,86,14119.461145129999,103662.57074836,129281850.76340191
2016,all_20plus,violence_threat,reason_not_reported,personal_time,True,10,86,11165.193735149998,103662.57074836,129281850.76340191
2016,all_20plus,violence_threat,reason_not_reported,police_ineffective_past,True,22,86,26499.5736706,103662.57074836,129281850.76340191
2016,all_20plus,violence_threat,reason_not_reported,police_unable,True,7,86,9307.925749,103662.57074836,129281850.76340191
2016,all_20plus,violence_threat,reason_not_reported,police_unwilling,True,10,86,13154.4768179,103662.57074836,129281850.76340191
2016,all_20plus,violence_threat,reason_not_reported,turned_elsewhere,True,12,86,13723.660495430002,103662.57074836,129281850.76340191
2016,all_20plus,violence_threat,other_body,acquaintance,True,26,132,32612.38073017,157216.6206808,193008389.40256116
2016,all_20plus,violence_threat,other_body,family,True,29,132,35226.95046795999,157216.6206808,193008389.40256116
2016,all_20plus,violence_threat,other_body,legal,True,8,132,8148.08978965,157216.6206808,193008389.40256116
2016,all_20plus,violence_threat,other_body,medical,True,3,132,3867.40569039,157216.6206808,193008389.40256116
2016,all_20plus,violence_threat,other_body,mental_health,True,5,132,6322.072951599999,157216.6206808,193008389.40256116
2016,all_20plus,violence_threat,other_body,ngo,True,5,132,6194.45046281,157216.6206808,193008389.40256116
2016,all_20plus,violence_threat,other_body,none,True,65,132,77250.30268581002,157216.6206808,193008389.40256116
2016,all_20plus,violence_threat,other_body,other,True,14,132,16590.19476632,157216.6206808,193008389.40256116
2016,all_20plus,violence_threat,other_body,welfare,True,6,132,6334.77156013,157216.6206808,193008389.40256116
2016,all_20plus,violence_threat,other_body,workplace,False,0,132,0.0,157216.6206808,193008389.40256116
2016,all_20plus,violence_threat,other_body_reporters,acquaintance,True,7,50,7916.893090510001,58995.85694045,71654519.79340112
2016,all_20plus,violence_threat,other_body_reporters,family,True,10,50,12317.78573292,58995.85694045,71654519.79340112
2016,all_20plus,violence_threat,other_body_reporters,legal,True,4,50,4193.180849609999,58995.85694045,71654519.79340112
2016,all_20plus,violence_threat,other_body_reporters,medical,True,3,50,3867.40569039,58995.85694045,71654519.79340112
2016,all_20plus,violence_threat,other_body_reporters,mental_health,True,4,50,4715.6584757,58995.85694045,71654519.79340112
2016,all_20plus,violence_threat,other_body_reporters,ngo,True,3,50,3247.14818771,58995.85694045,71654519.79340112
2016,all_20plus,violence_threat,other_body_reporters,none,True,27,50,31404.435488119998,58995.85694045,71654519.79340112
2016,all_20plus,violence_threat,other_body_reporters,other,True,5,50,6315.0967638,58995.85694045,71654519.79340112
2016,all_20plus,violence_threat,other_body_reporters,welfare,True,4,50,3966.0548547299995,58995.85694045,71654519.79340112
2016,all_20plus,violence_threat,other_body_reporters,workplace,False,0,50,0.0,58995.85694045,71654519.79340112
2016,all_20plus,violence_threat,other_body_nonreporters,acquaintance,True,19,81,24695.48763966,97320.98329658998,120544264.76218708
2016,all_20plus,violence_threat,other_body_nonreporters,family,True,19,81,22909.16473504,97320.98329658998,120544264.76218708
2016,all_20plus,violence_threat,other_body_nonreporters,legal,True,3,81,3055.12849628,97320.98329658998,120544264.76218708
2016,all_20plus,violence_threat,other_body_nonreporters,medical,True,0,81,0.0,97320.98329658998,120544264.76218708
2016,all_20plus,violence_threat,other_body_nonreporters,mental_health,True,1,81,1606.4144759,97320.98329658998,120544264.76218708
2016,all_20plus,violence_threat,other_body_nonreporters,ngo,True,2,81,2947.3022751,97320.98329658998,120544264.76218708
2016,all_20plus,violence_threat,other_body_nonreporters,none,True,38,81,45845.86719769001,97320.98329658998,120544264.76218708
2016,all_20plus,violence_threat,other_body_nonreporters,other,True,9,81,10275.09800252,97320.98329658998,120544264.76218708
2016,all_20plus,violence_threat,other_body_nonreporters,welfare,True,2,81,2368.7167054,97320.98329658998,120544264.76218708
2016,all_20plus,violence_threat,other_body_nonreporters,workplace,False,0,81,0.0,97320.98329658998,120544264.76218708
2017,haredi,cyber,reported,yes,True,1,7,1313.4897136,8167.0246785,9573581.16411788
2017,haredi,cyber,reason_not_reported,ashamed,True,0,6,0.0,6853.5349649,7848325.936384871
2017,haredi,cyber,reason_not_reported,didnt_know_police_handles,False,0,6,0.0,6853.5349649,7848325.936384871
2017,haredi,cyber,reason_not_reported,fear_revenge,True,0,6,0.0,6853.5349649,7848325.936384871
2017,haredi,cyber,reason_not_reported,handled_self,False,0,6,0.0,6853.5349649,7848325.936384871
2017,haredi,cyber,reason_not_reported,not_worth_bothering,True,1,6,1043.6668881,6853.5349649,7848325.936384871
2017,haredi,cyber,reason_not_reported,other,True,1,6,1090.7721985,6853.5349649,7848325.936384871
2017,haredi,cyber,reason_not_reported,personal_time,True,2,6,2316.7842520000004,6853.5349649,7848325.936384871
2017,haredi,cyber,reason_not_reported,police_ineffective_past,True,0,6,0.0,6853.5349649,7848325.936384871
2017,haredi,cyber,reason_not_reported,police_unable,True,1,6,1202.8510104,6853.5349649,7848325.936384871
2017,haredi,cyber,reason_not_reported,police_unwilling,True,0,6,0.0,6853.5349649,7848325.936384871
2017,haredi,cyber,reason_not_reported,turned_elsewhere,True,1,6,1199.4606159,6853.5349649,7848325.936384871
2017,haredi,cyber,other_body,acquaintance,True,2,7,2471.4254544,8167.0246785,9573581.16411788
2017,haredi,cyber,other_body,bank,False,0,7,0.0,8167.0246785,9573581.16411788
2017,haredi,cyber,other_body,family,True,0,7,0.0,8167.0246785,9573581.16411788
2017,haredi,cyber,other_body,government,False,0,7,0.0,8167.0246785,9573581.16411788
2017,haredi,cyber,other_body,isp,True,0,7,0.0,8167.0246785,9573581.16411788
2017,haredi,cyber,other_body,legal,True,0,7,0.0,8167.0246785,9573581.16411788
2017,haredi,cyber,other_body,none,True,3,7,3452.4717201000003,8167.0246785,9573581.16411788
2017,haredi,cyber,other_body,other,True,2,7,2512.9503295,8167.0246785,9573581.16411788
2017,haredi,cyber,other_body,professional,False,0,7,0.0,8167.0246785,9573581.16411788
2017,haredi,cyber,other_body,website,True,1,7,1043.6668881,8167.0246785,9573581.16411788
2017,haredi,cyber,other_body_reporters,acquaintance,True,1,1,1313.4897136,1313.4897136,1725255.22773301
2017,haredi,cyber,other_body_reporters,bank,False,0,1,0.0,1313.4897136,1725255.22773301
2017,haredi,cyber,other_body_reporters,family,True,0,1,0.0,1313.4897136,1725255.22773301
2017,haredi,cyber,other_body_reporters,government,False,0,1,0.0,1313.4897136,1725255.22773301
2017,haredi,cyber,other_body_reporters,isp,True,0,1,0.0,1313.4897136,1725255.22773301
2017,haredi,cyber,other_body_reporters,legal,True,0,1,0.0,1313.4897136,1725255.22773301
2017,haredi,cyber,other_body_reporters,none,True,0,1,0.0,1313.4897136,1725255.22773301
2017,haredi,cyber,other_body_reporters,other,True,1,1,1313.4897136,1313.4897136,1725255.22773301
2017,haredi,cyber,other_body_reporters,professional,False,0,1,0.0,1313.4897136,1725255.22773301
2017,haredi,cyber,other_body_reporters,website,True,0,1,0.0,1313.4897136,1725255.22773301
2017,haredi,cyber,other_body_nonreporters,acquaintance,True,1,6,1157.9357408,6853.5349649,7848325.936384871
2017,haredi,cyber,other_body_nonreporters,bank,False,0,6,0.0,6853.5349649,7848325.936384871
2017,haredi,cyber,other_body_nonreporters,family,True,0,6,0.0,6853.5349649,7848325.936384871
2017,haredi,cyber,other_body_nonreporters,government,False,0,6,0.0,6853.5349649,7848325.936384871
2017,haredi,cyber,other_body_nonreporters,isp,True,0,6,0.0,6853.5349649,7848325.936384871
2017,haredi,cyber,other_body_nonreporters,legal,True,0,6,0.0,6853.5349649,7848325.936384871
2017,haredi,cyber,other_body_nonreporters,none,True,3,6,3452.4717201000003,6853.5349649,7848325.936384871
2017,haredi,cyber,other_body_nonreporters,other,True,1,6,1199.4606159,6853.5349649,7848325.936384871
2017,haredi,cyber,other_body_nonreporters,professional,False,0,6,0.0,6853.5349649,7848325.936384871
2017,haredi,cyber,other_body_nonreporters,website,True,1,6,1043.6668881,6853.5349649,7848325.936384871
2017,haredi,sexual_harassment,reported,yes,True,0,1,0.0,1092.1325403,1192753.4855821312
2017,haredi,sexual_harassment,reason_not_reported,ashamed,True,0,1,0.0,1092.1325403,1192753.4855821312
2017,haredi,sexual_harassment,reason_not_reported,fear_revenge,True,0,1,0.0,1092.1325403,1192753.4855821312
2017,haredi,sexual_harassment,reason_not_reported,handled_self,False,0,1,0.0,1092.1325403,1192753.4855821312
2017,haredi,sexual_harassment,reason_not_reported,not_worth_bothering,True,0,1,0.0,1092.1325403,1192753.4855821312
2017,haredi,sexual_harassment,reason_not_reported,other,True,0,1,0.0,1092.1325403,1192753.4855821312
2017,haredi,sexual_harassment,reason_not_reported,personal_time,True,1,1,1092.1325403,1092.1325403,1192753.4855821312
2017,haredi,sexual_harassment,reason_not_reported,police_ineffective_past,True,0,1,0.0,1092.1325403,1192753.4855821312
2017,haredi,sexual_harassment,reason_not_reported,police_unable,True,0,1,0.0,1092.1325403,1192753.4855821312
2017,haredi,sexual_harassment,reason_not_reported,police_unwilling,True,0,1,0.0,1092.1325403,1192753.4855821312
2017,haredi,sexual_harassment,reason_not_reported,turned_elsewhere,True,0,1,0.0,1092.1325403,1192753.4855821312
2017,haredi,sexual_harassment,other_body,acquaintance,True,0,1,0.0,1092.1325403,1192753.4855821312
2017,haredi,sexual_harassment,other_body,family,True,0,1,0.0,1092.1325403,1192753.4855821312
2017,haredi,sexual_harassment,other_body,legal,True,0,1,0.0,1092.1325403,1192753.4855821312
2017,haredi,sexual_harassment,other_body,medical,True,0,1,0.0,1092.1325403,1192753.4855821312
2017,haredi,sexual_harassment,other_body,mental_health,True,0,1,0.0,1092.1325403,1192753.4855821312
2017,haredi,sexual_harassment,other_body,ngo,True,0,1,0.0,1092.1325403,1192753.4855821312
2017,haredi,sexual_harassment,other_body,none,True,1,1,1092.1325403,1092.1325403,1192753.4855821312
2017,haredi,sexual_harassment,other_body,other,True,0,1,0.0,1092.1325403,1192753.4855821312
2017,haredi,sexual_harassment,other_body,welfare,True,0,1,0.0,1092.1325403,1192753.4855821312
2017,haredi,sexual_harassment,other_body,workplace,False,0,1,0.0,1092.1325403,1192753.4855821312
2017,haredi,sexual_harassment,other_body_reporters,acquaintance,True,0,0,0.0,0.0,0.0
2017,haredi,sexual_harassment,other_body_reporters,family,True,0,0,0.0,0.0,0.0
2017,haredi,sexual_harassment,other_body_reporters,legal,True,0,0,0.0,0.0,0.0
2017,haredi,sexual_harassment,other_body_reporters,medical,True,0,0,0.0,0.0,0.0
2017,haredi,sexual_harassment,other_body_reporters,mental_health,True,0,0,0.0,0.0,0.0
2017,haredi,sexual_harassment,other_body_reporters,ngo,True,0,0,0.0,0.0,0.0
2017,haredi,sexual_harassment,other_body_reporters,none,True,0,0,0.0,0.0,0.0
2017,haredi,sexual_harassment,other_body_reporters,other,True,0,0,0.0,0.0,0.0
2017,haredi,sexual_harassment,other_body_reporters,welfare,True,0,0,0.0,0.0,0.0
2017,haredi,sexual_harassment,other_body_reporters,workplace,False,0,0,0.0,0.0,0.0
2017,haredi,sexual_harassment,other_body_nonreporters,acquaintance,True,0,1,0.0,1092.1325403,1192753.4855821312
2017,haredi,sexual_harassment,other_body_nonreporters,family,True,0,1,0.0,1092.1325403,1192753.4855821312
2017,haredi,sexual_harassment,other_body_nonreporters,legal,True,0,1,0.0,1092.1325403,1192753.4855821312
2017,haredi,sexual_harassment,other_body_nonreporters,medical,True,0,1,0.0,1092.1325403,1192753.4855821312
2017,haredi,sexual_harassment,other_body_nonreporters,mental_health,True,0,1,0.0,1092.1325403,1192753.4855821312
2017,haredi,sexual_harassment,other_body_nonreporters,ngo,True,0,1,0.0,1092.1325403,1192753.4855821312
2017,haredi,sexual_harassment,other_body_nonreporters,none,True,1,1,1092.1325403,1092.1325403,1192753.4855821312
2017,haredi,sexual_harassment,other_body_nonreporters,other,True,0,1,0.0,1092.1325403,1192753.4855821312
2017,haredi,sexual_harassment,other_body_nonreporters,welfare,True,0,1,0.0,1092.1325403,1192753.4855821312
2017,haredi,sexual_harassment,other_body_nonreporters,workplace,False,0,1,0.0,1092.1325403,1192753.4855821312
2017,haredi,theft,reported,yes,True,2,8,2607.9747072,9551.98527498,11601891.677942641
2017,haredi,theft,reason_not_reported,handled_self,False,0,6,0.0,6944.01056778,8166847.144969804
2017,haredi,theft,reason_not_reported,not_worth_bothering,True,3,6,3198.29625668,6944.01056778,8166847.144969804
2017,haredi,theft,reason_not_reported,other,True,0,6,0.0,6944.01056778,8166847.144969804
2017,haredi,theft,reason_not_reported,personal_time,True,1,6,1229.3816837,6944.01056778,8166847.144969804
2017,haredi,theft,reason_not_reported,police_ineffective_past,True,0,6,0.0,6944.01056778,8166847.144969804
2017,haredi,theft,reason_not_reported,police_unable,True,1,6,1081.4283225,6944.01056778,8166847.144969804
2017,haredi,theft,reason_not_reported,police_unwilling,True,1,6,1434.9043049,6944.01056778,8166847.144969804
2017,haredi,theft,reason_not_reported,turned_elsewhere,True,0,6,0.0,6944.01056778,8166847.144969804
2017,haredi,violence_threat,reported,yes,True,5,17,5505.54487854,20184.53811706,24465619.865471173
2017,haredi,violence_threat,reason_not_reported,ashamed,True,0,12,0.0,14678.99323852,18290080.90995982
2017,haredi,violence_threat,reason_not_reported,fear_revenge,True,1,12,1225.9964559,14678.99323852,18290080.90995982
2017,haredi,violence_threat,reason_not_reported,handled_self,False,0,12,0.0,14678.99323852,18290080.90995982
2017,haredi,violence_threat,reason_not_reported,not_worth_bothering,True,1,12,1447.4370823,14678.99323852,18290080.90995982
2017,haredi,violence_threat,reason_not_reported,other,True,0,12,0.0,14678.99323852,18290080.90995982
2017,haredi,violence_threat,reason_not_reported,personal_time,True,3,12,3662.310321,14678.99323852,18290080.90995982
2017,haredi,violence_threat,reason_not_reported,police_ineffective_past,True,2,12,2535.68174452,14678.99323852,18290080.90995982
2017,haredi,violence_threat,reason_not_reported,police_unable,True,2,12,2439.1537604,14678.99323852,18290080.90995982
2017,haredi,violence_threat,reason_not_reported,police_unwilling,True,0,12,0.0,14678.99323852,18290080.90995982
2017,haredi,violence_threat,reason_not_reported,turned_elsewhere,True,3,12,3368.4138744,14678.99323852,18290080.90995982
2017,haredi,violence_threat,other_body,acquaintance,True,0,16,0.0,19001.01404496,23064890.636231013
2017,haredi,violence_threat,other_body,family,True,3,16,3542.3653776,19001.01404496,23064890.636231013
2017,haredi,violence_threat,other_body,legal,True,1,16,1186.0044837,19001.01404496,23064890.636231013
2017,haredi,violence_threat,other_body,medical,True,1,16,1186.0044837,19001.01404496,23064890.636231013
2017,haredi,violence_threat,other_body,mental_health,True,0,16,0.0,19001.01404496,23064890.636231013
2017,haredi,violence_threat,other_body,ngo,True,0,16,0.0,19001.01404496,23064890.636231013
2017,haredi,violence_threat,other_body,none,True,11,16,13292.140877560001,19001.01404496,23064890.636231013
2017,haredi,violence_threat,other_body,other,True,2,16,2166.5077898,19001.01404496,23064890.636231013
2017,haredi,violence_threat,other_body,welfare,True,0,16,0.0,19001.01404496,23064890.636231013
2017,haredi,violence_threat,other_body,workplace,False,0,16,0.0,19001.01404496,23064890.636231013
2017,haredi,violence_threat,other_body_reporters,acquaintance,True,0,5,0.0,5505.54487854,6175538.955511357
2017,haredi,violence_threat,other_body_reporters,family,True,1,5,1186.0044837,5505.54487854,6175538.955511357
2017,haredi,violence_threat,other_body_reporters,legal,True,1,5,1186.0044837,5505.54487854,6175538.955511357
2017,haredi,violence_threat,other_body_reporters,medical,True,1,5,1186.0044837,5505.54487854,6175538.955511357
2017,haredi,violence_threat,other_body_reporters,mental_health,True,0,5,0.0,5505.54487854,6175538.955511357
2017,haredi,violence_threat,other_body_reporters,ngo,True,0,5,0.0,5505.54487854,6175538.955511357
2017,haredi,violence_threat,other_body_reporters,none,True,4,5,4319.54039484,5505.54487854,6175538.955511357
2017,haredi,violence_threat,other_body_reporters,other,True,0,5,0.0,5505.54487854,6175538.955511357
2017,haredi,violence_threat,other_body_reporters,welfare,True,0,5,0.0,5505.54487854,6175538.955511357
2017,haredi,violence_threat,other_body_reporters,workplace,False,0,5,0.0,5505.54487854,6175538.955511357
2017,haredi,violence_threat,other_body_nonreporters,acquaintance,True,0,11,0.0,13495.46916642,16889351.68071965
2017,haredi,violence_threat,other_body_nonreporters,family,True,2,11,2356.3608939,13495.46916642,16889351.68071965
2017,haredi,violence_threat,other_body_nonreporters,legal,True,0,11,0.0,13495.46916642,16889351.68071965
2017,haredi,violence_threat,other_body_nonreporters,medical,True,0,11,0.0,13495.46916642,16889351.68071965
2017,haredi,violence_threat,other_body_nonreporters,mental_health,True,0,11,0.0,13495.46916642,16889351.68071965
2017,haredi,violence_threat,other_body_nonreporters,ngo,True,0,11,0.0,13495.46916642,16889351.68071965
2017,haredi,violence_threat,other_body_nonreporters,none,True,7,11,8972.60048272,13495.46916642,16889351.68071965
2017,haredi,violence_threat,other_body_nonreporters,other,True,2,11,2166.5077898,13495.46916642,16889351.68071965
2017,haredi,violence_threat,other_body_nonreporters,welfare,True,0,11,0.0,13495.46916642,16889351.68071965
2017,haredi,violence_threat,other_body_nonreporters,workplace,False,0,11,0.0,13495.46916642,16889351.68071965
2017,nonharedi_jew,cyber,reported,yes,True,17,135,21014.68891773,164532.90146477,205979527.2037897
2017,nonharedi_jew,cyber,reason_not_reported,ashamed,True,0,117,0.0,142368.87597744,178093251.98776606
2017,nonharedi_jew,cyber,reason_not_reported,didnt_know_police_handles,False,0,117,0.0,142368.87597744,178093251.98776606
2017,nonharedi_jew,cyber,reason_not_reported,fear_revenge,True,0,117,0.0,142368.87597744,178093251.98776606
2017,nonharedi_jew,cyber,reason_not_reported,handled_self,False,0,117,0.0,142368.87597744,178093251.98776606
2017,nonharedi_jew,cyber,reason_not_reported,not_worth_bothering,True,20,117,24627.69668183,142368.87597744,178093251.98776606
2017,nonharedi_jew,cyber,reason_not_reported,other,True,17,117,21448.87501294,142368.87597744,178093251.98776606
2017,nonharedi_jew,cyber,reason_not_reported,personal_time,True,10,117,12426.720035150001,142368.87597744,178093251.98776606
2017,nonharedi_jew,cyber,reason_not_reported,police_ineffective_past,True,8,117,9362.00221236,142368.87597744,178093251.98776606
2017,nonharedi_jew,cyber,reason_not_reported,police_unable,True,20,117,23418.174304559994,142368.87597744,178093251.98776606
2017,nonharedi_jew,cyber,reason_not_reported,police_unwilling,True,9,117,11202.23200002,142368.87597744,178093251.98776606
2017,nonharedi_jew,cyber,reason_not_reported,turned_elsewhere,True,33,117,39883.17573058,142368.87597744,178093251.98776606
2017,nonharedi_jew,cyber,other_body,acquaintance,True,13,130,15829.366304619998,158251.72959936998,197914875.98324114
2017,nonharedi_jew,cyber,other_body,bank,False,0,130,0.0,158251.72959936998,197914875.98324114
2017,nonharedi_jew,cyber,other_body,family,True,22,130,27866.499839179996,158251.72959936998,197914875.98324114
2017,nonharedi_jew,cyber,other_body,government,False,0,130,0.0,158251.72959936998,197914875.98324114
2017,nonharedi_jew,cyber,other_body,isp,True,16,130,17661.88801645,158251.72959936998,197914875.98324114
2017,nonharedi_jew,cyber,other_body,legal,True,1,130,1135.4446689,158251.72959936998,197914875.98324114
2017,nonharedi_jew,cyber,other_body,none,True,55,130,67195.91537012,158251.72959936998,197914875.98324114
2017,nonharedi_jew,cyber,other_body,other,True,27,130,31931.985738289997,158251.72959936998,197914875.98324114
2017,nonharedi_jew,cyber,other_body,professional,False,0,130,0.0,158251.72959936998,197914875.98324114
2017,nonharedi_jew,cyber,other_body,website,True,17,130,20956.106819829998,158251.72959936998,197914875.98324114
2017,nonharedi_jew,cyber,other_body_reporters,acquaintance,True,2,15,2279.500286,18259.311052029996,22674979.171607204
2017,nonharedi_jew,cyber,other_body_reporters,bank,False,0,15,0.0,18259.311052029996,22674979.171607204
2017,nonharedi_jew,cyber,other_body_reporters,family,True,7,15,8697.36053826,18259.311052029996,22674979.171607204
2017,nonharedi_jew,cyber,other_body_reporters,government,False,0,15,0.0,18259.311052029996,22674979.171607204
2017,nonharedi_jew,cyber,other_body_reporters,isp,True,3,15,3730.5805381,18259.311052029996,22674979.171607204
2017,nonharedi_jew,cyber,other_body_reporters,legal,True,1,15,1135.4446689,18259.311052029996,22674979.171607204
2017,nonharedi_jew,cyber,other_body_reporters,none,True,4,15,4509.69121477,18259.311052029996,22674979.171607204
2017,nonharedi_jew,cyber,other_body_reporters,other,True,3,15,3570.6890409,18259.311052029996,22674979.171607204
2017,nonharedi_jew,cyber,other_body_reporters,professional,False,0,15,0.0,18259.311052029996,22674979.171607204
2017,nonharedi_jew,cyber,other_body_reporters,website,True,2,15,2653.8736994,18259.311052029996,22674979.171607204
2017,nonharedi_jew,cyber,other_body_nonreporters,acquaintance,True,11,115,13549.86601862,139992.41854734003,175239896.81163394
2017,nonharedi_jew,cyber,other_body_nonreporters,bank,False,0,115,0.0,139992.41854734003,175239896.81163394
2017,nonharedi_jew,cyber,other_body_nonreporters,family,True,15,115,19169.139300919996,139992.41854734003,175239896.81163394
2017,nonharedi_jew,cyber,other_body_nonreporters,government,False,0,115,0.0,139992.41854734003,175239896.81163394
2017,nonharedi_jew,cyber,other_body_nonreporters,isp,True,13,115,13931.307478349998,139992.41854734003,175239896.81163394
2017,nonharedi_jew,cyber,other_body_nonreporters,legal,True,0,115,0.0,139992.41854734003,175239896.81163394
2017,nonharedi_jew,cyber,other_body_nonreporters,none,True,51,115,62686.224155350006,139992.41854734003,175239896.81163394
2017,nonharedi_jew,cyber,other_body_nonreporters,other,True,24,115,28361.29669739,139992.41854734003,175239896.81163394
2017,nonharedi_jew,cyber,other_body_nonreporters,professional,False,0,115,0.0,139992.41854734003,175239896.81163394
2017,nonharedi_jew,cyber,other_body_nonreporters,website,True,15,115,18302.23312043,139992.41854734003,175239896.81163394
2017,nonharedi_jew,sexual_harassment,reported,yes,True,1,74,1011.8131684,94014.51562008,123160243.74139127
2017,nonharedi_jew,sexual_harassment,reason_not_reported,ashamed,True,6,73,6563.13650847,93002.70245167999,122136477.85364363
2017,nonharedi_jew,sexual_harassment,reason_not_reported,fear_revenge,True,0,73,0.0,93002.70245167999,122136477.85364363
2017,nonharedi_jew,sexual_harassment,reason_not_reported,handled_self,False,0,73,0.0,93002.70245167999,122136477.85364363
2017,nonharedi_jew,sexual_harassment,reason_not_reported,not_worth_bothering,True,19,73,23845.96128622,93002.70245167999,122136477.85364363
2017,nonharedi_jew,sexual_harassment,reason_not_reported,other,True,13,73,16760.47601026,93002.70245167999,122136477.85364363
2017,nonharedi_jew,sexual_harassment,reason_not_reported,personal_time,True,9,73,12294.527564799999,93002.70245167999,122136477.85364363
2017,nonharedi_jew,sexual_harassment,reason_not_reported,police_ineffective_past,True,6,73,7646.2834046,93002.70245167999,122136477.85364363
2017,nonharedi_jew,sexual_harassment,reason_not_reported,police_unable,True,10,73,13148.505233529999,93002.70245167999,122136477.85364363
2017,nonharedi_jew,sexual_harassment,reason_not_reported,police_unwilling,True,7,73,8937.5125936,93002.70245167999,122136477.85364363
2017,nonharedi_jew,sexual_harassment,reason_not_reported,turned_elsewhere,True,3,73,3806.2998502,93002.70245167999,122136477.85364363
2017,nonharedi_jew,sexual_harassment,other_body,acquaintance,True,11,70,13108.939957049999,88705.13134728,115977262.1619884
2017,nonharedi_jew,sexual_harassment,other_body,family,True,14,70,17874.726225069997,88705.13134728,115977262.1619884
2017,nonharedi_jew,sexual_harassment,other_body,legal,True,0,70,0.0,88705.13134728,115977262.1619884
2017,nonharedi_jew,sexual_harassment,other_body,medical,True,0,70,0.0,88705.13134728,115977262.1619884
2017,nonharedi_jew,sexual_harassment,other_body,mental_health,True,2,70,2190.776325,88705.13134728,115977262.1619884
2017,nonharedi_jew,sexual_harassment,other_body,ngo,True,1,70,1468.3855194,88705.13134728,115977262.1619884
2017,nonharedi_jew,sexual_harassment,other_body,none,True,47,70,60730.303315870005,88705.13134728,115977262.1619884
2017,nonharedi_jew,sexual_harassment,other_body,other,True,6,70,7290.496624910001,88705.13134728,115977262.1619884
2017,nonharedi_jew,sexual_harassment,other_body,welfare,True,0,70,0.0,88705.13134728,115977262.1619884
2017,nonharedi_jew,sexual_harassment,other_body,workplace,False,0,70,0.0,88705.13134728,115977262.1619884
2017,nonharedi_jew,sexual_harassment,other_body_reporters,acquaintance,True,0,1,0.0,1011.8131684,1023765.8877476468
2017,nonharedi_jew,sexual_harassment,other_body_reporters,family,True,0,1,0.0,1011.8131684,1023765.8877476468
2017,nonharedi_jew,sexual_harassment,other_body_reporters,legal,True,0,1,0.0,1011.8131684,1023765.8877476468
2017,nonharedi_jew,sexual_harassment,other_body_reporters,medical,True,0,1,0.0,1011.8131684,1023765.8877476468
2017,nonharedi_jew,sexual_harassment,other_body_reporters,mental_health,True,0,1,0.0,1011.8131684,1023765.8877476468
2017,nonharedi_jew,sexual_harassment,other_body_reporters,ngo,True,0,1,0.0,1011.8131684,1023765.8877476468
2017,nonharedi_jew,sexual_harassment,other_body_reporters,none,True,1,1,1011.8131684,1011.8131684,1023765.8877476468
2017,nonharedi_jew,sexual_harassment,other_body_reporters,other,True,0,1,0.0,1011.8131684,1023765.8877476468
2017,nonharedi_jew,sexual_harassment,other_body_reporters,welfare,True,0,1,0.0,1011.8131684,1023765.8877476468
2017,nonharedi_jew,sexual_harassment,other_body_reporters,workplace,False,0,1,0.0,1011.8131684,1023765.8877476468
2017,nonharedi_jew,sexual_harassment,other_body_nonreporters,acquaintance,True,11,69,13108.939957049999,87693.31817888,114953496.27424076
2017,nonharedi_jew,sexual_harassment,other_body_nonreporters,family,True,14,69,17874.726225069997,87693.31817888,114953496.27424076
2017,nonharedi_jew,sexual_harassment,other_body_nonreporters,legal,True,0,69,0.0,87693.31817888,114953496.27424076
2017,nonharedi_jew,sexual_harassment,other_body_nonreporters,medical,True,0,69,0.0,87693.31817888,114953496.27424076
2017,nonharedi_jew,sexual_harassment,other_body_nonreporters,mental_health,True,2,69,2190.776325,87693.31817888,114953496.27424076
2017,nonharedi_jew,sexual_harassment,other_body_nonreporters,ngo,True,1,69,1468.3855194,87693.31817888,114953496.27424076
2017,nonharedi_jew,sexual_harassment,other_body_nonreporters,none,True,46,69,59718.49014747001,87693.31817888,114953496.27424076
2017,nonharedi_jew,sexual_harassment,other_body_nonreporters,other,True,6,69,7290.496624910001,87693.31817888,114953496.27424076
2017,nonharedi_jew,sexual_harassment,other_body_nonreporters,welfare,True,0,69,0.0,87693.31817888,114953496.27424076
2017,nonharedi_jew,sexual_harassment,other_body_nonreporters,workplace,False,0,69,0.0,87693.31817888,114953496.27424076
2017,nonharedi_jew,theft,reported,yes,True,42,105,51667.58715998999,125607.8038454,153337955.88810176
2017,nonharedi_jew,theft,reason_not_reported,handled_self,False,0,62,0.0,72913.95242630999,87379262.36365837
2017,nonharedi_jew,theft,reason_not_reported,not_worth_bothering,True,5,62,5749.31348839,72913.95242630999,87379262.36365837
2017,nonharedi_jew,theft,reason_not_reported,other,True,3,62,3441.2858302000004,72913.95242630999,87379262.36365837
2017,nonharedi_jew,theft,reason_not_reported,personal_time,True,6,62,6814.57992235,72913.95242630999,87379262.36365837
2017,nonharedi_jew,theft,reason_not_reported,police_ineffective_past,True,13,62,15581.324525689999,72913.95242630999,87379262.36365837
2017,nonharedi_jew,theft,reason_not_reported,police_unable,True,15,62,17772.061037520005,72913.95242630999,87379262.36365837
2017,nonharedi_jew,theft,reason_not_reported,police_unwilling,True,10,62,12033.727697659999,72913.95242630999,87379262.36365837
2017,nonharedi_jew,theft,reason_not_reported,turned_elsewhere,True,10,62,11521.6599245,72913.95242630999,87379262.36365837
2017,nonharedi_jew,violence_threat,reported,yes,True,58,127,70977.92582101001,155061.67052891004,193792158.34437
2017,nonharedi_jew,violence_threat,reason_not_reported,ashamed,True,0,68,0.0,83116.98158843,103999543.79818778
2017,nonharedi_jew,violence_threat,reason_not_reported,fear_revenge,True,5,68,6007.778200459999,83116.98158843,103999543.79818778
2017,nonharedi_jew,violence_threat,reason_not_reported,handled_self,False,0,68,0.0,83116.98158843,103999543.79818778
2017,nonharedi_jew,violence_threat,reason_not_reported,not_worth_bothering,True,9,68,11391.6829374,83116.98158843,103999543.79818778
2017,nonharedi_jew,violence_threat,reason_not_reported,other,True,5,68,6714.7604159,83116.98158843,103999543.79818778
2017,nonharedi_jew,violence_threat,reason_not_reported,personal_time,True,4,68,4763.425550800001,83116.98158843,103999543.79818778
2017,nonharedi_jew,violence_threat,reason_not_reported,police_ineffective_past,True,12,68,14435.959089900001,83116.98158843,103999543.79818778
2017,nonharedi_jew,violence_threat,reason_not_reported,police_unable,True,12,68,15388.76494217,83116.98158843,103999543.79818778
2017,nonharedi_jew,violence_threat,reason_not_reported,police_unwilling,True,10,68,12290.0481821,83116.98158843,103999543.79818778
2017,nonharedi_jew,violence_threat,reason_not_reported,turned_elsewhere,True,11,68,12124.562269700002,83116.98158843,103999543.79818778
2017,nonharedi_jew,violence_threat,other_body,acquaintance,True,10,126,12284.471539000002,153607.66966529,191772878.85056004
2017,nonharedi_jew,violence_threat,other_body,family,True,20,126,25339.510093009998,153607.66966529,191772878.85056004
2017,nonharedi_jew,violence_threat,other_body,legal,True,11,126,12033.97872858,153607.66966529,191772878.85056004
2017,nonharedi_jew,violence_threat,other_body,medical,True,9,126,11032.59606945,153607.66966529,191772878.85056004
2017,nonharedi_jew,violence_threat,other_body,mental_health,True,7,126,8459.943761600001,153607.66966529,191772878.85056004
2017,nonharedi_jew,violence_threat,other_body,ngo,True,2,126,2960.9106932000004,153607.66966529,191772878.85056004
2017,nonharedi_jew,violence_threat,other_body,none,True,76,126,93757.08128188002,153607.66966529,191772878.85056004
2017,nonharedi_jew,violence_threat,other_body,other,True,15,126,17246.77695717,153607.66966529,191772878.85056004
2017,nonharedi_jew,violence_threat,other_body,welfare,True,4,126,4373.3108207,153607.66966529,191772878.85056004
2017,nonharedi_jew,violence_threat,other_body,workplace,False,0,126,0.0,153607.66966529,191772878.85056004
2017,nonharedi_jew,violence_threat,other_body_reporters,acquaintance,True,4,58,4123.3396297,70977.92582101001,88857983.61701486
2017,nonharedi_jew,violence_threat,other_body_reporters,family,True,6,58,6823.759741409999,70977.92582101001,88857983.61701486
2017,nonharedi_jew,violence_threat,other_body_reporters,legal,True,8,58,8957.7853662,70977.92582101001,88857983.61701486
2017,nonharedi_jew,violence_threat,other_body_reporters,medical,True,7,58,8631.990723350002,70977.92582101001,88857983.61701486
2017,nonharedi_jew,violence_threat,other_body_reporters,mental_health,True,4,58,4871.680843100001,70977.92582101001,88857983.61701486
2017,nonharedi_jew,violence_threat,other_body_reporters,ngo,True,1,58,1031.9021262,70977.92582101001,88857983.61701486
2017,nonharedi_jew,violence_threat,other_body_reporters,none,True,37,58,46581.85158678001,70977.92582101001,88857983.61701486
2017,nonharedi_jew,violence_threat,other_body_reporters,other,True,5,58,5727.25391917,70977.92582101001,88857983.61701486
2017,nonharedi_jew,violence_threat,other_body_reporters,welfare,True,3,58,3316.3879632999997,70977.92582101001,88857983.61701486
2017,nonharedi_jew,violence_threat,other_body_reporters,workplace,False,0,58,0.0,70977.92582101001,88857983.61701486
2017,nonharedi_jew,violence_threat,other_body_nonreporters,acquaintance,True,6,67,8161.1319093,81683.87947760001,102020235.83339022
2017,nonharedi_jew,violence_threat,other_body_nonreporters,family,True,14,67,18515.7503516,81683.87947760001,102020235.83339022
2017,nonharedi_jew,violence_threat,other_body_nonreporters,legal,True,2,67,2130.3289957,81683.87947760001,102020235.83339022
2017,nonharedi_jew,violence_threat,other_body_nonreporters,medical,True,2,67,2400.6053461,81683.87947760001,102020235.83339022
2017,nonharedi_jew,violence_threat,other_body_nonreporters,mental_health,True,3,67,3588.2629185,81683.87947760001,102020235.83339022
2017,nonharedi_jew,violence_threat,other_body_nonreporters,ngo,True,1,67,1929.008567,81683.87947760001,102020235.83339022
2017,nonharedi_jew,violence_threat,other_body_nonreporters,none,True,39,67,47175.2296951,81683.87947760001,102020235.83339022
2017,nonharedi_jew,violence_threat,other_body_nonreporters,other,True,10,67,11519.523038,81683.87947760001,102020235.83339022
2017,nonharedi_jew,violence_threat,other_body_nonreporters,welfare,True,1,67,1056.9228574,81683.87947760001,102020235.83339022
2017,nonharedi_jew,violence_threat,other_body_nonreporters,workplace,False,0,67,0.0,81683.87947760001,102020235.83339022
2017,all_20plus,cyber,reported,yes,True,24,174,30401.24851478,215218.35189440998,278519304.5499284
2017,all_20plus,cyber,reason_not_reported,ashamed,True,0,149,0.0,183667.76681003,237342012.621504
2017,all_20plus,cyber,reason_not_reported,didnt_know_police_handles,False,0,149,0.0,183667.76681003,237342012.621504
2017,all_20plus,cyber,reason_not_reported,fear_revenge,True,1,149,1626.4103433,183667.76681003,237342012.621504
2017,all_20plus,cyber,reason_not_reported,handled_self,False,0,149,0.0,183667.76681003,237342012.621504
2017,all_20plus,cyber,reason_not_reported,not_worth_bothering,True,27,149,34361.37567945,183667.76681003,237342012.621504
2017,all_20plus,cyber,reason_not_reported,other,True,20,149,25114.372702340002,183667.76681003,237342012.621504
2017,all_20plus,cyber,reason_not_reported,personal_time,True,15,149,18530.43677145,183667.76681003,237342012.621504
2017,all_20plus,cyber,reason_not_reported,police_ineffective_past,True,8,149,9362.00221236,183667.76681003,237342012.621504
2017,all_20plus,cyber,reason_not_reported,police_unable,True,29,149,33769.95217782,183667.76681003,237342012.621504
2017,all_20plus,cyber,reason_not_reported,police_unwilling,True,11,149,13751.90770783,183667.76681003,237342012.621504
2017,all_20plus,cyber,reason_not_reported,turned_elsewhere,True,38,149,47151.309215479996,183667.76681003,237342012.621504
2017,all_20plus,cyber,other_body,acquaintance,True,17,168,20743.536653569998,207489.74294670997,268359579.22216275
2017,all_20plus,cyber,other_body,bank,False,0,168,0.0,207489.74294670997,268359579.22216275
2017,all_20plus,cyber,other_body,family,True,26,168,34193.99330488,207489.74294670997,268359579.22216275
2017,all_20plus,cyber,other_body,government,False,0,168,0.0,207489.74294670997,268359579.22216275
2017,all_20plus,cyber,other_body,isp,True,18,168,20213.68471005,207489.74294670997,268359579.22216275
2017,all_20plus,cyber,other_body,legal,True,1,168,1135.4446689,207489.74294670997,268359579.22216275
2017,all_20plus,cyber,other_body,none,True,72,168,89245.03849745,207489.74294670997,268359579.22216275
2017,all_20plus,cyber,other_body,other,True,37,168,44712.70754689001,207489.74294670997,268359579.22216275
2017,all_20plus,cyber,other_body,professional,False,0,168,0.0,207489.74294670997,268359579.22216275
2017,all_20plus,cyber,other_body,website,True,22,168,25609.71128104,207489.74294670997,268359579.22216275
2017,all_20plus,cyber,other_body_reporters,acquaintance,True,4,22,4416.54336815,27645.870649079996,35965995.884008005
2017,all_20plus,cyber,other_body_reporters,bank,False,0,22,0.0,27645.870649079996,35965995.884008005
2017,all_20plus,cyber,other_body_reporters,family,True,7,22,8697.36053826,27645.870649079996,35965995.884008005
2017,all_20plus,cyber,other_body_reporters,government,False,0,22,0.0,27645.870649079996,35965995.884008005
2017,all_20plus,cyber,other_body_reporters,isp,True,3,22,3730.5805381,27645.870649079996,35965995.884008005
2017,all_20plus,cyber,other_body_reporters,legal,True,1,22,1135.4446689,27645.870649079996,35965995.884008005
2017,all_20plus,cyber,other_body_reporters,none,True,7,22,8874.34595147,27645.870649079996,35965995.884008005
2017,all_20plus,cyber,other_body_reporters,other,True,5,22,6039.5435322,27645.870649079996,35965995.884008005
2017,all_20plus,cyber,other_body_reporters,professional,False,0,22,0.0,27645.870649079996,35965995.884008005
2017,all_20plus,cyber,other_body_reporters,website,True,4,22,5206.92406845,27645.870649079996,35965995.884008005
2017,all_20plus,cyber,other_body_nonreporters,acquaintance,True,13,146,16326.993285419998,179843.87229762998,232393583.33815473
2017,all_20plus,cyber,other_body_nonreporters,bank,False,0,146,0.0,179843.87229762998,232393583.33815473
2017,all_20plus,cyber,other_body_nonreporters,family,True,19,146,25496.632766619998,179843.87229762998,232393583.33815473
2017,all_20plus,cyber,other_body_nonreporters,government,False,0,146,0.0,179843.87229762998,232393583.33815473
2017,all_20plus,cyber,other_body_nonreporters,isp,True,15,146,16483.10417195,179843.87229762998,232393583.33815473
2017,all_20plus,cyber,other_body_nonreporters,legal,True,0,146,0.0,179843.87229762998,232393583.33815473
2017,all_20plus,cyber,other_body_nonreporters,none,True,65,146,80370.69254598,179843.87229762998,232393583.33815473
2017,all_20plus,cyber,other_body_nonreporters,other,True,32,146,38673.16401469,179843.87229762998,232393583.33815473
2017,all_20plus,cyber,other_body_nonreporters,professional,False,0,146,0.0,179843.87229762998,232393583.33815473
2017,all_20plus,cyber,other_body_nonreporters,website,True,18,146,20402.78721259,179843.87229762998,232393583.33815473
2017,all_20plus,sexual_harassment,reported,yes,True,3,97,3833.67134567,121470.81392672,160636497.80430868
2017,all_20plus,sexual_harassment,reason_not_reported,ashamed,True,8,94,7936.14465932,117637.14258105001,155282766.05203423
2017,all_20plus,sexual_harassment,reason_not_reported,fear_revenge,True,0,94,0.0,117637.14258105001,155282766.05203423
2017,all_20plus,sexual_harassment,reason_not_reported,handled_self,False,0,94,0.0,117637.14258105001,155282766.05203423
2017,all_20plus,sexual_harassment,reason_not_reported,not_worth_bothering,True,22,94,27443.237707559998,117637.14258105001,155282766.05203423
2017,all_20plus,sexual_harassment,reason_not_reported,other,True,17,94,22290.2590753,117637.14258105001,155282766.05203423
2017,all_20plus,sexual_harassment,reason_not_reported,personal_time,True,14,94,17226.95009166,117637.14258105001,155282766.05203423
2017,all_20plus,sexual_harassment,reason_not_reported,police_ineffective_past,True,7,94,8280.893975410001,117637.14258105001,155282766.05203423
2017,all_20plus,sexual_harassment,reason_not_reported,police_unable,True,11,94,14340.72685703,117637.14258105001,155282766.05203423
2017,all_20plus,sexual_harassment,reason_not_reported,police_unwilling,True,11,94,15357.524489799998,117637.14258105001,155282766.05203423
2017,all_20plus,sexual_harassment,reason_not_reported,turned_elsewhere,True,4,94,4761.40572497,117637.14258105001,155282766.05203423
2017,all_20plus,sexual_harassment,other_body,acquaintance,True,14,93,17067.71407862,116161.42965392,153453516.22490585
2017,all_20plus,sexual_harassment,other_body,family,True,16,93,19591.03165909,116161.42965392,153453516.22490585
2017,all_20plus,sexual_harassment,other_body,legal,True,0,93,0.0,116161.42965392,153453516.22490585
2017,all_20plus,sexual_harassment,other_body,medical,True,0,93,0.0,116161.42965392,153453516.22490585
2017,all_20plus,sexual_harassment,other_body,mental_health,True,2,93,2190.776325,116161.42965392,153453516.22490585
2017,all_20plus,sexual_harassment,other_body,ngo,True,1,93,1468.3855194,116161.42965392,153453516.22490585
2017,all_20plus,sexual_harassment,other_body,none,True,64,93,81964.62210059,116161.42965392,153453516.22490585
2017,all_20plus,sexual_harassment,other_body,other,True,6,93,7290.496624910001,116161.42965392,153453516.22490585
2017,all_20plus,sexual_harassment,other_body,welfare,True,1,93,546.89996633,116161.42965392,153453516.22490585
2017,all_20plus,sexual_harassment,other_body,workplace,False,0,93,0.0,116161.42965392,153453516.22490585
2017,all_20plus,sexual_harassment,other_body_reporters,acquaintance,True,0,3,0.0,3833.67134567,5353731.752274498
2017,all_20plus,sexual_harassment,other_body_reporters,family,True,1,3,993.48203917,3833.67134567,5353731.752274498
2017,all_20plus,sexual_harassment,other_body_reporters,legal,True,0,3,0.0,3833.67134567,5353731.752274498
2017,all_20plus,sexual_harassment,other_body_reporters,medical,True,0,3,0.0,3833.67134567,5353731.752274498
2017,all_20plus,sexual_harassment,other_body_reporters,mental_health,True,0,3,0.0,3833.67134567,5353731.752274498
2017,all_20plus,sexual_harassment,other_body_reporters,ngo,True,0,3,0.0,3833.67134567,5353731.752274498
2017,all_20plus,sexual_harassment,other_body_reporters,none,True,2,3,2840.1893065,3833.67134567,5353731.752274498
2017,all_20plus,sexual_harassment,other_body_reporters,other,True,0,3,0.0,3833.67134567,5353731.752274498
2017,all_20plus,sexual_harassment,other_body_reporters,welfare,True,0,3,0.0,3833.67134567,5353731.752274498
2017,all_20plus,sexual_harassment,other_body_reporters,workplace,False,0,3,0.0,3833.67134567,5353731.752274498
2017,all_20plus,sexual_harassment,other_body_nonreporters,acquaintance,True,14,90,17067.71407862,112327.75830825002,148099784.47263134
2017,all_20plus,sexual_harassment,other_body_nonreporters,family,True,15,90,18597.54961992,112327.75830825002,148099784.47263134
2017,all_20plus,sexual_harassment,other_body_nonreporters,legal,True,0,90,0.0,112327.75830825002,148099784.47263134
2017,all_20plus,sexual_harassment,other_body_nonreporters,medical,True,0,90,0.0,112327.75830825002,148099784.47263134
2017,all_20plus,sexual_harassment,other_body_nonreporters,mental_health,True,2,90,2190.776325,112327.75830825002,148099784.47263134
2017,all_20plus,sexual_harassment,other_body_nonreporters,ngo,True,1,90,1468.3855194,112327.75830825002,148099784.47263134
2017,all_20plus,sexual_harassment,other_body_nonreporters,none,True,62,90,79124.43279409,112327.75830825002,148099784.47263134
2017,all_20plus,sexual_harassment,other_body_nonreporters,other,True,6,90,7290.496624910001,112327.75830825002,148099784.47263134
2017,all_20plus,sexual_harassment,other_body_nonreporters,welfare,True,1,90,546.89996633,112327.75830825002,148099784.47263134
2017,all_20plus,sexual_harassment,other_body_nonreporters,workplace,False,0,90,0.0,112327.75830825002,148099784.47263134
2017,all_20plus,theft,reported,yes,True,60,155,74257.12403579998,187304.60141762998,234540225.9103413
2017,all_20plus,theft,reason_not_reported,handled_self,False,0,93,0.0,111001.67167973,137601178.7679028
2017,all_20plus,theft,reason_not_reported,not_worth_bothering,True,12,93,13424.68219133,111001.67167973,137601178.7679028
2017,all_20plus,theft,reason_not_reported,other,True,4,93,4164.1092250500005,111001.67167973,137601178.7679028
2017,all_20plus,theft,reason_not_reported,personal_time,True,11,93,11828.137602740002,111001.67167973,137601178.7679028
2017,all_20plus,theft,reason_not_reported,police_ineffective_past,True,18,93,22346.962144690002,111001.67167973,137601178.7679028
2017,all_20plus,theft,reason_not_reported,police_unable,True,19,93,22992.677305949997,111001.67167973,137601178.7679028
2017,all_20plus,theft,reason_not_reported,police_unwilling,True,16,93,21016.16533206,111001.67167973,137601178.7679028
2017,all_20plus,theft,reason_not_reported,turned_elsewhere,True,13,93,15228.937877909999,111001.67167973,137601178.7679028
2017,all_20plus,violence_threat,reported,yes,True,73,168,90050.02389711,202119.06586612,251835104.1328267
2017,all_20plus,violence_threat,reason_not_reported,ashamed,True,0,93,0.0,110555.37888321001,136078039.77336356
2017,all_20plus,violence_threat,reason_not_reported,fear_revenge,True,8,93,9097.12231006,110555.37888321001,136078039.77336356
2017,all_20plus,violence_threat,reason_not_reported,handled_self,False,0,93,0.0,110555.37888321001,136078039.77336356
2017,all_20plus,violence_threat,reason_not_reported,not_worth_bothering,True,11,93,13473.73059051,110555.37888321001,136078039.77336356
2017,all_20plus,violence_threat,reason_not_reported,other,True,6,93,7481.02335287,110555.37888321001,136078039.77336356
2017,all_20plus,violence_threat,reason_not_reported,personal_time,True,8,93,9548.708987,110555.37888321001,136078039.77336356
2017,all_20plus,violence_threat,reason_not_reported,police_ineffective_past,True,16,93,18941.99205319,110555.37888321001,136078039.77336356
2017,all_20plus,violence_threat,reason_not_reported,police_unable,True,15,93,19118.993459069996,110555.37888321001,136078039.77336356
2017,all_20plus,violence_threat,reason_not_reported,police_unwilling,True,14,93,16319.79413831,110555.37888321001,136078039.77336356
2017,all_20plus,violence_threat,reason_not_reported,turned_elsewhere,True,15,93,16574.013992199998,110555.37888321001,136078039.77336356
2017,all_20plus,violence_threat,other_body,acquaintance,True,10,165,12284.471539000002,197843.9928534,245733531.70529014
2017,all_20plus,violence_threat,other_body,family,True,25,165,30956.395357880003,197843.9928534,245733531.70529014
2017,all_20plus,violence_threat,other_body,legal,True,13,165,14836.51348788,197843.9928534,245733531.70529014
2017,all_20plus,violence_threat,other_body,medical,True,14,165,16309.872223550003,197843.9928534,245733531.70529014
2017,all_20plus,violence_threat,other_body,mental_health,True,7,165,8459.943761600001,197843.9928534,245733531.70529014
2017,all_20plus,violence_threat,other_body,ngo,True,4,165,6306.937969300001,197843.9928534,245733531.70529014
2017,all_20plus,violence_threat,other_body,none,True,103,165,124259.75166839,197843.9928534,245733531.70529014
2017,all_20plus,violence_threat,other_body,other,True,19,165,22265.75486267,197843.9928534,245733531.70529014
2017,all_20plus,violence_threat,other_body,welfare,True,4,165,4373.3108207,197843.9928534,245733531.70529014
2017,all_20plus,violence_threat,other_body,workplace,False,0,165,0.0,197843.9928534,245733531.70529014
2017,all_20plus,violence_threat,other_body_reporters,acquaintance,True,4,72,4123.3396297,88412.47582011,111841770.1526376
2017,all_20plus,violence_threat,other_body_reporters,family,True,8,72,9003.24626428,88412.47582011,111841770.1526376
2017,all_20plus,violence_threat,other_body_reporters,legal,True,10,72,11760.3201255,88412.47582011,111841770.1526376
2017,all_20plus,violence_threat,other_body_reporters,medical,True,10,72,12596.10397415,88412.47582011,111841770.1526376
2017,all_20plus,violence_threat,other_body_reporters,mental_health,True,4,72,4871.680843100001,88412.47582011,111841770.1526376
2017,all_20plus,violence_threat,other_body_reporters,ngo,True,3,72,4377.9294023,88412.47582011,111841770.1526376
2017,all_20plus,violence_threat,other_body_reporters,none,True,47,72,58322.79133458001,88412.47582011,111841770.1526376
2017,all_20plus,violence_threat,other_body_reporters,other,True,6,72,7456.750919669999,88412.47582011,111841770.1526376
2017,all_20plus,violence_threat,other_body_reporters,welfare,True,3,72,3316.3879632999997,88412.47582011,111841770.1526376
2017,all_20plus,violence_threat,other_body_reporters,workplace,False,0,72,0.0,88412.47582011,111841770.1526376
2017,all_20plus,violence_threat,other_body_nonreporters,acquaintance,True,6,92,8161.1319093,108485.65266661,132997102.1524976
2017,all_20plus,violence_threat,other_body_nonreporters,family,True,17,92,21953.1490936,108485.65266661,132997102.1524976
2017,all_20plus,violence_threat,other_body_nonreporters,legal,True,2,92,2130.3289957,108485.65266661,132997102.1524976
2017,all_20plus,violence_threat,other_body_nonreporters,medical,True,4,92,3713.7682494,108485.65266661,132997102.1524976
2017,all_20plus,violence_threat,other_body_nonreporters,mental_health,True,3,92,3588.2629185,108485.65266661,132997102.1524976
2017,all_20plus,violence_threat,other_body_nonreporters,ngo,True,1,92,1929.008567,108485.65266661,132997102.1524976
2017,all_20plus,violence_threat,other_body_nonreporters,none,True,56,92,65936.96033381,108485.65266661,132997102.1524976
2017,all_20plus,violence_threat,other_body_nonreporters,other,True,13,92,14809.003943,108485.65266661,132997102.1524976
2017,all_20plus,violence_threat,other_body_nonreporters,welfare,True,1,92,1056.9228574,108485.65266661,132997102.1524976
2017,all_20plus,violence_threat,other_body_nonreporters,workplace,False,0,92,0.0,108485.65266661,132997102.1524976
2018,haredi,cyber,reported,yes,True,0,6,0.0,6759.800051199999,7665963.198481928
2018,haredi,cyber,reason_not_reported,ashamed,True,0,5,0.0,5485.545471799999,6042238.465360057
2018,haredi,cyber,reason_not_reported,didnt_know_police_handles,False,0,5,0.0,5485.545471799999,6042238.465360057
2018,haredi,cyber,reason_not_reported,fear_revenge,True,0,5,0.0,5485.545471799999,6042238.465360057
2018,haredi,cyber,reason_not_reported,handled_self,False,0,5,0.0,5485.545471799999,6042238.465360057
2018,haredi,cyber,reason_not_reported,not_worth_bothering,True,0,5,0.0,5485.545471799999,6042238.465360057
2018,haredi,cyber,reason_not_reported,other,True,1,5,1094.5065782,5485.545471799999,6042238.465360057
2018,haredi,cyber,reason_not_reported,personal_time,True,1,5,1091.6974862,5485.545471799999,6042238.465360057
2018,haredi,cyber,reason_not_reported,police_ineffective_past,True,0,5,0.0,5485.545471799999,6042238.465360057
2018,haredi,cyber,reason_not_reported,police_unable,True,1,5,1226.0456301,5485.545471799999,6042238.465360057
2018,haredi,cyber,reason_not_reported,police_unwilling,True,0,5,0.0,5485.545471799999,6042238.465360057
2018,haredi,cyber,reason_not_reported,turned_elsewhere,True,2,5,2073.2957773,5485.545471799999,6042238.465360057
2018,haredi,cyber,other_body,acquaintance,True,1,6,1091.6974862,6759.800051199999,7665963.198481928
2018,haredi,cyber,other_body,bank,False,0,6,0.0,6759.800051199999,7665963.198481928
2018,haredi,cyber,other_body,family,True,0,6,0.0,6759.800051199999,7665963.198481928
2018,haredi,cyber,other_body,government,False,0,6,0.0,6759.800051199999,7665963.198481928
2018,haredi,cyber,other_body,isp,True,2,6,2131.8693703999998,6759.800051199999,7665963.198481928
2018,haredi,cyber,other_body,legal,True,0,6,0.0,6759.800051199999,7665963.198481928
2018,haredi,cyber,other_body,none,True,3,6,3594.8067877,6759.800051199999,7665963.198481928
2018,haredi,cyber,other_body,other,True,1,6,1033.1238931,6759.800051199999,7665963.198481928
2018,haredi,cyber,other_body,professional,False,0,6,0.0,6759.800051199999,7665963.198481928
2018,haredi,cyber,other_body,website,True,0,6,0.0,6759.800051199999,7665963.198481928
2018,haredi,cyber,other_body_reporters,acquaintance,True,0,0,0.0,0.0,0.0
2018,haredi,cyber,other_body_reporters,bank,False,0,0,0.0,0.0,0.0
2018,haredi,cyber,other_body_reporters,family,True,0,0,0.0,0.0,0.0
2018,haredi,cyber,other_body_reporters,government,False,0,0,0.0,0.0,0.0
2018,haredi,cyber,other_body_reporters,isp,True,0,0,0.0,0.0,0.0
2018,haredi,cyber,other_body_reporters,legal,True,0,0,0.0,0.0,0.0
2018,haredi,cyber,other_body_reporters,none,True,0,0,0.0,0.0,0.0
2018,haredi,cyber,other_body_reporters,other,True,0,0,0.0,0.0,0.0
2018,haredi,cyber,other_body_reporters,professional,False,0,0,0.0,0.0,0.0
2018,haredi,cyber,other_body_reporters,website,True,0,0,0.0,0.0,0.0
2018,haredi,cyber,other_body_nonreporters,acquaintance,True,1,6,1091.6974862,6759.800051199999,7665963.198481928
2018,haredi,cyber,other_body_nonreporters,bank,False,0,6,0.0,6759.800051199999,7665963.198481928
2018,haredi,cyber,other_body_nonreporters,family,True,0,6,0.0,6759.800051199999,7665963.198481928
2018,haredi,cyber,other_body_nonreporters,government,False,0,6,0.0,6759.800051199999,7665963.198481928
2018,haredi,cyber,other_body_nonreporters,isp,True,2,6,2131.8693703999998,6759.800051199999,7665963.198481928
2018,haredi,cyber,other_body_nonreporters,legal,True,0,6,0.0,6759.800051199999,7665963.198481928
2018,haredi,cyber,other_body_nonreporters,none,True,3,6,3594.8067877,6759.800051199999,7665963.198481928
2018,haredi,cyber,other_body_nonreporters,other,True,1,6,1033.1238931,6759.800051199999,7665963.198481928
2018,haredi,cyber,other_body_nonreporters,professional,False,0,6,0.0,6759.800051199999,7665963.198481928
2018,haredi,cyber,other_body_nonreporters,website,True,0,6,0.0,6759.800051199999,7665963.198481928
2018,haredi,sexual_harassment,reported,yes,True,0,1,0.0,1275.4970183,1626892.6436921905
2018,haredi,sexual_harassment,reason_not_reported,ashamed,True,0,1,0.0,1275.4970183,1626892.6436921905
2018,haredi,sexual_harassment,reason_not_reported,fear_revenge,True,0,1,0.0,1275.4970183,1626892.6436921905
2018,haredi,sexual_harassment,reason_not_reported,handled_self,False,0,1,0.0,1275.4970183,1626892.6436921905
2018,haredi,sexual_harassment,reason_not_reported,not_worth_bothering,True,0,1,0.0,1275.4970183,1626892.6436921905
2018,haredi,sexual_harassment,reason_not_reported,other,True,0,1,0.0,1275.4970183,1626892.6436921905
2018,haredi,sexual_harassment,reason_not_reported,personal_time,True,1,1,1275.4970183,1275.4970183,1626892.6436921905
2018,haredi,sexual_harassment,reason_not_reported,police_ineffective_past,True,0,1,0.0,1275.4970183,1626892.6436921905
2018,haredi,sexual_harassment,reason_not_reported,police_unable,True,0,1,0.0,1275.4970183,1626892.6436921905
2018,haredi,sexual_harassment,reason_not_reported,police_unwilling,True,0,1,0.0,1275.4970183,1626892.6436921905
2018,haredi,sexual_harassment,reason_not_reported,turned_elsewhere,True,0,1,0.0,1275.4970183,1626892.6436921905
2018,haredi,sexual_harassment,other_body,acquaintance,True,1,1,1275.4970183,1275.4970183,1626892.6436921905
2018,haredi,sexual_harassment,other_body,family,True,1,1,1275.4970183,1275.4970183,1626892.6436921905
2018,haredi,sexual_harassment,other_body,legal,True,0,1,0.0,1275.4970183,1626892.6436921905
2018,haredi,sexual_harassment,other_body,medical,True,0,1,0.0,1275.4970183,1626892.6436921905
2018,haredi,sexual_harassment,other_body,mental_health,True,0,1,0.0,1275.4970183,1626892.6436921905
2018,haredi,sexual_harassment,other_body,ngo,True,0,1,0.0,1275.4970183,1626892.6436921905
2018,haredi,sexual_harassment,other_body,none,True,0,1,0.0,1275.4970183,1626892.6436921905
2018,haredi,sexual_harassment,other_body,other,True,0,1,0.0,1275.4970183,1626892.6436921905
2018,haredi,sexual_harassment,other_body,welfare,True,0,1,0.0,1275.4970183,1626892.6436921905
2018,haredi,sexual_harassment,other_body,workplace,False,0,1,0.0,1275.4970183,1626892.6436921905
2018,haredi,sexual_harassment,other_body_reporters,acquaintance,True,0,0,0.0,0.0,0.0
2018,haredi,sexual_harassment,other_body_reporters,family,True,0,0,0.0,0.0,0.0
2018,haredi,sexual_harassment,other_body_reporters,legal,True,0,0,0.0,0.0,0.0
2018,haredi,sexual_harassment,other_body_reporters,medical,True,0,0,0.0,0.0,0.0
2018,haredi,sexual_harassment,other_body_reporters,mental_health,True,0,0,0.0,0.0,0.0
2018,haredi,sexual_harassment,other_body_reporters,ngo,True,0,0,0.0,0.0,0.0
2018,haredi,sexual_harassment,other_body_reporters,none,True,0,0,0.0,0.0,0.0
2018,haredi,sexual_harassment,other_body_reporters,other,True,0,0,0.0,0.0,0.0
2018,haredi,sexual_harassment,other_body_reporters,welfare,True,0,0,0.0,0.0,0.0
2018,haredi,sexual_harassment,other_body_reporters,workplace,False,0,0,0.0,0.0,0.0
2018,haredi,sexual_harassment,other_body_nonreporters,acquaintance,True,1,1,1275.4970183,1275.4970183,1626892.6436921905
2018,haredi,sexual_harassment,other_body_nonreporters,family,True,1,1,1275.4970183,1275.4970183,1626892.6436921905
2018,haredi,sexual_harassment,other_body_nonreporters,legal,True,0,1,0.0,1275.4970183,1626892.6436921905
2018,haredi,sexual_harassment,other_body_nonreporters,medical,True,0,1,0.0,1275.4970183,1626892.6436921905
2018,haredi,sexual_harassment,other_body_nonreporters,mental_health,True,0,1,0.0,1275.4970183,1626892.6436921905
2018,haredi,sexual_harassment,other_body_nonreporters,ngo,True,0,1,0.0,1275.4970183,1626892.6436921905
2018,haredi,sexual_harassment,other_body_nonreporters,none,True,0,1,0.0,1275.4970183,1626892.6436921905
2018,haredi,sexual_harassment,other_body_nonreporters,other,True,0,1,0.0,1275.4970183,1626892.6436921905
2018,haredi,sexual_harassment,other_body_nonreporters,welfare,True,0,1,0.0,1275.4970183,1626892.6436921905
2018,haredi,sexual_harassment,other_body_nonreporters,workplace,False,0,1,0.0,1275.4970183,1626892.6436921905
2018,haredi,theft,reported,yes,True,7,15,7540.083667869999,16248.916805359997,17960895.819919493
2018,haredi,theft,reason_not_reported,handled_self,False,0,8,0.0,8708.83313749,9636094.19472428
2018,haredi,theft,reason_not_reported,not_worth_bothering,True,3,8,3515.2182408099998,8708.83313749,9636094.19472428
2018,haredi,theft,reason_not_reported,other,True,0,8,0.0,8708.83313749,9636094.19472428
2018,haredi,theft,reason_not_reported,personal_time,True,2,8,2298.681512,8708.83313749,9636094.19472428
2018,haredi,theft,reason_not_reported,police_ineffective_past,True,1,8,949.98980657,8708.83313749,9636094.19472428
2018,haredi,theft,reason_not_reported,police_unable,True,2,8,1944.94357811,8708.83313749,9636094.19472428
2018,haredi,theft,reason_not_reported,police_unwilling,True,0,8,0.0,8708.83313749,9636094.19472428
2018,haredi,theft,reason_not_reported,turned_elsewhere,True,0,8,0.0,8708.83313749,9636094.19472428
2018,haredi,violence_threat,reported,yes,True,3,8,3848.2867531,9255.885084599999,10991784.652468313
2018,haredi,violence_threat,reason_not_reported,ashamed,True,0,5,0.0,5407.5983315,5950559.629265323
2018,haredi,violence_threat,reason_not_reported,fear_revenge,True,0,5,0.0,5407.5983315,5950559.629265323
2018,haredi,violence_threat,reason_not_reported,handled_self,False,0,5,0.0,5407.5983315,5950559.629265323
2018,haredi,violence_threat,reason_not_reported,not_worth_bothering,True,2,5,1850.2331805,5407.5983315,5950559.629265323
2018,haredi,violence_threat,reason_not_reported,other,True,0,5,0.0,5407.5983315,5950559.629265323
2018,haredi,violence_threat,reason_not_reported,personal_time,True,0,5,0.0,5407.5983315,5950559.629265323
2018,haredi,violence_threat,reason_not_reported,police_ineffective_past,True,1,5,1108.8797597,5407.5983315,5950559.629265323
2018,haredi,violence_threat,reason_not_reported,police_unable,True,0,5,0.0,5407.5983315,5950559.629265323
2018,haredi,violence_threat,reason_not_reported,police_unwilling,True,1,5,1285.5832075,5407.5983315,5950559.629265323
2018,haredi,violence_threat,reason_not_reported,turned_elsewhere,True,1,5,1162.9021838,5407.5983315,5950559.629265323
2018,haredi,violence_threat,other_body,acquaintance,True,0,7,0.0,8083.356683200001,9616961.800378673
2018,haredi,violence_threat,other_body,family,True,1,7,970.93265833,8083.356683200001,9616961.800378673
2018,haredi,violence_threat,other_body,legal,True,0,7,0.0,8083.356683200001,9616961.800378673
2018,haredi,violence_threat,other_body,medical,True,0,7,0.0,8083.356683200001,9616961.800378673
2018,haredi,violence_threat,other_body,mental_health,True,0,7,0.0,8083.356683200001,9616961.800378673
2018,haredi,violence_threat,other_body,ngo,True,0,7,0.0,8083.356683200001,9616961.800378673
2018,haredi,violence_threat,other_body,none,True,5,7,5949.52184107,8083.356683200001,9616961.800378673
2018,haredi,violence_threat,other_body,other,True,1,7,1162.9021838,8083.356683200001,9616961.800378673
2018,haredi,violence_threat,other_body,welfare,True,0,7,0.0,8083.356683200001,9616961.800378673
2018,haredi,violence_threat,other_body,workplace,False,0,7,0.0,8083.356683200001,9616961.800378673
2018,haredi,violence_threat,other_body_reporters,acquaintance,True,0,2,0.0,2675.7583517000003,3666402.171113349
2018,haredi,violence_threat,other_body_reporters,family,True,0,2,0.0,2675.7583517000003,3666402.171113349
2018,haredi,violence_threat,other_body_reporters,legal,True,0,2,0.0,2675.7583517000003,3666402.171113349
2018,haredi,violence_threat,other_body_reporters,medical,True,0,2,0.0,2675.7583517000003,3666402.171113349
2018,haredi,violence_threat,other_body_reporters,mental_health,True,0,2,0.0,2675.7583517000003,3666402.171113349
2018,haredi,violence_threat,other_body_reporters,ngo,True,0,2,0.0,2675.7583517000003,3666402.171113349
2018,haredi,violence_threat,other_body_reporters,none,True,2,2,2675.7583517000003,2675.7583517000003,3666402.171113349
2018,haredi,violence_threat,other_body_reporters,other,True,0,2,0.0,2675.7583517000003,3666402.171113349
2018,haredi,violence_threat,other_body_reporters,welfare,True,0,2,0.0,2675.7583517000003,3666402.171113349
2018,haredi,violence_threat,other_body_reporters,workplace,False,0,2,0.0,2675.7583517000003,3666402.171113349
2018,haredi,violence_threat,other_body_nonreporters,acquaintance,True,0,5,0.0,5407.5983315,5950559.629265323
2018,haredi,violence_threat,other_body_nonreporters,family,True,1,5,970.93265833,5407.5983315,5950559.629265323
2018,haredi,violence_threat,other_body_nonreporters,legal,True,0,5,0.0,5407.5983315,5950559.629265323
2018,haredi,violence_threat,other_body_nonreporters,medical,True,0,5,0.0,5407.5983315,5950559.629265323
2018,haredi,violence_threat,other_body_nonreporters,mental_health,True,0,5,0.0,5407.5983315,5950559.629265323
2018,haredi,violence_threat,other_body_nonreporters,ngo,True,0,5,0.0,5407.5983315,5950559.629265323
2018,haredi,violence_threat,other_body_nonreporters,none,True,3,5,3273.7634893700006,5407.5983315,5950559.629265323
2018,haredi,violence_threat,other_body_nonreporters,other,True,1,5,1162.9021838,5407.5983315,5950559.629265323
2018,haredi,violence_threat,other_body_nonreporters,welfare,True,0,5,0.0,5407.5983315,5950559.629265323
2018,haredi,violence_threat,other_body_nonreporters,workplace,False,0,5,0.0,5407.5983315,5950559.629265323
2018,nonharedi_jew,cyber,reported,yes,True,16,151,16510.99217722,162124.2187745,178498461.2786612
2018,nonharedi_jew,cyber,reason_not_reported,ashamed,True,0,133,0.0,143316.48176358,158439583.73046464
2018,nonharedi_jew,cyber,reason_not_reported,didnt_know_police_handles,False,0,133,0.0,143316.48176358,158439583.73046464
2018,nonharedi_jew,cyber,reason_not_reported,fear_revenge,True,1,133,1477.3229133,143316.48176358,158439583.73046464
2018,nonharedi_jew,cyber,reason_not_reported,handled_self,False,0,133,0.0,143316.48176358,158439583.73046464
2018,nonharedi_jew,cyber,reason_not_reported,not_worth_bothering,True,21,133,22504.37070419,143316.48176358,158439583.73046464
2018,nonharedi_jew,cyber,reason_not_reported,other,True,25,133,27811.42816114,143316.48176358,158439583.73046464
2018,nonharedi_jew,cyber,reason_not_reported,personal_time,True,15,133,15147.77832496,143316.48176358,158439583.73046464
2018,nonharedi_jew,cyber,reason_not_reported,police_ineffective_past,True,14,133,14587.911619729999,143316.48176358,158439583.73046464
2018,nonharedi_jew,cyber,reason_not_reported,police_unable,True,18,133,19875.99665568,143316.48176358,158439583.73046464
2018,nonharedi_jew,cyber,reason_not_reported,police_unwilling,True,20,133,20727.447013750003,143316.48176358,158439583.73046464
2018,nonharedi_jew,cyber,reason_not_reported,turned_elsewhere,True,19,133,21184.22637083,143316.48176358,158439583.73046464
2018,nonharedi_jew,cyber,other_body,acquaintance,True,25,148,27559.87506802,158967.79371848004,175168239.46702906
2018,nonharedi_jew,cyber,other_body,bank,False,0,148,0.0,158967.79371848004,175168239.46702906
2018,nonharedi_jew,cyber,other_body,family,True,34,148,37515.58123545999,158967.79371848004,175168239.46702906
2018,nonharedi_jew,cyber,other_body,government,False,0,148,0.0,158967.79371848004,175168239.46702906
2018,nonharedi_jew,cyber,other_body,isp,True,10,148,11087.522797489999,158967.79371848004,175168239.46702906
2018,nonharedi_jew,cyber,other_body,legal,True,5,148,5443.951781,158967.79371848004,175168239.46702906
2018,nonharedi_jew,cyber,other_body,none,True,60,148,62030.89218438999,158967.79371848004,175168239.46702906
2018,nonharedi_jew,cyber,other_body,other,True,36,148,39554.354216750005,158967.79371848004,175168239.46702906
2018,nonharedi_jew,cyber,other_body,professional,False,0,148,0.0,158967.79371848004,175168239.46702906
2018,nonharedi_jew,cyber,other_body,website,True,11,148,12382.54774211,158967.79371848004,175168239.46702906
2018,nonharedi_jew,cyber,other_body_reporters,acquaintance,True,1,16,1108.9108276,16510.99217722,17421344.28974238
2018,nonharedi_jew,cyber,other_body_reporters,bank,False,0,16,0.0,16510.99217722,17421344.28974238
2018,nonharedi_jew,cyber,other_body_reporters,family,True,6,16,6562.72752015,16510.99217722,17421344.28974238
2018,nonharedi_jew,cyber,other_body_reporters,government,False,0,16,0.0,16510.99217722,17421344.28974238
2018,nonharedi_jew,cyber,other_body_reporters,isp,True,0,16,0.0,16510.99217722,17421344.28974238
2018,nonharedi_jew,cyber,other_body_reporters,legal,True,2,16,2117.5470578,16510.99217722,17421344.28974238
2018,nonharedi_jew,cyber,other_body_reporters,none,True,7,16,6796.35904587,16510.99217722,17421344.28974238
2018,nonharedi_jew,cyber,other_body_reporters,other,True,2,16,2143.269381,16510.99217722,17421344.28974238
2018,nonharedi_jew,cyber,other_body_reporters,professional,False,0,16,0.0,16510.99217722,17421344.28974238
2018,nonharedi_jew,cyber,other_body_reporters,website,True,1,16,1108.9108276,16510.99217722,17421344.28974238
2018,nonharedi_jew,cyber,other_body_nonreporters,acquaintance,True,24,132,26450.96424042,142456.80154126,157746895.17728668
2018,nonharedi_jew,cyber,other_body_nonreporters,bank,False,0,132,0.0,142456.80154126,157746895.17728668
2018,nonharedi_jew,cyber,other_body_nonreporters,family,True,28,132,30952.85371531,142456.80154126,157746895.17728668
2018,nonharedi_jew,cyber,other_body_nonreporters,government,False,0,132,0.0,142456.80154126,157746895.17728668
2018,nonharedi_jew,cyber,other_body_nonreporters,isp,True,10,132,11087.522797489999,142456.80154126,157746895.17728668
2018,nonharedi_jew,cyber,other_body_nonreporters,legal,True,3,132,3326.4047232000003,142456.80154126,157746895.17728668
2018,nonharedi_jew,cyber,other_body_nonreporters,none,True,53,132,55234.53313851999,142456.80154126,157746895.17728668
2018,nonharedi_jew,cyber,other_body_nonreporters,other,True,34,132,37411.08483575,142456.80154126,157746895.17728668
2018,nonharedi_jew,cyber,other_body_nonreporters,professional,False,0,132,0.0,142456.80154126,157746895.17728668
2018,nonharedi_jew,cyber,other_body_nonreporters,website,True,10,132,11273.63691451,142456.80154126,157746895.17728668
2018,nonharedi_jew,sexual_harassment,reported,yes,True,6,119,6089.7364922,132927.03147107,152167050.5854298
2018,nonharedi_jew,sexual_harassment,reason_not_reported,ashamed,True,8,112,8905.28139804,125824.23019297,144785491.09189427
2018,nonharedi_jew,sexual_harassment,reason_not_reported,fear_revenge,True,3,112,3835.3314232000002,125824.23019297,144785491.09189427
2018,nonharedi_jew,sexual_harassment,reason_not_reported,handled_self,False,0,112,0.0,125824.23019297,144785491.09189427
2018,nonharedi_jew,sexual_harassment,reason_not_reported,not_worth_bothering,True,27,112,30471.83104333,125824.23019297,144785491.09189427
2018,nonharedi_jew,sexual_harassment,reason_not_reported,other,True,19,112,22494.5507778,125824.23019297,144785491.09189427
2018,nonharedi_jew,sexual_harassment,reason_not_reported,personal_time,True,18,112,19655.877269009998,125824.23019297,144785491.09189427
2018,nonharedi_jew,sexual_harassment,reason_not_reported,police_ineffective_past,True,10,112,10873.542981340002,125824.23019297,144785491.09189427
2018,nonharedi_jew,sexual_harassment,reason_not_reported,police_unable,True,8,112,8518.69897076,125824.23019297,144785491.09189427
2018,nonharedi_jew,sexual_harassment,reason_not_reported,police_unwilling,True,11,112,12070.28652664,125824.23019297,144785491.09189427
2018,nonharedi_jew,sexual_harassment,reason_not_reported,turned_elsewhere,True,8,112,8998.82980285,125824.23019297,144785491.09189427
2018,nonharedi_jew,sexual_harassment,other_body,acquaintance,True,24,114,26758.74756265,127178.00630099999,145459353.64268267
2018,nonharedi_jew,sexual_harassment,other_body,family,True,26,114,29393.020833169998,127178.00630099999,145459353.64268267
2018,nonharedi_jew,sexual_harassment,other_body,legal,True,3,114,3600.4854153200004,127178.00630099999,145459353.64268267
2018,nonharedi_jew,sexual_harassment,other_body,medical,True,3,114,3687.73831635,127178.00630099999,145459353.64268267
2018,nonharedi_jew,sexual_harassment,other_body,mental_health,True,8,114,8203.54270903,127178.00630099999,145459353.64268267
2018,nonharedi_jew,sexual_harassment,other_body,ngo,True,2,114,2629.6903354,127178.00630099999,145459353.64268267
2018,nonharedi_jew,sexual_harassment,other_body,none,True,60,114,67935.67231585999,127178.00630099999,145459353.64268267
2018,nonharedi_jew,sexual_harassment,other_body,other,True,8,114,8569.22312771,127178.00630099999,145459353.64268267
2018,nonharedi_jew,sexual_harassment,other_body,welfare,True,3,114,3674.2863032,127178.00630099999,145459353.64268267
2018,nonharedi_jew,sexual_harassment,other_body,workplace,False,0,114,0.0,127178.00630099999,145459353.64268267
2018,nonharedi_jew,sexual_harassment,other_body_reporters,acquaintance,True,1,6,1152.3674221,6089.7364922,6355259.233104927
2018,nonharedi_jew,sexual_harassment,other_body_reporters,family,True,2,6,1991.7742819300001,6089.7364922,6355259.233104927
2018,nonharedi_jew,sexual_harassment,other_body_reporters,legal,True,2,6,2123.16250202,6089.7364922,6355259.233104927
2018,nonharedi_jew,sexual_harassment,other_body_reporters,medical,True,1,6,795.79674795,6089.7364922,6355259.233104927
2018,nonharedi_jew,sexual_harassment,other_body_reporters,mental_health,True,3,6,2787.5710298800004,6089.7364922,6355259.233104927
2018,nonharedi_jew,sexual_harassment,other_body_reporters,ngo,True,1,6,1152.3674221,6089.7364922,6355259.233104927
2018,nonharedi_jew,sexual_harassment,other_body_reporters,none,True,1,6,1286.7744146,6089.7364922,6355259.233104927
2018,nonharedi_jew,sexual_harassment,other_body_reporters,other,True,0,6,0.0,6089.7364922,6355259.233104927
2018,nonharedi_jew,sexual_harassment,other_body_reporters,welfare,True,2,6,2196.9633899,6089.7364922,6355259.233104927
2018,nonharedi_jew,sexual_harassment,other_body_reporters,workplace,False,0,6,0.0,6089.7364922,6355259.233104927
2018,nonharedi_jew,sexual_harassment,other_body_nonreporters,acquaintance,True,23,107,25606.38014055,120384.02831921999,138608138.33393192
2018,nonharedi_jew,sexual_harassment,other_body_nonreporters,family,True,23,107,26697.00506166,120384.02831921999,138608138.33393192
2018,nonharedi_jew,sexual_harassment,other_body_nonreporters,legal,True,1,107,1477.3229133,120384.02831921999,138608138.33393192
2018,nonharedi_jew,sexual_harassment,other_body_nonreporters,medical,True,2,107,2891.9415684,120384.02831921999,138608138.33393192
2018,nonharedi_jew,sexual_harassment,other_body_nonreporters,mental_health,True,5,107,5415.97167915,120384.02831921999,138608138.33393192
2018,nonharedi_jew,sexual_harassment,other_body_nonreporters,ngo,True,1,107,1477.3229133,120384.02831921999,138608138.33393192
2018,nonharedi_jew,sexual_harassment,other_body_nonreporters,none,True,58,107,65944.65641168,120384.02831921999,138608138.33393192
2018,nonharedi_jew,sexual_harassment,other_body_nonreporters,other,True,8,107,8569.22312771,120384.02831921999,138608138.33393192
2018,nonharedi_jew,sexual_harassment,other_body_nonreporters,welfare,True,1,107,1477.3229133,120384.02831921999,138608138.33393192
2018,nonharedi_jew,sexual_harassment,other_body_nonreporters,workplace,False,0,107,0.0,120384.02831921999,138608138.33393192
2018,nonharedi_jew,theft,reported,yes,True,49,117,53625.07293727,131202.41617004998,150723164.48403794
2018,nonharedi_jew,theft,reason_not_reported,handled_self,False,0,68,0.0,77577.34323278,90502427.32844032
2018,nonharedi_jew,theft,reason_not_reported,not_worth_bothering,True,5,68,6223.8725594,77577.34323278,90502427.32844032
2018,nonharedi_jew,theft,reason_not_reported,other,True,13,68,14906.614284430001,77577.34323278,90502427.32844032
2018,nonharedi_jew,theft,reason_not_reported,personal_time,True,10,68,11458.38536536,77577.34323278,90502427.32844032
2018,nonharedi_jew,theft,reason_not_reported,police_ineffective_past,True,9,68,10323.798673499998,77577.34323278,90502427.32844032
2018,nonharedi_jew,theft,reason_not_reported,police_unable,True,14,68,15996.66298668,77577.34323278,90502427.32844032
2018,nonharedi_jew,theft,reason_not_reported,police_unwilling,True,12,68,13551.34411273,77577.34323278,90502427.32844032
2018,nonharedi_jew,theft,reason_not_reported,turned_elsewhere,True,5,68,5116.66525068,77577.34323278,90502427.32844032
2018,nonharedi_jew,violence_threat,reported,yes,True,57,135,63109.114629879994,150710.63935846998,172660357.18307292
2018,nonharedi_jew,violence_threat,reason_not_reported,ashamed,True,0,77,0.0,86639.65114268,99660149.26103124
2018,nonharedi_jew,violence_threat,reason_not_reported,fear_revenge,True,5,77,5554.68933294,86639.65114268,99660149.26103124
2018,nonharedi_jew,violence_threat,reason_not_reported,handled_self,False,0,77,0.0,86639.65114268,99660149.26103124
2018,nonharedi_jew,violence_threat,reason_not_reported,not_worth_bothering,True,5,77,5660.79545442,86639.65114268,99660149.26103124
2018,nonharedi_jew,violence_threat,reason_not_reported,other,True,7,77,7173.28885027,86639.65114268,99660149.26103124
2018,nonharedi_jew,violence_threat,reason_not_reported,personal_time,True,15,77,17558.403057539996,86639.65114268,99660149.26103124
2018,nonharedi_jew,violence_threat,reason_not_reported,police_ineffective_past,True,17,77,19163.30124692,86639.65114268,99660149.26103124
2018,nonharedi_jew,violence_threat,reason_not_reported,police_unable,True,10,77,11330.5462816,86639.65114268,99660149.26103124
2018,nonharedi_jew,violence_threat,reason_not_reported,police_unwilling,True,8,77,9032.299618019999,86639.65114268,99660149.26103124
2018,nonharedi_jew,violence_threat,reason_not_reported,turned_elsewhere,True,10,77,11166.32730097,86639.65114268,99660149.26103124
2018,nonharedi_jew,violence_threat,other_body,acquaintance,True,14,130,15817.225936659996,144671.78354436997,165252121.2769482
2018,nonharedi_jew,violence_threat,other_body,family,True,30,130,33472.74600318001,144671.78354436997,165252121.2769482
2018,nonharedi_jew,violence_threat,other_body,legal,True,11,130,13112.76010261,144671.78354436997,165252121.2769482
2018,nonharedi_jew,violence_threat,other_body,medical,True,8,130,8853.67667709,144671.78354436997,165252121.2769482
2018,nonharedi_jew,violence_threat,other_body,mental_health,True,5,130,5625.77846922,144671.78354436997,165252121.2769482
2018,nonharedi_jew,violence_threat,other_body,ngo,True,2,130,2460.58794874,144671.78354436997,165252121.2769482
2018,nonharedi_jew,violence_threat,other_body,none,True,77,130,85434.13825619999,144671.78354436997,165252121.2769482
2018,nonharedi_jew,violence_threat,other_body,other,True,12,130,13882.35169025,144671.78354436997,165252121.2769482
2018,nonharedi_jew,violence_threat,other_body,welfare,True,4,130,4368.74392349,144671.78354436997,165252121.2769482
2018,nonharedi_jew,violence_threat,other_body,workplace,False,0,130,0.0,144671.78354436997,165252121.2769482
2018,nonharedi_jew,violence_threat,other_body_reporters,acquaintance,True,7,57,8042.93683436,63109.114629879994,72075007.1267703
2018,nonharedi_jew,violence_threat,other_body_reporters,family,True,14,57,15610.93444825,63109.114629879994,72075007.1267703
2018,nonharedi_jew,violence_threat,other_body_reporters,legal,True,9,57,10598.245739510001,63109.114629879994,72075007.1267703
2018,nonharedi_jew,violence_threat,other_body_reporters,medical,True,5,57,5470.78289409,63109.114629879994,72075007.1267703
2018,nonharedi_jew,violence_threat,other_body_reporters,mental_health,True,4,57,4798.76852179,63109.114629879994,72075007.1267703
2018,nonharedi_jew,violence_threat,other_body_reporters,ngo,True,1,57,1477.3229133,63109.114629879994,72075007.1267703
2018,nonharedi_jew,violence_threat,other_body_reporters,none,True,30,57,33447.33559154,63109.114629879994,72075007.1267703
2018,nonharedi_jew,violence_threat,other_body_reporters,other,True,6,57,6706.981568949999,63109.114629879994,72075007.1267703
2018,nonharedi_jew,violence_threat,other_body_reporters,welfare,True,4,57,4368.74392349,63109.114629879994,72075007.1267703
2018,nonharedi_jew,violence_threat,other_body_reporters,workplace,False,0,57,0.0,63109.114629879994,72075007.1267703
2018,nonharedi_jew,violence_threat,other_body_nonreporters,acquaintance,True,7,73,7774.289102300001,81562.66891449,93177114.15017791
2018,nonharedi_jew,violence_threat,other_body_nonreporters,family,True,16,73,17861.81155493,81562.66891449,93177114.15017791
2018,nonharedi_jew,violence_threat,other_body_nonreporters,legal,True,2,73,2514.5143631,81562.66891449,93177114.15017791
2018,nonharedi_jew,violence_threat,other_body_nonreporters,medical,True,3,73,3382.8937830000004,81562.66891449,93177114.15017791
2018,nonharedi_jew,violence_threat,other_body_nonreporters,mental_health,True,1,73,827.00994743,81562.66891449,93177114.15017791
2018,nonharedi_jew,violence_threat,other_body_nonreporters,ngo,True,1,73,983.26503544,81562.66891449,93177114.15017791
2018,nonharedi_jew,violence_threat,other_body_nonreporters,none,True,47,73,51986.80266465999,81562.66891449,93177114.15017791
2018,nonharedi_jew,violence_threat,other_body_nonreporters,other,True,6,73,7175.3701212999995,81562.66891449,93177114.15017791
2018,nonharedi_jew,violence_threat,other_body_nonreporters,welfare,True,0,73,0.0,81562.66891449,93177114.15017791
2018,nonharedi_jew,violence_threat,other_body_nonreporters,workplace,False,0,73,0.0,81562.66891449,93177114.15017791
2018,all_20plus,cyber,reported,yes,True,20,180,21028.518387609998,195410.22188938002,219545455.35134244
2018,all_20plus,cyber,reason_not_reported,ashamed,True,1,157,867.20122894,170810.70408867,190766433.4214924
2018,all_20plus,cyber,reason_not_reported,didnt_know_police_handles,False,0,157,0.0,170810.70408867,190766433.4214924
2018,all_20plus,cyber,reason_not_reported,fear_revenge,True,1,157,1477.3229133,170810.70408867,190766433.4214924
2018,all_20plus,cyber,reason_not_reported,handled_self,False,0,157,0.0,170810.70408867,190766433.4214924
2018,all_20plus,cyber,reason_not_reported,not_worth_bothering,True,23,157,24869.41967229,170810.70408867,190766433.4214924
2018,all_20plus,cyber,reason_not_reported,other,True,30,157,34096.449330639996,170810.70408867,190766433.4214924
2018,all_20plus,cyber,reason_not_reported,personal_time,True,17,157,17445.450600059998,170810.70408867,190766433.4214924
2018,all_20plus,cyber,reason_not_reported,police_ineffective_past,True,15,157,15880.45018233,170810.70408867,190766433.4214924
2018,all_20plus,cyber,reason_not_reported,police_unable,True,23,157,25109.91188723,170810.70408867,190766433.4214924
2018,all_20plus,cyber,reason_not_reported,police_unwilling,True,24,157,25597.79502075,170810.70408867,190766433.4214924
2018,all_20plus,cyber,reason_not_reported,turned_elsewhere,True,23,157,25466.703253130003,170810.70408867,190766433.4214924
2018,all_20plus,cyber,other_body,acquaintance,True,28,175,31063.36691332,190579.90153778,214583147.01916504
2018,all_20plus,cyber,other_body,bank,False,0,175,0.0,190579.90153778,214583147.01916504
2018,all_20plus,cyber,other_body,family,True,40,175,44571.773836169996,190579.90153778,214583147.01916504
2018,all_20plus,cyber,other_body,government,False,0,175,0.0,190579.90153778,214583147.01916504
2018,all_20plus,cyber,other_body,isp,True,14,175,15153.937745000001,190579.90153778,214583147.01916504
2018,all_20plus,cyber,other_body,legal,True,5,175,5443.951781,190579.90153778,214583147.01916504
2018,all_20plus,cyber,other_body,none,True,69,175,73642.08072448999,190579.90153778,214583147.01916504
2018,all_20plus,cyber,other_body,other,True,44,175,47928.129687639994,190579.90153778,214583147.01916504
2018,all_20plus,cyber,other_body,professional,False,0,175,0.0,190579.90153778,214583147.01916504
2018,all_20plus,cyber,other_body,website,True,12,175,13496.38013701,190579.90153778,214583147.01916504
2018,all_20plus,cyber,other_body_reporters,acquaintance,True,2,19,2084.0221469999997,20531.51469863,24270751.271414284
2018,all_20plus,cyber,other_body_reporters,bank,False,0,19,0.0,20531.51469863,24270751.271414284
2018,all_20plus,cyber,other_body_reporters,family,True,9,19,10583.25004156,20531.51469863,24270751.271414284
2018,all_20plus,cyber,other_body_reporters,government,False,0,19,0.0,20531.51469863,24270751.271414284
2018,all_20plus,cyber,other_body_reporters,isp,True,1,19,728.57078821,20531.51469863,24270751.271414284
2018,all_20plus,cyber,other_body_reporters,legal,True,2,19,2117.5470578,20531.51469863,24270751.271414284
2018,all_20plus,cyber,other_body_reporters,none,True,7,19,6796.35904587,20531.51469863,24270751.271414284
2018,all_20plus,cyber,other_body_reporters,other,True,2,19,2143.269381,20531.51469863,24270751.271414284
2018,all_20plus,cyber,other_body_reporters,professional,False,0,19,0.0,20531.51469863,24270751.271414284
2018,all_20plus,cyber,other_body_reporters,website,True,1,19,1108.9108276,20531.51469863,24270751.271414284
2018,all_20plus,cyber,other_body_nonreporters,acquaintance,True,26,156,28979.344766320002,170048.38683915,190312395.74775076
2018,all_20plus,cyber,other_body_nonreporters,bank,False,0,156,0.0,170048.38683915,190312395.74775076
2018,all_20plus,cyber,other_body_nonreporters,family,True,31,156,33988.52379461,170048.38683915,190312395.74775076
2018,all_20plus,cyber,other_body_nonreporters,government,False,0,156,0.0,170048.38683915,190312395.74775076
2018,all_20plus,cyber,other_body_nonreporters,isp,True,13,156,14425.366956790001,170048.38683915,190312395.74775076
2018,all_20plus,cyber,other_body_nonreporters,legal,True,3,156,3326.4047232000003,170048.38683915,190312395.74775076
2018,all_20plus,cyber,other_body_nonreporters,none,True,62,156,66845.72167861999,170048.38683915,190312395.74775076
2018,all_20plus,cyber,other_body_nonreporters,other,True,42,156,45784.860306639996,170048.38683915,190312395.74775076
2018,all_20plus,cyber,other_body_nonreporters,professional,False,0,156,0.0,170048.38683915,190312395.74775076
2018,all_20plus,cyber,other_body_nonreporters,website,True,11,156,12387.46930941,170048.38683915,190312395.74775076
2018,all_20plus,sexual_harassment,reported,yes,True,8,136,8184.06765093,151811.3673812,174115508.60307398
2018,all_20plus,sexual_harassment,reason_not_reported,ashamed,True,10,127,12051.434755039998,142614.23494436996,164418091.535367
2018,all_20plus,sexual_harassment,reason_not_reported,fear_revenge,True,3,127,3835.3314232000002,142614.23494436996,164418091.535367
2018,all_20plus,sexual_harassment,reason_not_reported,handled_self,False,0,127,0.0,142614.23494436996,164418091.535367
2018,all_20plus,sexual_harassment,reason_not_reported,not_worth_bothering,True,28,127,31578.74889073,142614.23494436996,164418091.535367
2018,all_20plus,sexual_harassment,reason_not_reported,other,True,22,127,25169.507314980005,142614.23494436996,164418091.535367
2018,all_20plus,sexual_harassment,reason_not_reported,personal_time,True,20,127,21797.9738262,142614.23494436996,164418091.535367
2018,all_20plus,sexual_harassment,reason_not_reported,police_ineffective_past,True,10,127,10873.542981340002,142614.23494436996,164418091.535367
2018,all_20plus,sexual_harassment,reason_not_reported,police_unable,True,10,127,10857.985834660001,142614.23494436996,164418091.535367
2018,all_20plus,sexual_harassment,reason_not_reported,police_unwilling,True,16,127,17450.88011537,142614.23494436996,164418091.535367
2018,all_20plus,sexual_harassment,reason_not_reported,turned_elsewhere,True,8,127,8998.82980285,142614.23494436996,164418091.535367
2018,all_20plus,sexual_harassment,other_body,acquaintance,True,26,131,29126.10616705,146062.34221113,167407811.6603269
2018,all_20plus,sexual_harassment,other_body,family,True,29,131,33019.65883931,146062.34221113,167407811.6603269
2018,all_20plus,sexual_harassment,other_body,legal,True,3,131,3600.4854153200004,146062.34221113,167407811.6603269
2018,all_20plus,sexual_harassment,other_body,medical,True,4,131,4982.63971565,146062.34221113,167407811.6603269
2018,all_20plus,sexual_harassment,other_body,mental_health,True,8,131,8203.54270903,146062.34221113,167407811.6603269
2018,all_20plus,sexual_harassment,other_body,ngo,True,2,131,2629.6903354,146062.34221113,167407811.6603269
2018,all_20plus,sexual_harassment,other_body,none,True,72,131,81262.60313725,146062.34221113,167407811.6603269
2018,all_20plus,sexual_harassment,other_body,other,True,8,131,8569.22312771,146062.34221113,167407811.6603269
2018,all_20plus,sexual_harassment,other_body,welfare,True,4,131,4853.5376661,146062.34221113,167407811.6603269
2018,all_20plus,sexual_harassment,other_body,workplace,False,0,131,0.0,146062.34221113,167407811.6603269
2018,all_20plus,sexual_harassment,other_body_reporters,acquaintance,True,1,8,1152.3674221,8184.06765093,8671116.807276333
2018,all_20plus,sexual_harassment,other_body_reporters,family,True,2,8,1991.7742819300001,8184.06765093,8671116.807276333
2018,all_20plus,sexual_harassment,other_body_reporters,legal,True,2,8,2123.16250202,8184.06765093,8671116.807276333
2018,all_20plus,sexual_harassment,other_body_reporters,medical,True,2,8,2090.69814725,8184.06765093,8671116.807276333
2018,all_20plus,sexual_harassment,other_body_reporters,mental_health,True,3,8,2787.5710298800004,8184.06765093,8671116.807276333
2018,all_20plus,sexual_harassment,other_body_reporters,ngo,True,1,8,1152.3674221,8184.06765093,8671116.807276333
2018,all_20plus,sexual_harassment,other_body_reporters,none,True,2,8,2086.20417403,8184.06765093,8671116.807276333
2018,all_20plus,sexual_harassment,other_body_reporters,other,True,0,8,0.0,8184.06765093,8671116.807276333
2018,all_20plus,sexual_harassment,other_body_reporters,welfare,True,2,8,2196.9633899,8184.06765093,8671116.807276333
2018,all_20plus,sexual_harassment,other_body_reporters,workplace,False,0,8,0.0,8184.06765093,8671116.807276333
2018,all_20plus,sexual_harassment,other_body_nonreporters,acquaintance,True,25,122,27973.738744950002,137174.03307061997,158240738.77740473
2018,all_20plus,sexual_harassment,other_body_nonreporters,family,True,26,122,30323.6430678,137174.03307061997,158240738.77740473
2018,all_20plus,sexual_harassment,other_body_nonreporters,legal,True,1,122,1477.3229133,137174.03307061997,158240738.77740473
2018,all_20plus,sexual_harassment,other_body_nonreporters,medical,True,2,122,2891.9415684,137174.03307061997,158240738.77740473
2018,all_20plus,sexual_harassment,other_body_nonreporters,mental_health,True,5,122,5415.97167915,137174.03307061997,158240738.77740473
2018,all_20plus,sexual_harassment,other_body_nonreporters,ngo,True,1,122,1477.3229133,137174.03307061997,158240738.77740473
2018,all_20plus,sexual_harassment,other_body_nonreporters,none,True,69,122,78472.15747363999,137174.03307061997,158240738.77740473
2018,all_20plus,sexual_harassment,other_body_nonreporters,other,True,8,122,8569.22312771,137174.03307061997,158240738.77740473
2018,all_20plus,sexual_harassment,other_body_nonreporters,welfare,True,2,122,2656.5742762,137174.03307061997,158240738.77740473
2018,all_20plus,sexual_harassment,other_body_nonreporters,workplace,False,0,122,0.0,137174.03307061997,158240738.77740473
2018,all_20plus,theft,reported,yes,True,70,167,79236.78120609,191519.80149922997,228497213.4167311
2018,all_20plus,theft,reason_not_reported,handled_self,False,0,97,0.0,112283.02029314001,134121593.36989135
2018,all_20plus,theft,reason_not_reported,not_worth_bothering,True,11,97,13409.078591459998,112283.02029314001,134121593.36989135
2018,all_20plus,theft,reason_not_reported,other,True,14,97,15996.50261433,112283.02029314001,134121593.36989135
2018,all_20plus,theft,reason_not_reported,personal_time,True,18,97,22248.18026684,112283.02029314001,134121593.36989135
2018,all_20plus,theft,reason_not_reported,police_ineffective_past,True,14,97,15288.673509599997,112283.02029314001,134121593.36989135
2018,all_20plus,theft,reason_not_reported,police_unable,True,17,97,19011.436471689998,112283.02029314001,134121593.36989135
2018,all_20plus,theft,reason_not_reported,police_unwilling,True,16,97,18645.803527739998,112283.02029314001,134121593.36989135
2018,all_20plus,theft,reason_not_reported,turned_elsewhere,True,7,97,7683.3453114799995,112283.02029314001,134121593.36989135
2018,all_20plus,violence_threat,reported,yes,True,75,170,84053.80503378999,189747.21466423,217965205.6646057
2018,all_20plus,violence_threat,reason_not_reported,ashamed,True,0,94,0.0,104731.53604452999,119535989.53106764
2018,all_20plus,violence_threat,reason_not_reported,fear_revenge,True,7,94,8035.1738673400005,104731.53604452999,119535989.53106764
2018,all_20plus,violence_threat,reason_not_reported,handled_self,False,0,94,0.0,104731.53604452999,119535989.53106764
2018,all_20plus,violence_threat,reason_not_reported,not_worth_bothering,True,8,94,8373.24679888,104731.53604452999,119535989.53106764
2018,all_20plus,violence_threat,reason_not_reported,other,True,8,94,8265.15043637,104731.53604452999,119535989.53106764
2018,all_20plus,violence_threat,reason_not_reported,personal_time,True,17,94,19679.38908364,104731.53604452999,119535989.53106764
2018,all_20plus,violence_threat,reason_not_reported,police_ineffective_past,True,20,94,22438.784971520003,104731.53604452999,119535989.53106764
2018,all_20plus,violence_threat,reason_not_reported,police_unable,True,11,94,12542.1761582,104731.53604452999,119535989.53106764
2018,all_20plus,violence_threat,reason_not_reported,police_unwilling,True,12,94,13068.38524381,104731.53604452999,119535989.53106764
2018,all_20plus,violence_threat,reason_not_reported,turned_elsewhere,True,11,94,12329.22948477,104731.53604452999,119535989.53106764
2018,all_20plus,violence_threat,other_body,acquaintance,True,19,163,21925.93566936,181443.96886263,207989985.18319055
2018,all_20plus,violence_threat,other_body,family,True,40,163,44229.205981980005,181443.96886263,207989985.18319055
2018,all_20plus,violence_threat,other_body,legal,True,12,163,14232.87288201,181443.96886263,207989985.18319055
2018,all_20plus,violence_threat,other_body,medical,True,10,163,11413.10447669,181443.96886263,207989985.18319055
2018,all_20plus,violence_threat,other_body,mental_health,True,7,163,8123.5142608199985,181443.96886263,207989985.18319055
2018,all_20plus,violence_threat,other_body,ngo,True,2,163,2460.58794874,181443.96886263,207989985.18319055
2018,all_20plus,violence_threat,other_body,none,True,95,163,104733.72266282,181443.96886263,207989985.18319055
2018,all_20plus,violence_threat,other_body,other,True,13,163,15045.25387405,181443.96886263,207989985.18319055
2018,all_20plus,violence_threat,other_body,welfare,True,5,163,5488.856702890001,181443.96886263,207989985.18319055
2018,all_20plus,violence_threat,other_body,workplace,False,0,163,0.0,181443.96886263,207989985.18319055
2018,all_20plus,violence_threat,other_body_reporters,acquaintance,True,8,74,9514.32676806,82881.27663238999,96129192.48617706
2018,all_20plus,violence_threat,other_body_reporters,family,True,16,74,17581.02454256,82881.27663238999,96129192.48617706
2018,all_20plus,violence_threat,other_body_reporters,legal,True,10,74,11718.35851891,82881.27663238999,96129192.48617706
2018,all_20plus,violence_threat,other_body_reporters,medical,True,7,74,8030.210693689999,82881.27663238999,96129192.48617706
2018,all_20plus,violence_threat,other_body_reporters,mental_health,True,5,74,6063.294922089999,82881.27663238999,96129192.48617706
2018,all_20plus,violence_threat,other_body_reporters,ngo,True,1,74,1477.3229133,82881.27663238999,96129192.48617706
2018,all_20plus,violence_threat,other_body_reporters,none,True,41,74,46098.476987040005,82881.27663238999,96129192.48617706
2018,all_20plus,violence_threat,other_body_reporters,other,True,6,74,6706.981568949999,82881.27663238999,96129192.48617706
2018,all_20plus,violence_threat,other_body_reporters,welfare,True,5,74,5488.856702890001,82881.27663238999,96129192.48617706
2018,all_20plus,violence_threat,other_body_reporters,workplace,False,0,74,0.0,82881.27663238999,96129192.48617706
2018,all_20plus,violence_threat,other_body_nonreporters,acquaintance,True,11,89,12411.6089013,98562.69223024,111860792.69701348
2018,all_20plus,violence_threat,other_body_nonreporters,family,True,24,89,26648.181439420005,98562.69223024,111860792.69701348
2018,all_20plus,violence_threat,other_body_nonreporters,legal,True,2,89,2514.5143631,98562.69223024,111860792.69701348
2018,all_20plus,violence_threat,other_body_nonreporters,medical,True,3,89,3382.8937830000004,98562.69223024,111860792.69701348
2018,all_20plus,violence_threat,other_body_nonreporters,mental_health,True,2,89,2060.2193387300003,98562.69223024,111860792.69701348
2018,all_20plus,violence_threat,other_body_nonreporters,ngo,True,1,89,983.26503544,98562.69223024,111860792.69701348
2018,all_20plus,violence_threat,other_body_nonreporters,none,True,54,89,58635.24567577999,98562.69223024,111860792.69701348
2018,all_20plus,violence_threat,other_body_nonreporters,other,True,7,89,8338.2723051,98562.69223024,111860792.69701348
2018,all_20plus,violence_threat,other_body_nonreporters,welfare,True,0,89,0.0,98562.69223024,111860792.69701348
2018,all_20plus,violence_threat,other_body_nonreporters,workplace,False,0,89,0.0,98562.69223024,111860792.69701348
2019,haredi,cyber,reported,yes,True,2,12,2411.461848,13205.484840709998,14814922.049684102
2019,haredi,cyber,reason_not_reported,ashamed,True,1,10,1128.8887701,10794.022992709999,11900572.651700705
2019,haredi,cyber,reason_not_reported,didnt_know_police_handles,False,0,10,0.0,10794.022992709999,11900572.651700705
2019,haredi,cyber,reason_not_reported,fear_revenge,True,0,10,0.0,10794.022992709999,11900572.651700705
2019,haredi,cyber,reason_not_reported,handled_self,False,0,10,0.0,10794.022992709999,11900572.651700705
2019,haredi,cyber,reason_not_reported,not_worth_bothering,True,2,10,1842.1037403300002,10794.022992709999,11900572.651700705
2019,haredi,cyber,reason_not_reported,other,True,1,10,1349.667484,10794.022992709999,11900572.651700705
2019,haredi,cyber,reason_not_reported,personal_time,True,2,10,2293.61602243,10794.022992709999,11900572.651700705
2019,haredi,cyber,reason_not_reported,police_ineffective_past,True,0,10,0.0,10794.022992709999,11900572.651700705
2019,haredi,cyber,reason_not_reported,police_unable,True,2,10,2129.2134100900003,10794.022992709999,11900572.651700705
2019,haredi,cyber,reason_not_reported,police_unwilling,True,1,10,999.22365866,10794.022992709999,11900572.651700705
2019,haredi,cyber,reason_not_reported,turned_elsewhere,True,1,10,1051.3099071,10794.022992709999,11900572.651700705
2019,haredi,cyber,other_body,acquaintance,True,3,12,3327.7261829,13205.484840709998,14814922.049684102
2019,haredi,cyber,other_body,bank,False,0,12,0.0,13205.484840709998,14814922.049684102
2019,haredi,cyber,other_body,family,True,1,12,1147.5275057,13205.484840709998,14814922.049684102
2019,haredi,cyber,other_body,government,False,0,12,0.0,13205.484840709998,14814922.049684102
2019,haredi,cyber,other_body,isp,True,0,12,0.0,13205.484840709998,14814922.049684102
2019,haredi,cyber,other_body,legal,True,1,12,1263.9343423,13205.484840709998,14814922.049684102
2019,haredi,cyber,other_body,none,True,5,12,4920.3390185200005,13205.484840709998,14814922.049684102
2019,haredi,cyber,other_body,other,True,2,12,2710.6719324,13205.484840709998,14814922.049684102
2019,haredi,cyber,other_body,professional,False,0,12,0.0,13205.484840709998,14814922.049684102
2019,haredi,cyber,other_body,website,True,1,12,982.81336459,13205.484840709998,14814922.049684102
2019,haredi,cyber,other_body_reporters,acquaintance,True,1,2,1147.5275057,2411.461848,2914349.397983397
2019,haredi,cyber,other_body_reporters,bank,False,0,2,0.0,2411.461848,2914349.397983397
2019,haredi,cyber,other_body_reporters,family,True,1,2,1147.5275057,2411.461848,2914349.397983397
2019,haredi,cyber,other_body_reporters,government,False,0,2,0.0,2411.461848,2914349.397983397
2019,haredi,cyber,other_body_reporters,isp,True,0,2,0.0,2411.461848,2914349.397983397
2019,haredi,cyber,other_body_reporters,legal,True,1,2,1263.9343423,2411.461848,2914349.397983397
2019,haredi,cyber,other_body_reporters,none,True,0,2,0.0,2411.461848,2914349.397983397
2019,haredi,cyber,other_body_reporters,other,True,0,2,0.0,2411.461848,2914349.397983397
2019,haredi,cyber,other_body_reporters,professional,False,0,2,0.0,2411.461848,2914349.397983397
2019,haredi,cyber,other_body_reporters,website,True,0,2,0.0,2411.461848,2914349.397983397
2019,haredi,cyber,other_body_nonreporters,acquaintance,True,2,10,2180.1986772,10794.022992709999,11900572.651700705
2019,haredi,cyber,other_body_nonreporters,bank,False,0,10,0.0,10794.022992709999,11900572.651700705
2019,haredi,cyber,other_body_nonreporters,family,True,0,10,0.0,10794.022992709999,11900572.651700705
2019,haredi,cyber,other_body_nonreporters,government,False,0,10,0.0,10794.022992709999,11900572.651700705
2019,haredi,cyber,other_body_nonreporters,isp,True,0,10,0.0,10794.022992709999,11900572.651700705
2019,haredi,cyber,other_body_nonreporters,legal,True,0,10,0.0,10794.022992709999,11900572.651700705
2019,haredi,cyber,other_body_nonreporters,none,True,5,10,4920.3390185200005,10794.022992709999,11900572.651700705
2019,haredi,cyber,other_body_nonreporters,other,True,2,10,2710.6719324,10794.022992709999,11900572.651700705
2019,haredi,cyber,other_body_nonreporters,professional,False,0,10,0.0,10794.022992709999,11900572.651700705
2019,haredi,cyber,other_body_nonreporters,website,True,1,10,982.81336459,10794.022992709999,11900572.651700705
2019,haredi,sexual_harassment,reported,yes,True,0,7,0.0,7117.9421003,7351244.888900328
2019,haredi,sexual_harassment,reason_not_reported,ashamed,True,0,7,0.0,7117.9421003,7351244.888900328
2019,haredi,sexual_harassment,reason_not_reported,fear_revenge,True,1,7,1130.3791417,7117.9421003,7351244.888900328
2019,haredi,sexual_harassment,reason_not_reported,handled_self,False,0,7,0.0,7117.9421003,7351244.888900328
2019,haredi,sexual_harassment,reason_not_reported,not_worth_bothering,True,2,7,1787.9775584600002,7117.9421003,7351244.888900328
2019,haredi,sexual_harassment,reason_not_reported,other,True,0,7,0.0,7117.9421003,7351244.888900328
2019,haredi,sexual_harassment,reason_not_reported,personal_time,True,2,7,2330.1433472999997,7117.9421003,7351244.888900328
2019,haredi,sexual_harassment,reason_not_reported,police_ineffective_past,True,1,7,875.29586372,7117.9421003,7351244.888900328
2019,haredi,sexual_harassment,reason_not_reported,police_unable,True,1,7,994.14618912,7117.9421003,7351244.888900328
2019,haredi,sexual_harassment,reason_not_reported,police_unwilling,True,0,7,0.0,7117.9421003,7351244.888900328
2019,haredi,sexual_harassment,reason_not_reported,turned_elsewhere,True,0,7,0.0,7117.9421003,7351244.888900328
2019,haredi,sexual_harassment,other_body,acquaintance,True,1,7,1202.6154195,7117.9421003,7351244.888900328
2019,haredi,sexual_harassment,other_body,family,True,2,7,2330.1433472999997,7117.9421003,7351244.888900328
2019,haredi,sexual_harassment,other_body,legal,True,0,7,0.0,7117.9421003,7351244.888900328
2019,haredi,sexual_harassment,other_body,medical,True,1,7,1130.3791417,7117.9421003,7351244.888900328
2019,haredi,sexual_harassment,other_body,mental_health,True,0,7,0.0,7117.9421003,7351244.888900328
2019,haredi,sexual_harassment,other_body,ngo,True,0,7,0.0,7117.9421003,7351244.888900328
2019,haredi,sexual_harassment,other_body,none,True,4,7,3657.4196113000003,7117.9421003,7351244.888900328
2019,haredi,sexual_harassment,other_body,other,True,0,7,0.0,7117.9421003,7351244.888900328
2019,haredi,sexual_harassment,other_body,welfare,True,0,7,0.0,7117.9421003,7351244.888900328
2019,haredi,sexual_harassment,other_body,workplace,False,0,7,0.0,7117.9421003,7351244.888900328
2019,haredi,sexual_harassment,other_body_reporters,acquaintance,True,0,0,0.0,0.0,0.0
2019,haredi,sexual_harassment,other_body_reporters,family,True,0,0,0.0,0.0,0.0
2019,haredi,sexual_harassment,other_body_reporters,legal,True,0,0,0.0,0.0,0.0
2019,haredi,sexual_harassment,other_body_reporters,medical,True,0,0,0.0,0.0,0.0
2019,haredi,sexual_harassment,other_body_reporters,mental_health,True,0,0,0.0,0.0,0.0
2019,haredi,sexual_harassment,other_body_reporters,ngo,True,0,0,0.0,0.0,0.0
2019,haredi,sexual_harassment,other_body_reporters,none,True,0,0,0.0,0.0,0.0
2019,haredi,sexual_harassment,other_body_reporters,other,True,0,0,0.0,0.0,0.0
2019,haredi,sexual_harassment,other_body_reporters,welfare,True,0,0,0.0,0.0,0.0
2019,haredi,sexual_harassment,other_body_reporters,workplace,False,0,0,0.0,0.0,0.0
2019,haredi,sexual_harassment,other_body_nonreporters,acquaintance,True,1,7,1202.6154195,7117.9421003,7351244.888900328
2019,haredi,sexual_harassment,other_body_nonreporters,family,True,2,7,2330.1433472999997,7117.9421003,7351244.888900328
2019,haredi,sexual_harassment,other_body_nonreporters,legal,True,0,7,0.0,7117.9421003,7351244.888900328
2019,haredi,sexual_harassment,other_body_nonreporters,medical,True,1,7,1130.3791417,7117.9421003,7351244.888900328
2019,haredi,sexual_harassment,other_body_nonreporters,mental_health,True,0,7,0.0,7117.9421003,7351244.888900328
2019,haredi,sexual_harassment,other_body_nonreporters,ngo,True,0,7,0.0,7117.9421003,7351244.888900328
2019,haredi,sexual_harassment,other_body_nonreporters,none,True,4,7,3657.4196113000003,7117.9421003,7351244.888900328
2019,haredi,sexual_harassment,other_body_nonreporters,other,True,0,7,0.0,7117.9421003,7351244.888900328
2019,haredi,sexual_harassment,other_body_nonreporters,welfare,True,0,7,0.0,7117.9421003,7351244.888900328
2019,haredi,sexual_harassment,other_body_nonreporters,workplace,False,0,7,0.0,7117.9421003,7351244.888900328
2019,haredi,theft,reported,yes,True,8,23,8088.85009532,24118.40550008,25711528.542322718
2019,haredi,theft,reason_not_reported,handled_self,False,0,15,0.0,16029.555404760002,17463183.636226304
2019,haredi,theft,reason_not_reported,not_worth_bothering,True,7,15,7291.000799410001,16029.555404760002,17463183.636226304
2019,haredi,theft,reason_not_reported,other,True,0,15,0.0,16029.555404760002,17463183.636226304
2019,haredi,theft,reason_not_reported,personal_time,True,1,15,1004.1651061,16029.555404760002,17463183.636226304
2019,haredi,theft,reason_not_reported,police_ineffective_past,True,1,15,1111.8601681,16029.555404760002,17463183.636226304
2019,haredi,theft,reason_not_reported,police_unable,True,6,15,6622.52933115,16029.555404760002,17463183.636226304
2019,haredi,theft,reason_not_reported,police_unwilling,True,0,15,0.0,16029.555404760002,17463183.636226304
2019,haredi,theft,reason_not_reported,turned_elsewhere,True,0,15,0.0,16029.555404760002,17463183.636226304
2019,haredi,violence_threat,reported,yes,True,9,14,8995.2893081,14109.64587546,14378098.393233908
2019,haredi,violence_threat,reason_not_reported,ashamed,True,0,5,0.0,5114.35656736,5338326.031207862
2019,haredi,violence_threat,reason_not_reported,fear_revenge,True,1,5,900.45321298,5114.35656736,5338326.031207862
2019,haredi,violence_threat,reason_not_reported,handled_self,False,0,5,0.0,5114.35656736,5338326.031207862
2019,haredi,violence_threat,reason_not_reported,not_worth_bothering,True,0,5,0.0,5114.35656736,5338326.031207862
2019,haredi,violence_threat,reason_not_reported,other,True,0,5,0.0,5114.35656736,5338326.031207862
2019,haredi,violence_threat,reason_not_reported,personal_time,True,0,5,0.0,5114.35656736,5338326.031207862
2019,haredi,violence_threat,reason_not_reported,police_ineffective_past,True,2,5,1931.80755912,5114.35656736,5338326.031207862
2019,haredi,violence_threat,reason_not_reported,police_unable,True,1,5,1282.8721366,5114.35656736,5338326.031207862
2019,haredi,violence_threat,reason_not_reported,police_unwilling,True,1,5,999.22365866,5114.35656736,5338326.031207862
2019,haredi,violence_threat,reason_not_reported,turned_elsewhere,True,0,5,0.0,5114.35656736,5338326.031207862
2019,haredi,violence_threat,other_body,acquaintance,True,4,12,4272.65692489,12172.456222980001,12499870.267645294
2019,haredi,violence_threat,other_body,family,True,5,12,5375.31867834,12172.456222980001,12499870.267645294
2019,haredi,violence_threat,other_body,legal,True,1,12,1178.6273114,12172.456222980001,12499870.267645294
2019,haredi,violence_threat,other_body,medical,True,2,12,2306.4201267999997,12172.456222980001,12499870.267645294
2019,haredi,violence_threat,other_body,mental_health,True,1,12,1178.6273114,12172.456222980001,12499870.267645294
2019,haredi,violence_threat,other_body,ngo,True,0,12,0.0,12172.456222980001,12499870.267645294
2019,haredi,violence_threat,other_body,none,True,2,12,1965.93621138,12172.456222980001,12499870.267645294
2019,haredi,violence_threat,other_body,other,True,3,12,2907.2001300800002,12172.456222980001,12499870.267645294
2019,haredi,violence_threat,other_body,welfare,True,1,12,1178.6273114,12172.456222980001,12499870.267645294
2019,haredi,violence_threat,other_body,workplace,False,0,12,0.0,12172.456222980001,12499870.267645294
2019,haredi,violence_threat,other_body_reporters,acquaintance,True,2,8,2089.33157531,8057.32331428,8159992.156463308
2019,haredi,violence_threat,other_body_reporters,family,True,3,8,3033.37361274,8057.32331428,8159992.156463308
2019,haredi,violence_threat,other_body_reporters,legal,True,1,8,1178.6273114,8057.32331428,8159992.156463308
2019,haredi,violence_threat,other_body_reporters,medical,True,1,8,1023.5479902,8057.32331428,8159992.156463308
2019,haredi,violence_threat,other_body_reporters,mental_health,True,1,8,1178.6273114,8057.32331428,8159992.156463308
2019,haredi,violence_threat,other_body_reporters,ngo,True,0,8,0.0,8057.32331428,8159992.156463308
2019,haredi,violence_threat,other_body_reporters,none,True,2,8,1965.93621138,8057.32331428,8159992.156463308
2019,haredi,violence_threat,other_body_reporters,other,True,2,8,2034.46549996,8057.32331428,8159992.156463308
2019,haredi,violence_threat,other_body_reporters,welfare,True,1,8,1178.6273114,8057.32331428,8159992.156463308
2019,haredi,violence_threat,other_body_reporters,workplace,False,0,8,0.0,8057.32331428,8159992.156463308
2019,haredi,violence_threat,other_body_nonreporters,acquaintance,True,2,4,2183.32534958,4115.1329086999995,4339878.1111819865
2019,haredi,violence_threat,other_body_nonreporters,family,True,2,4,2341.9450656,4115.1329086999995,4339878.1111819865
2019,haredi,violence_threat,other_body_nonreporters,legal,True,0,4,0.0,4115.1329086999995,4339878.1111819865
2019,haredi,violence_threat,other_body_nonreporters,medical,True,1,4,1282.8721366,4115.1329086999995,4339878.1111819865
2019,haredi,violence_threat,other_body_nonreporters,mental_health,True,0,4,0.0,4115.1329086999995,4339878.1111819865
2019,haredi,violence_threat,other_body_nonreporters,ngo,True,0,4,0.0,4115.1329086999995,4339878.1111819865
2019,haredi,violence_threat,other_body_nonreporters,none,True,0,4,0.0,4115.1329086999995,4339878.1111819865
2019,haredi,violence_threat,other_body_nonreporters,other,True,1,4,872.73463012,4115.1329086999995,4339878.1111819865
2019,haredi,violence_threat,other_body_nonreporters,welfare,True,0,4,0.0,4115.1329086999995,4339878.1111819865
2019,haredi,violence_threat,other_body_nonreporters,workplace,False,0,4,0.0,4115.1329086999995,4339878.1111819865
2019,nonharedi_jew,cyber,reported,yes,True,15,156,17370.99284663,176399.72194521,204561331.77505574
2019,nonharedi_jew,cyber,reason_not_reported,ashamed,True,0,140,0.0,157982.04203597998,182209137.9920919
2019,nonharedi_jew,cyber,reason_not_reported,didnt_know_police_handles,False,0,140,0.0,157982.04203597998,182209137.9920919
2019,nonharedi_jew,cyber,reason_not_reported,fear_revenge,True,2,140,1775.11853636,157982.04203597998,182209137.9920919
2019,nonharedi_jew,cyber,reason_not_reported,handled_self,False,0,140,0.0,157982.04203597998,182209137.9920919
2019,nonharedi_jew,cyber,reason_not_reported,not_worth_bothering,True,25,140,28193.08700696,157982.04203597998,182209137.9920919
2019,nonharedi_jew,cyber,reason_not_reported,other,True,12,140,13304.82148544,157982.04203597998,182209137.9920919
2019,nonharedi_jew,cyber,reason_not_reported,personal_time,True,11,140,11977.753149809998,157982.04203597998,182209137.9920919
2019,nonharedi_jew,cyber,reason_not_reported,police_ineffective_past,True,14,140,15084.17691344,157982.04203597998,182209137.9920919
2019,nonharedi_jew,cyber,reason_not_reported,police_unable,True,17,140,19048.188947289997,157982.04203597998,182209137.9920919
2019,nonharedi_jew,cyber,reason_not_reported,police_unwilling,True,13,140,16029.019482099999,157982.04203597998,182209137.9920919
2019,nonharedi_jew,cyber,reason_not_reported,turned_elsewhere,True,46,140,52569.876514580006,157982.04203597998,182209137.9920919
2019,nonharedi_jew,cyber,other_body,acquaintance,True,30,155,35365.819652700004,175297.86331911,203347239.34314477
2019,nonharedi_jew,cyber,other_body,bank,False,0,155,0.0,175297.86331911,203347239.34314477
2019,nonharedi_jew,cyber,other_body,family,True,33,155,38207.813202720004,175297.86331911,203347239.34314477
2019,nonharedi_jew,cyber,other_body,government,False,0,155,0.0,175297.86331911,203347239.34314477
2019,nonharedi_jew,cyber,other_body,isp,True,15,155,15212.645650729999,175297.86331911,203347239.34314477
2019,nonharedi_jew,cyber,other_body,legal,True,2,155,2095.5103319199998,175297.86331911,203347239.34314477
2019,nonharedi_jew,cyber,other_body,none,True,55,155,62700.36946819,175297.86331911,203347239.34314477
2019,nonharedi_jew,cyber,other_body,other,True,42,155,48301.243314290004,175297.86331911,203347239.34314477
2019,nonharedi_jew,cyber,other_body,professional,False,0,155,0.0,175297.86331911,203347239.34314477
2019,nonharedi_jew,cyber,other_body,website,True,18,155,20115.71756133,175297.86331911,203347239.34314477
2019,nonharedi_jew,cyber,other_body_reporters,acquaintance,True,4,15,5291.61501302,17370.99284663,21256639.975949638
2019,nonharedi_jew,cyber,other_body_reporters,bank,False,0,15,0.0,17370.99284663,21256639.975949638
2019,nonharedi_jew,cyber,other_body_reporters,family,True,2,15,3253.2629829,17370.99284663,21256639.975949638
2019,nonharedi_jew,cyber,other_body_reporters,government,False,0,15,0.0,17370.99284663,21256639.975949638
2019,nonharedi_jew,cyber,other_body_reporters,isp,True,1,15,900.41170318,17370.99284663,21256639.975949638
2019,nonharedi_jew,cyber,other_body_reporters,legal,True,0,15,0.0,17370.99284663,21256639.975949638
2019,nonharedi_jew,cyber,other_body_reporters,none,True,5,15,5960.9519803,17370.99284663,21256639.975949638
2019,nonharedi_jew,cyber,other_body_reporters,other,True,4,15,4323.91158693,17370.99284663,21256639.975949638
2019,nonharedi_jew,cyber,other_body_reporters,professional,False,0,15,0.0,17370.99284663,21256639.975949638
2019,nonharedi_jew,cyber,other_body_reporters,website,True,2,15,1914.18635158,17370.99284663,21256639.975949638
2019,nonharedi_jew,cyber,other_body_nonreporters,acquaintance,True,26,140,30074.20463968,157926.87047248,182090599.36719513
2019,nonharedi_jew,cyber,other_body_nonreporters,bank,False,0,140,0.0,157926.87047248,182090599.36719513
2019,nonharedi_jew,cyber,other_body_nonreporters,family,True,31,140,34954.550219820005,157926.87047248,182090599.36719513
2019,nonharedi_jew,cyber,other_body_nonreporters,government,False,0,140,0.0,157926.87047248,182090599.36719513
2019,nonharedi_jew,cyber,other_body_nonreporters,isp,True,14,140,14312.233947549998,157926.87047248,182090599.36719513
2019,nonharedi_jew,cyber,other_body_nonreporters,legal,True,2,140,2095.5103319199998,157926.87047248,182090599.36719513
2019,nonharedi_jew,cyber,other_body_nonreporters,none,True,50,140,56739.41748789,157926.87047248,182090599.36719513
2019,nonharedi_jew,cyber,other_body_nonreporters,other,True,38,140,43977.331727360004,157926.87047248,182090599.36719513
2019,nonharedi_jew,cyber,other_body_nonreporters,professional,False,0,140,0.0,157926.87047248,182090599.36719513
2019,nonharedi_jew,cyber,other_body_nonreporters,website,True,16,140,18201.53120975,157926.87047248,182090599.36719513
2019,nonharedi_jew,sexual_harassment,reported,yes,True,4,97,4020.0632211700004,106576.87338455,119715643.042869
2019,nonharedi_jew,sexual_harassment,reason_not_reported,ashamed,True,3,93,3103.53225528,102556.81016338,115669782.5679561
2019,nonharedi_jew,sexual_harassment,reason_not_reported,fear_revenge,True,1,93,1118.8056794,102556.81016338,115669782.5679561
2019,nonharedi_jew,sexual_harassment,reason_not_reported,handled_self,False,0,93,0.0,102556.81016338,115669782.5679561
2019,nonharedi_jew,sexual_harassment,reason_not_reported,not_worth_bothering,True,27,93,30009.133421480004,102556.81016338,115669782.5679561
2019,nonharedi_jew,sexual_harassment,reason_not_reported,other,True,6,93,6524.7353018,102556.81016338,115669782.5679561
2019,nonharedi_jew,sexual_harassment,reason_not_reported,personal_time,True,16,93,18267.04370551,102556.81016338,115669782.5679561
2019,nonharedi_jew,sexual_harassment,reason_not_reported,police_ineffective_past,True,13,93,14737.066870839997,102556.81016338,115669782.5679561
2019,nonharedi_jew,sexual_harassment,reason_not_reported,police_unable,True,10,93,10704.37145221,102556.81016338,115669782.5679561
2019,nonharedi_jew,sexual_harassment,reason_not_reported,police_unwilling,True,13,93,13950.12607323,102556.81016338,115669782.5679561
2019,nonharedi_jew,sexual_harassment,reason_not_reported,turned_elsewhere,True,4,93,4141.99540363,102556.81016338,115669782.5679561
2019,nonharedi_jew,sexual_harassment,other_body,acquaintance,True,23,93,25059.607401200003,102098.42969915,114676145.43147914
2019,nonharedi_jew,sexual_harassment,other_body,family,True,18,93,19941.28449592,102098.42969915,114676145.43147914
2019,nonharedi_jew,sexual_harassment,other_body,legal,True,0,93,0.0,102098.42969915,114676145.43147914
2019,nonharedi_jew,sexual_harassment,other_body,medical,True,2,93,2251.9069915,102098.42969915,114676145.43147914
2019,nonharedi_jew,sexual_harassment,other_body,mental_health,True,7,93,7306.2197877300005,102098.42969915,114676145.43147914
2019,nonharedi_jew,sexual_harassment,other_body,ngo,True,0,93,0.0,102098.42969915,114676145.43147914
2019,nonharedi_jew,sexual_harassment,other_body,none,True,57,93,62670.72846774001,102098.42969915,114676145.43147914
2019,nonharedi_jew,sexual_harassment,other_body,other,True,3,93,3142.85944311,102098.42969915,114676145.43147914
2019,nonharedi_jew,sexual_harassment,other_body,welfare,True,1,93,849.66531662,102098.42969915,114676145.43147914
2019,nonharedi_jew,sexual_harassment,other_body,workplace,False,0,93,0.0,102098.42969915,114676145.43147914
2019,nonharedi_jew,sexual_harassment,other_body_reporters,acquaintance,True,0,3,0.0,3004.56519147,3014624.2265883274
2019,nonharedi_jew,sexual_harassment,other_body_reporters,family,True,0,3,0.0,3004.56519147,3014624.2265883274
2019,nonharedi_jew,sexual_harassment,other_body_reporters,legal,True,0,3,0.0,3004.56519147,3014624.2265883274
2019,nonharedi_jew,sexual_harassment,other_body_reporters,medical,True,0,3,0.0,3004.56519147,3014624.2265883274
2019,nonharedi_jew,sexual_harassment,other_body_reporters,mental_health,True,1,3,1046.6870626,3004.56519147,3014624.2265883274
2019,nonharedi_jew,sexual_harassment,other_body_reporters,ngo,True,0,3,0.0,3004.56519147,3014624.2265883274
2019,nonharedi_jew,sexual_harassment,other_body_reporters,none,True,2,3,1957.8781288700002,3004.56519147,3014624.2265883274
2019,nonharedi_jew,sexual_harassment,other_body_reporters,other,True,0,3,0.0,3004.56519147,3014624.2265883274
2019,nonharedi_jew,sexual_harassment,other_body_reporters,welfare,True,0,3,0.0,3004.56519147,3014624.2265883274
2019,nonharedi_jew,sexual_harassment,other_body_reporters,workplace,False,0,3,0.0,3004.56519147,3014624.2265883274
2019,nonharedi_jew,sexual_harassment,other_body_nonreporters,acquaintance,True,23,90,25059.607401200003,99093.86450768,111661521.20489083
2019,nonharedi_jew,sexual_harassment,other_body_nonreporters,family,True,18,90,19941.28449592,99093.86450768,111661521.20489083
2019,nonharedi_jew,sexual_harassment,other_body_nonreporters,legal,True,0,90,0.0,99093.86450768,111661521.20489083
2019,nonharedi_jew,sexual_harassment,other_body_nonreporters,medical,True,2,90,2251.9069915,99093.86450768,111661521.20489083
2019,nonharedi_jew,sexual_harassment,other_body_nonreporters,mental_health,True,6,90,6259.5327251300005,99093.86450768,111661521.20489083
2019,nonharedi_jew,sexual_harassment,other_body_nonreporters,ngo,True,0,90,0.0,99093.86450768,111661521.20489083
2019,nonharedi_jew,sexual_harassment,other_body_nonreporters,none,True,55,90,60712.850338870005,99093.86450768,111661521.20489083
2019,nonharedi_jew,sexual_harassment,other_body_nonreporters,other,True,3,90,3142.85944311,99093.86450768,111661521.20489083
2019,nonharedi_jew,sexual_harassment,other_body_nonreporters,welfare,True,1,90,849.66531662,99093.86450768,111661521.20489083
2019,nonharedi_jew,sexual_harassment,other_body_nonreporters,workplace,False,0,90,0.0,99093.86450768,111661521.20489083
2019,nonharedi_jew,theft,reported,yes,True,33,111,37304.393644129996,126439.33463939001,148921487.2433316
2019,nonharedi_jew,theft,reason_not_reported,handled_self,False,0,73,0.0,83678.40443145999,98894458.15619615
2019,nonharedi_jew,theft,reason_not_reported,not_worth_bothering,True,7,73,7963.39466582,83678.40443145999,98894458.15619615
2019,nonharedi_jew,theft,reason_not_reported,other,True,4,73,4071.6700522700003,83678.40443145999,98894458.15619615
2019,nonharedi_jew,theft,reason_not_reported,personal_time,True,13,73,14290.53680093,83678.40443145999,98894458.15619615
2019,nonharedi_jew,theft,reason_not_reported,police_ineffective_past,True,16,73,17878.63180727,83678.40443145999,98894458.15619615
2019,nonharedi_jew,theft,reason_not_reported,police_unable,True,19,73,22682.76491052,83678.40443145999,98894458.15619615
2019,nonharedi_jew,theft,reason_not_reported,police_unwilling,True,11,73,13625.907580670002,83678.40443145999,98894458.15619615
2019,nonharedi_jew,theft,reason_not_reported,turned_elsewhere,True,3,73,3165.4986139800003,83678.40443145999,98894458.15619615
2019,nonharedi_jew,violence_threat,reported,yes,True,48,123,53160.360275009996,138833.26513922,161612937.12843984
2019,nonharedi_jew,violence_threat,reason_not_reported,ashamed,True,0,73,0.0,83440.02841171,98415374.621024
2019,nonharedi_jew,violence_threat,reason_not_reported,fear_revenge,True,4,73,5091.7591742,83440.02841171,98415374.621024
2019,nonharedi_jew,violence_threat,reason_not_reported,handled_self,False,0,73,0.0,83440.02841171,98415374.621024
2019,nonharedi_jew,violence_threat,reason_not_reported,not_worth_bothering,True,9,73,10555.71145376,83440.02841171,98415374.621024
2019,nonharedi_jew,violence_threat,reason_not_reported,other,True,0,73,0.0,83440.02841171,98415374.621024
2019,nonharedi_jew,violence_threat,reason_not_reported,personal_time,True,13,73,14511.98481275,83440.02841171,98415374.621024
2019,nonharedi_jew,violence_threat,reason_not_reported,police_ineffective_past,True,19,73,20960.371911370003,83440.02841171,98415374.621024
2019,nonharedi_jew,violence_threat,reason_not_reported,police_unable,True,11,73,12244.2840002,83440.02841171,98415374.621024
2019,nonharedi_jew,violence_threat,reason_not_reported,police_unwilling,True,8,73,8944.7380696,83440.02841171,98415374.621024
2019,nonharedi_jew,violence_threat,reason_not_reported,turned_elsewhere,True,9,73,11131.17898983,83440.02841171,98415374.621024
2019,nonharedi_jew,violence_threat,other_body,acquaintance,True,24,117,28742.589644189997,132623.33177865,154998692.21820918
2019,nonharedi_jew,violence_threat,other_body,family,True,31,117,37891.88268503,132623.33177865,154998692.21820918
2019,nonharedi_jew,violence_threat,other_body,legal,True,3,117,3157.54849081,132623.33177865,154998692.21820918
2019,nonharedi_jew,violence_threat,other_body,medical,True,5,117,7164.3012231,132623.33177865,154998692.21820918
2019,nonharedi_jew,violence_threat,other_body,mental_health,True,5,117,5791.9906729,132623.33177865,154998692.21820918
2019,nonharedi_jew,violence_threat,other_body,ngo,True,1,117,1013.0359829,132623.33177865,154998692.21820918
2019,nonharedi_jew,violence_threat,other_body,none,True,60,117,66138.21863628,132623.33177865,154998692.21820918
2019,nonharedi_jew,violence_threat,other_body,other,True,15,117,16312.70186044,132623.33177865,154998692.21820918
2019,nonharedi_jew,violence_threat,other_body,welfare,True,4,117,4403.39367592,132623.33177865,154998692.21820918
2019,nonharedi_jew,violence_threat,other_body,workplace,False,0,117,0.0,132623.33177865,154998692.21820918
2019,nonharedi_jew,violence_threat,other_body_reporters,acquaintance,True,8,46,9005.48549886,51017.360731810004,58399388.10882523
2019,nonharedi_jew,violence_threat,other_body_reporters,family,True,9,46,10953.17475898,51017.360731810004,58399388.10882523
2019,nonharedi_jew,violence_threat,other_body_reporters,legal,True,2,46,2139.01649241,51017.360731810004,58399388.10882523
2019,nonharedi_jew,violence_threat,other_body_reporters,medical,True,4,46,5839.951801300001,51017.360731810004,58399388.10882523
2019,nonharedi_jew,violence_threat,other_body_reporters,mental_health,True,3,46,3776.3072254,51017.360731810004,58399388.10882523
2019,nonharedi_jew,violence_threat,other_body_reporters,ngo,True,0,46,0.0,51017.360731810004,58399388.10882523
2019,nonharedi_jew,violence_threat,other_body_reporters,none,True,22,46,23122.493872049996,51017.360731810004,58399388.10882523
2019,nonharedi_jew,violence_threat,other_body_reporters,other,True,9,46,10219.18871941,51017.360731810004,58399388.10882523
2019,nonharedi_jew,violence_threat,other_body_reporters,welfare,True,3,46,3400.74621132,51017.360731810004,58399388.10882523
2019,nonharedi_jew,violence_threat,other_body_reporters,workplace,False,0,46,0.0,51017.360731810004,58399388.10882523
2019,nonharedi_jew,violence_threat,other_body_nonreporters,acquaintance,True,16,69,19737.10414533,79549.63691394,94483746.57616194
2019,nonharedi_jew,violence_threat,other_body_nonreporters,family,True,22,69,26938.707926049992,79549.63691394,94483746.57616194
2019,nonharedi_jew,violence_threat,other_body_nonreporters,legal,True,1,69,1018.5319984,79549.63691394,94483746.57616194
2019,nonharedi_jew,violence_threat,other_body_nonreporters,medical,True,1,69,1324.3494218,79549.63691394,94483746.57616194
2019,nonharedi_jew,violence_threat,other_body_nonreporters,mental_health,True,1,69,1013.0359829,79549.63691394,94483746.57616194
2019,nonharedi_jew,violence_threat,other_body_nonreporters,ngo,True,1,69,1013.0359829,79549.63691394,94483746.57616194
2019,nonharedi_jew,violence_threat,other_body_nonreporters,none,True,38,69,43015.72476423,79549.63691394,94483746.57616194
2019,nonharedi_jew,violence_threat,other_body_nonreporters,other,True,5,69,5039.82647273,79549.63691394,94483746.57616194
2019,nonharedi_jew,violence_threat,other_body_nonreporters,welfare,True,0,69,0.0,79549.63691394,94483746.57616194
2019,nonharedi_jew,violence_threat,other_body_nonreporters,workplace,False,0,69,0.0,79549.63691394,94483746.57616194
2019,all_20plus,cyber,reported,yes,True,27,201,29493.751065090004,223373.71261435,258080319.24118677
2019,all_20plus,cyber,reason_not_reported,ashamed,True,2,173,2477.4832854,192833.27448666,221798449.40136358
2019,all_20plus,cyber,reason_not_reported,didnt_know_police_handles,False,0,173,0.0,192833.27448666,221798449.40136358
2019,all_20plus,cyber,reason_not_reported,fear_revenge,True,3,173,2674.20243959,192833.27448666,221798449.40136358
2019,all_20plus,cyber,reason_not_reported,handled_self,False,0,173,0.0,192833.27448666,221798449.40136358
2019,all_20plus,cyber,reason_not_reported,not_worth_bothering,True,28,173,31262.43859269,192833.27448666,221798449.40136358
2019,all_20plus,cyber,reason_not_reported,other,True,17,173,20084.511105089998,192833.27448666,221798449.40136358
2019,all_20plus,cyber,reason_not_reported,personal_time,True,15,173,15485.37048914,192833.27448666,221798449.40136358
2019,all_20plus,cyber,reason_not_reported,police_ineffective_past,True,16,173,16837.56159476,192833.27448666,221798449.40136358
2019,all_20plus,cyber,reason_not_reported,police_unable,True,24,173,26154.642818350003,192833.27448666,221798449.40136358
2019,all_20plus,cyber,reason_not_reported,police_unwilling,True,18,173,21095.44685955,192833.27448666,221798449.40136358
2019,all_20plus,cyber,reason_not_reported,turned_elsewhere,True,50,173,56761.61730209,192833.27448666,221798449.40136358
2019,all_20plus,cyber,other_body,acquaintance,True,41,199,47329.873787950004,221372.77008502,256057874.94422853
2019,all_20plus,cyber,other_body,bank,False,0,199,0.0,221372.77008502,256057874.94422853
2019,all_20plus,cyber,other_body,family,True,44,199,49923.45677419,221372.77008502,256057874.94422853
2019,all_20plus,cyber,other_body,government,False,0,199,0.0,221372.77008502,256057874.94422853
2019,all_20plus,cyber,other_body,isp,True,21,199,20998.833065640003,221372.77008502,256057874.94422853
2019,all_20plus,cyber,other_body,legal,True,3,199,3359.44467422,221372.77008502,256057874.94422853
2019,all_20plus,cyber,other_body,none,True,73,199,81331.5985005,221372.77008502,256057874.94422853
2019,all_20plus,cyber,other_body,other,True,48,199,55552.7289168,221372.77008502,256057874.94422853
2019,all_20plus,cyber,other_body,professional,False,0,199,0.0,221372.77008502,256057874.94422853
2019,all_20plus,cyber,other_body,website,True,22,199,24185.79257526,221372.77008502,256057874.94422853
2019,all_20plus,cyber,other_body_reporters,acquaintance,True,8,27,9544.85624438,29493.751065090004,35186316.03280894
2019,all_20plus,cyber,other_body_reporters,bank,False,0,27,0.0,29493.751065090004,35186316.03280894
2019,all_20plus,cyber,other_body_reporters,family,True,6,27,6558.01969423,29493.751065090004,35186316.03280894
2019,all_20plus,cyber,other_body_reporters,government,False,0,27,0.0,29493.751065090004,35186316.03280894
2019,all_20plus,cyber,other_body_reporters,isp,True,3,27,2826.04332022,29493.751065090004,35186316.03280894
2019,all_20plus,cyber,other_body_reporters,legal,True,1,27,1263.9343423,29493.751065090004,35186316.03280894
2019,all_20plus,cyber,other_body_reporters,none,True,8,27,9417.57620707,29493.751065090004,35186316.03280894
2019,all_20plus,cyber,other_body_reporters,other,True,4,27,4323.91158693,29493.751065090004,35186316.03280894
2019,all_20plus,cyber,other_body_reporters,professional,False,0,27,0.0,29493.751065090004,35186316.03280894
2019,all_20plus,cyber,other_body_reporters,website,True,2,27,1914.18635158,29493.751065090004,35186316.03280894
2019,all_20plus,cyber,other_body_nonreporters,acquaintance,True,33,172,37785.01754357,191879.01901992998,220871558.91141957
2019,all_20plus,cyber,other_body_nonreporters,bank,False,0,172,0.0,191879.01901992998,220871558.91141957
2019,all_20plus,cyber,other_body_nonreporters,family,True,38,172,43365.43707996001,191879.01901992998,220871558.91141957
2019,all_20plus,cyber,other_body_nonreporters,government,False,0,172,0.0,191879.01901992998,220871558.91141957
2019,all_20plus,cyber,other_body_nonreporters,isp,True,18,172,18172.78974542,191879.01901992998,220871558.91141957
2019,all_20plus,cyber,other_body_nonreporters,legal,True,2,172,2095.5103319199998,191879.01901992998,220871558.91141957
2019,all_20plus,cyber,other_body_nonreporters,none,True,65,172,71914.02229343001,191879.01901992998,220871558.91141957
2019,all_20plus,cyber,other_body_nonreporters,other,True,44,172,51228.81732987,191879.01901992998,220871558.91141957
2019,all_20plus,cyber,other_body_nonreporters,professional,False,0,172,0.0,191879.01901992998,220871558.91141957
2019,all_20plus,cyber,other_body_nonreporters,website,True,20,172,22271.60622368,191879.01901992998,220871558.91141957
2019,all_20plus,sexual_harassment,reported,yes,True,4,124,4020.0632211700004,136276.26224798,153569546.27912334
2019,all_20plus,sexual_harassment,reason_not_reported,ashamed,True,5,120,5589.90658708,132256.19902681,149523685.80421042
2019,all_20plus,sexual_harassment,reason_not_reported,fear_revenge,True,3,120,3132.6052071599997,132256.19902681,149523685.80421042
2019,all_20plus,sexual_harassment,reason_not_reported,handled_self,False,0,120,0.0,132256.19902681,149523685.80421042
2019,all_20plus,sexual_harassment,reason_not_reported,not_worth_bothering,True,33,120,35943.434191579996,132256.19902681,149523685.80421042
2019,all_20plus,sexual_harassment,reason_not_reported,other,True,7,120,7260.250989450001,132256.19902681,149523685.80421042
2019,all_20plus,sexual_harassment,reason_not_reported,personal_time,True,24,120,27403.38402278,132256.19902681,149523685.80421042
2019,all_20plus,sexual_harassment,reason_not_reported,police_ineffective_past,True,15,120,16811.327281359998,132256.19902681,149523685.80421042
2019,all_20plus,sexual_harassment,reason_not_reported,police_unable,True,12,120,12987.634115329998,132256.19902681,149523685.80421042
2019,all_20plus,sexual_harassment,reason_not_reported,police_unwilling,True,15,120,15998.056015040002,132256.19902681,149523685.80421042
2019,all_20plus,sexual_harassment,reason_not_reported,turned_elsewhere,True,6,120,7129.600617030001,132256.19902681,149523685.80421042
2019,all_20plus,sexual_harassment,other_body,acquaintance,True,31,119,35083.17361571,130598.85401578,147092532.68325016
2019,all_20plus,sexual_harassment,other_body,family,True,24,119,26407.644726929997,130598.85401578,147092532.68325016
2019,all_20plus,sexual_harassment,other_body,legal,True,0,119,0.0,130598.85401578,147092532.68325016
2019,all_20plus,sexual_harassment,other_body,medical,True,3,119,3382.2861331999998,130598.85401578,147092532.68325016
2019,all_20plus,sexual_harassment,other_body,mental_health,True,7,119,7306.2197877300005,130598.85401578,147092532.68325016
2019,all_20plus,sexual_harassment,other_body,ngo,True,0,119,0.0,130598.85401578,147092532.68325016
2019,all_20plus,sexual_harassment,other_body,none,True,72,119,77879.08654136,130598.85401578,147092532.68325016
2019,all_20plus,sexual_harassment,other_body,other,True,3,119,3142.85944311,130598.85401578,147092532.68325016
2019,all_20plus,sexual_harassment,other_body,welfare,True,1,119,849.66531662,130598.85401578,147092532.68325016
2019,all_20plus,sexual_harassment,other_body,workplace,False,0,119,0.0,130598.85401578,147092532.68325016
2019,all_20plus,sexual_harassment,other_body_reporters,acquaintance,True,0,3,0.0,3004.56519147,3014624.2265883274
2019,all_20plus,sexual_harassment,other_body_reporters,family,True,0,3,0.0,3004.56519147,3014624.2265883274
2019,all_20plus,sexual_harassment,other_body_reporters,legal,True,0,3,0.0,3004.56519147,3014624.2265883274
2019,all_20plus,sexual_harassment,other_body_reporters,medical,True,0,3,0.0,3004.56519147,3014624.2265883274
2019,all_20plus,sexual_harassment,other_body_reporters,mental_health,True,1,3,1046.6870626,3004.56519147,3014624.2265883274
2019,all_20plus,sexual_harassment,other_body_reporters,ngo,True,0,3,0.0,3004.56519147,3014624.2265883274
2019,all_20plus,sexual_harassment,other_body_reporters,none,True,2,3,1957.8781288700002,3004.56519147,3014624.2265883274
2019,all_20plus,sexual_harassment,other_body_reporters,other,True,0,3,0.0,3004.56519147,3014624.2265883274
2019,all_20plus,sexual_harassment,other_body_reporters,welfare,True,0,3,0.0,3004.56519147,3014624.2265883274
2019,all_20plus,sexual_harassment,other_body_reporters,workplace,False,0,3,0.0,3004.56519147,3014624.2265883274
2019,all_20plus,sexual_harassment,other_body_nonreporters,acquaintance,True,31,116,35083.17361571,127594.28882430999,144077908.45666182
2019,all_20plus,sexual_harassment,other_body_nonreporters,family,True,24,116,26407.644726929997,127594.28882430999,144077908.45666182
2019,all_20plus,sexual_harassment,other_body_nonreporters,legal,True,0,116,0.0,127594.28882430999,144077908.45666182
2019,all_20plus,sexual_harassment,other_body_nonreporters,medical,True,3,116,3382.2861331999998,127594.28882430999,144077908.45666182
2019,all_20plus,sexual_harassment,other_body_nonreporters,mental_health,True,6,116,6259.5327251300005,127594.28882430999,144077908.45666182
2019,all_20plus,sexual_harassment,other_body_nonreporters,ngo,True,0,116,0.0,127594.28882430999,144077908.45666182
2019,all_20plus,sexual_harassment,other_body_nonreporters,none,True,70,116,75921.20841249001,127594.28882430999,144077908.45666182
2019,all_20plus,sexual_harassment,other_body_nonreporters,other,True,3,116,3142.85944311,127594.28882430999,144077908.45666182
2019,all_20plus,sexual_harassment,other_body_nonreporters,welfare,True,1,116,849.66531662,127594.28882430999,144077908.45666182
2019,all_20plus,sexual_harassment,other_body_nonreporters,workplace,False,0,116,0.0,127594.28882430999,144077908.45666182
2019,all_20plus,theft,reported,yes,True,57,168,63315.83419434,191886.19849664,227775207.15434918
2019,all_20plus,theft,reason_not_reported,handled_self,False,0,106,0.0,123113.82773850001,148181208.8496644
2019,all_20plus,theft,reason_not_reported,not_worth_bothering,True,17,106,19399.745996229998,123113.82773850001,148181208.8496644
2019,all_20plus,theft,reason_not_reported,other,True,4,106,4071.6700522700003,123113.82773850001,148181208.8496644
2019,all_20plus,theft,reason_not_reported,personal_time,True,15,106,16518.60605083,123113.82773850001,148181208.8496644
2019,all_20plus,theft,reason_not_reported,police_ineffective_past,True,21,106,24746.287873170004,123113.82773850001,148181208.8496644
2019,all_20plus,theft,reason_not_reported,police_unable,True,29,106,34014.48999355,123113.82773850001,148181208.8496644
2019,all_20plus,theft,reason_not_reported,police_unwilling,True,15,106,18848.37800207,123113.82773850001,148181208.8496644
2019,all_20plus,theft,reason_not_reported,turned_elsewhere,True,5,106,5514.6497703800005,123113.82773850001,148181208.8496644
2019,all_20plus,violence_threat,reported,yes,True,78,169,86444.51362533,188434.10015149,218546928.02469468
2019,all_20plus,violence_threat,reason_not_reported,ashamed,True,0,89,0.0,99756.71007366001,115554679.9584669
2019,all_20plus,violence_threat,reason_not_reported,fear_revenge,True,7,89,8358.06779418,99756.71007366001,115554679.9584669
2019,all_20plus,violence_threat,reason_not_reported,handled_self,False,0,89,0.0,99756.71007366001,115554679.9584669
2019,all_20plus,violence_threat,reason_not_reported,not_worth_bothering,True,12,89,13805.12986352,99756.71007366001,115554679.9584669
2019,all_20plus,violence_threat,reason_not_reported,other,True,0,89,0.0,99756.71007366001,115554679.9584669
2019,all_20plus,violence_threat,reason_not_reported,personal_time,True,13,89,14511.98481275,99756.71007366001,115554679.9584669
2019,all_20plus,violence_threat,reason_not_reported,police_ineffective_past,True,22,89,23847.11305517,99756.71007366001,115554679.9584669
2019,all_20plus,violence_threat,reason_not_reported,police_unable,True,13,89,14418.536060020002,99756.71007366001,115554679.9584669
2019,all_20plus,violence_threat,reason_not_reported,police_unwilling,True,12,89,12498.083442489999,99756.71007366001,115554679.9584669
2019,all_20plus,violence_threat,reason_not_reported,turned_elsewhere,True,10,89,12317.79504553,99756.71007366001,115554679.9584669
2019,all_20plus,violence_threat,other_body,acquaintance,True,36,158,41668.4340225,175424.90035664,202136936.81161016
2019,all_20plus,violence_threat,other_body,family,True,42,158,48852.872354340005,175424.90035664,202136936.81161016
2019,all_20plus,violence_threat,other_body,legal,True,5,158,5548.207407010001,175424.90035664,202136936.81161016
2019,all_20plus,violence_threat,other_body,medical,True,14,158,17744.51721945,175424.90035664,202136936.81161016
2019,all_20plus,violence_threat,other_body,mental_health,True,8,158,9647.9719704,175424.90035664,202136936.81161016
2019,all_20plus,violence_threat,other_body,ngo,True,1,158,1013.0359829,175424.90035664,202136936.81161016
2019,all_20plus,violence_threat,other_body,none,True,72,158,77396.79556645,175424.90035664,202136936.81161016
2019,all_20plus,violence_threat,other_body,other,True,18,158,19219.90199052,175424.90035664,202136936.81161016
2019,all_20plus,violence_threat,other_body,welfare,True,5,158,5582.02098732,175424.90035664,202136936.81161016
2019,all_20plus,violence_threat,other_body,workplace,False,0,158,0.0,175424.90035664,202136936.81161016
2019,all_20plus,violence_threat,other_body_reporters,acquaintance,True,17,72,18561.38847189,78501.47130651,89396775.28480923
2019,all_20plus,violence_threat,other_body_reporters,family,True,16,72,17206.36395569,78501.47130651,89396775.28480923
2019,all_20plus,violence_threat,other_body_reporters,legal,True,4,72,4529.67540861,78501.47130651,89396775.28480923
2019,all_20plus,violence_threat,other_body_reporters,medical,True,11,72,14064.41540435,78501.47130651,89396775.28480923
2019,all_20plus,violence_threat,other_body_reporters,mental_health,True,6,72,7632.288522899999,78501.47130651,89396775.28480923
2019,all_20plus,violence_threat,other_body_reporters,ngo,True,0,72,0.0,78501.47130651,89396775.28480923
2019,all_20plus,violence_threat,other_body_reporters,none,True,27,72,27804.09742703,78501.47130651,89396775.28480923
2019,all_20plus,violence_threat,other_body_reporters,other,True,11,72,12253.654219369999,78501.47130651,89396775.28480923
2019,all_20plus,violence_threat,other_body_reporters,welfare,True,4,72,4579.37352272,78501.47130651,89396775.28480923
2019,all_20plus,violence_threat,other_body_reporters,workplace,False,0,72,0.0,78501.47130651,89396775.28480923
2019,all_20plus,violence_threat,other_body_nonreporters,acquaintance,True,19,84,23107.045550609997,94867.09491723,110624603.99357896
2019,all_20plus,violence_threat,other_body_nonreporters,family,True,26,84,31646.508398649996,94867.09491723,110624603.99357896
2019,all_20plus,violence_threat,other_body_nonreporters,legal,True,1,84,1018.5319984,94867.09491723,110624603.99357896
2019,all_20plus,violence_threat,other_body_nonreporters,medical,True,3,84,3680.1018151,94867.09491723,110624603.99357896
2019,all_20plus,violence_threat,other_body_nonreporters,mental_health,True,1,84,1013.0359829,94867.09491723,110624603.99357896
2019,all_20plus,violence_threat,other_body_nonreporters,ngo,True,1,84,1013.0359829,94867.09491723,110624603.99357896
2019,all_20plus,violence_threat,other_body_nonreporters,none,True,45,84,49592.69813942,94867.09491723,110624603.99357896
2019,all_20plus,violence_threat,other_body_nonreporters,other,True,6,84,5912.561102850001,94867.09491723,110624603.99357896
2019,all_20plus,violence_threat,other_body_nonreporters,welfare,True,0,84,0.0,94867.09491723,110624603.99357896
2019,all_20plus,violence_threat,other_body_nonreporters,workplace,False,0,84,0.0,94867.09491723,110624603.99357896
2020,haredi,cyber,reported,yes,True,0,2,0.0,1936.78158712,1970789.346345874
2020,haredi,cyber,reason_not_reported,ashamed,True,0,2,0.0,1936.78158712,1970789.346345874
2020,haredi,cyber,reason_not_reported,didnt_know_police_handles,False,0,2,0.0,1936.78158712,1970789.346345874
2020,haredi,cyber,reason_not_reported,fear_revenge,True,0,2,0.0,1936.78158712,1970789.346345874
2020,haredi,cyber,reason_not_reported,handled_self,True,1,2,750.18459722,1936.78158712,1970789.346345874
2020,haredi,cyber,reason_not_reported,not_worth_bothering,True,0,2,0.0,1936.78158712,1970789.346345874
2020,haredi,cyber,reason_not_reported,other,True,0,2,0.0,1936.78158712,1970789.346345874
2020,haredi,cyber,reason_not_reported,personal_time,True,0,2,0.0,1936.78158712,1970789.346345874
2020,haredi,cyber,reason_not_reported,police_ineffective_past,True,0,2,0.0,1936.78158712,1970789.346345874
2020,haredi,cyber,reason_not_reported,police_unable,True,1,2,1186.5969899,1936.78158712,1970789.346345874
2020,haredi,cyber,reason_not_reported,police_unwilling,True,0,2,0.0,1936.78158712,1970789.346345874
2020,haredi,cyber,reason_not_reported,turned_elsewhere,True,0,2,0.0,1936.78158712,1970789.346345874
2020,haredi,cyber,other_body,acquaintance,True,2,2,1936.78158712,1936.78158712,1970789.346345874
2020,haredi,cyber,other_body,bank,False,0,2,0.0,1936.78158712,1970789.346345874
2020,haredi,cyber,other_body,family,True,1,2,1186.5969899,1936.78158712,1970789.346345874
2020,haredi,cyber,other_body,government,False,0,2,0.0,1936.78158712,1970789.346345874
2020,haredi,cyber,other_body,isp,True,0,2,0.0,1936.78158712,1970789.346345874
2020,haredi,cyber,other_body,legal,True,0,2,0.0,1936.78158712,1970789.346345874
2020,haredi,cyber,other_body,none,True,0,2,0.0,1936.78158712,1970789.346345874
2020,haredi,cyber,other_body,other,True,1,2,750.18459722,1936.78158712,1970789.346345874
2020,haredi,cyber,other_body,professional,False,0,2,0.0,1936.78158712,1970789.346345874
2020,haredi,cyber,other_body,website,True,0,2,0.0,1936.78158712,1970789.346345874
2020,haredi,cyber,other_body_reporters,acquaintance,True,0,0,0.0,0.0,0.0
2020,haredi,cyber,other_body_reporters,bank,False,0,0,0.0,0.0,0.0
2020,haredi,cyber,other_body_reporters,family,True,0,0,0.0,0.0,0.0
2020,haredi,cyber,other_body_reporters,government,False,0,0,0.0,0.0,0.0
2020,haredi,cyber,other_body_reporters,isp,True,0,0,0.0,0.0,0.0
2020,haredi,cyber,other_body_reporters,legal,True,0,0,0.0,0.0,0.0
2020,haredi,cyber,other_body_reporters,none,True,0,0,0.0,0.0,0.0
2020,haredi,cyber,other_body_reporters,other,True,0,0,0.0,0.0,0.0
2020,haredi,cyber,other_body_reporters,professional,False,0,0,0.0,0.0,0.0
2020,haredi,cyber,other_body_reporters,website,True,0,0,0.0,0.0,0.0
2020,haredi,cyber,other_body_nonreporters,acquaintance,True,2,2,1936.78158712,1936.78158712,1970789.346345874
2020,haredi,cyber,other_body_nonreporters,bank,False,0,2,0.0,1936.78158712,1970789.346345874
2020,haredi,cyber,other_body_nonreporters,family,True,1,2,1186.5969899,1936.78158712,1970789.346345874
2020,haredi,cyber,other_body_nonreporters,government,False,0,2,0.0,1936.78158712,1970789.346345874
2020,haredi,cyber,other_body_nonreporters,isp,True,0,2,0.0,1936.78158712,1970789.346345874
2020,haredi,cyber,other_body_nonreporters,legal,True,0,2,0.0,1936.78158712,1970789.346345874
2020,haredi,cyber,other_body_nonreporters,none,True,0,2,0.0,1936.78158712,1970789.346345874
2020,haredi,cyber,other_body_nonreporters,other,True,1,2,750.18459722,1936.78158712,1970789.346345874
2020,haredi,cyber,other_body_nonreporters,professional,False,0,2,0.0,1936.78158712,1970789.346345874
2020,haredi,cyber,other_body_nonreporters,website,True,0,2,0.0,1936.78158712,1970789.346345874
2020,haredi,sexual_harassment,reported,yes,True,0,2,0.0,1994.12411131,1994487.5491890416
2020,haredi,sexual_harassment,reason_not_reported,ashamed,True,0,2,0.0,1994.12411131,1994487.5491890416
2020,haredi,sexual_harassment,reason_not_reported,fear_revenge,True,0,2,0.0,1994.12411131,1994487.5491890416
2020,haredi,sexual_harassment,reason_not_reported,handled_self,True,0,2,0.0,1994.12411131,1994487.5491890416
2020,haredi,sexual_harassment,reason_not_reported,not_worth_bothering,True,1,2,1052.8386795,1994.12411131,1994487.5491890416
2020,haredi,sexual_harassment,reason_not_reported,other,True,0,2,0.0,1994.12411131,1994487.5491890416
2020,haredi,sexual_harassment,reason_not_reported,personal_time,True,0,2,0.0,1994.12411131,1994487.5491890416
2020,haredi,sexual_harassment,reason_not_reported,police_ineffective_past,True,0,2,0.0,1994.12411131,1994487.5491890416
2020,haredi,sexual_harassment,reason_not_reported,police_unable,True,1,2,941.28543181,1994.12411131,1994487.5491890416
2020,haredi,sexual_harassment,reason_not_reported,police_unwilling,True,0,2,0.0,1994.12411131,1994487.5491890416
2020,haredi,sexual_harassment,reason_not_reported,turned_elsewhere,True,0,2,0.0,1994.12411131,1994487.5491890416
2020,haredi,sexual_harassment,other_body,acquaintance,True,1,2,1052.8386795,1994.12411131,1994487.5491890416
2020,haredi,sexual_harassment,other_body,family,True,0,2,0.0,1994.12411131,1994487.5491890416
2020,haredi,sexual_harassment,other_body,legal,True,0,2,0.0,1994.12411131,1994487.5491890416
2020,haredi,sexual_harassment,other_body,medical,True,0,2,0.0,1994.12411131,1994487.5491890416
2020,haredi,sexual_harassment,other_body,mental_health,True,0,2,0.0,1994.12411131,1994487.5491890416
2020,haredi,sexual_harassment,other_body,ngo,True,0,2,0.0,1994.12411131,1994487.5491890416
2020,haredi,sexual_harassment,other_body,none,True,2,2,1994.12411131,1994.12411131,1994487.5491890416
2020,haredi,sexual_harassment,other_body,other,True,0,2,0.0,1994.12411131,1994487.5491890416
2020,haredi,sexual_harassment,other_body,welfare,True,0,2,0.0,1994.12411131,1994487.5491890416
2020,haredi,sexual_harassment,other_body,workplace,True,0,2,0.0,1994.12411131,1994487.5491890416
2020,haredi,sexual_harassment,other_body_reporters,acquaintance,True,0,0,0.0,0.0,0.0
2020,haredi,sexual_harassment,other_body_reporters,family,True,0,0,0.0,0.0,0.0
2020,haredi,sexual_harassment,other_body_reporters,legal,True,0,0,0.0,0.0,0.0
2020,haredi,sexual_harassment,other_body_reporters,medical,True,0,0,0.0,0.0,0.0
2020,haredi,sexual_harassment,other_body_reporters,mental_health,True,0,0,0.0,0.0,0.0
2020,haredi,sexual_harassment,other_body_reporters,ngo,True,0,0,0.0,0.0,0.0
2020,haredi,sexual_harassment,other_body_reporters,none,True,0,0,0.0,0.0,0.0
2020,haredi,sexual_harassment,other_body_reporters,other,True,0,0,0.0,0.0,0.0
2020,haredi,sexual_harassment,other_body_reporters,welfare,True,0,0,0.0,0.0,0.0
2020,haredi,sexual_harassment,other_body_reporters,workplace,True,0,0,0.0,0.0,0.0
2020,haredi,sexual_harassment,other_body_nonreporters,acquaintance,True,1,2,1052.8386795,1994.12411131,1994487.5491890416
2020,haredi,sexual_harassment,other_body_nonreporters,family,True,0,2,0.0,1994.12411131,1994487.5491890416
2020,haredi,sexual_harassment,other_body_nonreporters,legal,True,0,2,0.0,1994.12411131,1994487.5491890416
2020,haredi,sexual_harassment,other_body_nonreporters,medical,True,0,2,0.0,1994.12411131,1994487.5491890416
2020,haredi,sexual_harassment,other_body_nonreporters,mental_health,True,0,2,0.0,1994.12411131,1994487.5491890416
2020,haredi,sexual_harassment,other_body_nonreporters,ngo,True,0,2,0.0,1994.12411131,1994487.5491890416
2020,haredi,sexual_harassment,other_body_nonreporters,none,True,2,2,1994.12411131,1994.12411131,1994487.5491890416
2020,haredi,sexual_harassment,other_body_nonreporters,other,True,0,2,0.0,1994.12411131,1994487.5491890416
2020,haredi,sexual_harassment,other_body_nonreporters,welfare,True,0,2,0.0,1994.12411131,1994487.5491890416
2020,haredi,sexual_harassment,other_body_nonreporters,workplace,True,0,2,0.0,1994.12411131,1994487.5491890416
2020,haredi,theft,reported,yes,True,3,10,3156.5088543099996,10138.624983419999,10427786.592703318
2020,haredi,theft,reason_not_reported,handled_self,True,1,7,902.24970523,6982.11612911,7065637.09517791
2020,haredi,theft,reason_not_reported,not_worth_bothering,True,1,7,1052.8386795,6982.11612911,7065637.09517791
2020,haredi,theft,reason_not_reported,other,True,0,7,0.0,6982.11612911,7065637.09517791
2020,haredi,theft,reason_not_reported,personal_time,True,0,7,0.0,6982.11612911,7065637.09517791
2020,haredi,theft,reason_not_reported,police_ineffective_past,True,0,7,0.0,6982.11612911,7065637.09517791
2020,haredi,theft,reason_not_reported,police_unable,True,2,7,2229.533168,6982.11612911,7065637.09517791
2020,haredi,theft,reason_not_reported,police_unwilling,True,3,7,2797.4945763799997,6982.11612911,7065637.09517791
2020,haredi,theft,reason_not_reported,turned_elsewhere,True,0,7,0.0,6982.11612911,7065637.09517791
2020,haredi,violence_threat,reported,yes,True,5,12,5055.40547417,11842.473433829999,11806734.003739847
2020,haredi,violence_threat,reason_not_reported,ashamed,True,0,7,0.0,6787.067959659999,6650836.215258231
2020,haredi,violence_threat,reason_not_reported,fear_revenge,True,2,7,1729.38157778,6787.067959659999,6650836.215258231
2020,haredi,violence_threat,reason_not_reported,handled_self,True,0,7,0.0,6787.067959659999,6650836.215258231
2020,haredi,violence_threat,reason_not_reported,not_worth_bothering,True,1,7,898.56613838,6787.067959659999,6650836.215258231
2020,haredi,violence_threat,reason_not_reported,other,True,0,7,0.0,6787.067959659999,6650836.215258231
2020,haredi,violence_threat,reason_not_reported,personal_time,True,0,7,0.0,6787.067959659999,6650836.215258231
2020,haredi,violence_threat,reason_not_reported,police_ineffective_past,True,1,7,950.6121907,6787.067959659999,6650836.215258231
2020,haredi,violence_threat,reason_not_reported,police_unable,True,0,7,0.0,6787.067959659999,6650836.215258231
2020,haredi,violence_threat,reason_not_reported,police_unwilling,True,3,7,3208.5080528,6787.067959659999,6650836.215258231
2020,haredi,violence_threat,reason_not_reported,turned_elsewhere,True,0,7,0.0,6787.067959659999,6650836.215258231
2020,haredi,violence_threat,other_body,acquaintance,True,3,13,2857.23632678,12792.494412089998,12709273.862873932
2020,haredi,violence_threat,other_body,family,True,2,13,2033.3112665100002,12792.494412089998,12709273.862873932
2020,haredi,violence_threat,other_body,legal,True,1,13,1127.854749,12792.494412089998,12709273.862873932
2020,haredi,violence_threat,other_body,medical,True,1,13,922.85709921,12792.494412089998,12709273.862873932
2020,haredi,violence_threat,other_body,mental_health,True,0,13,0.0,12792.494412089998,12709273.862873932
2020,haredi,violence_threat,other_body,ngo,True,1,13,1127.854749,12792.494412089998,12709273.862873932
2020,haredi,violence_threat,other_body,none,True,8,13,7926.23777963,12792.494412089998,12709273.862873932
2020,haredi,violence_threat,other_body,other,True,1,13,898.56613838,12792.494412089998,12709273.862873932
2020,haredi,violence_threat,other_body,welfare,True,1,13,1127.854749,12792.494412089998,12709273.862873932
2020,haredi,violence_threat,other_body,workplace,True,1,13,922.85709921,12792.494412089998,12709273.862873932
2020,haredi,violence_threat,other_body_reporters,acquaintance,True,1,5,1127.854749,5055.40547417,5155897.788481616
2020,haredi,violence_threat,other_body_reporters,family,True,0,5,0.0,5055.40547417,5155897.788481616
2020,haredi,violence_threat,other_body_reporters,legal,True,1,5,1127.854749,5055.40547417,5155897.788481616
2020,haredi,violence_threat,other_body_reporters,medical,True,0,5,0.0,5055.40547417,5155897.788481616
2020,haredi,violence_threat,other_body_reporters,mental_health,True,0,5,0.0,5055.40547417,5155897.788481616
2020,haredi,violence_threat,other_body_reporters,ngo,True,1,5,1127.854749,5055.40547417,5155897.788481616
2020,haredi,violence_threat,other_body_reporters,none,True,4,5,3927.5507251699996,5055.40547417,5155897.788481616
2020,haredi,violence_threat,other_body_reporters,other,True,0,5,0.0,5055.40547417,5155897.788481616
2020,haredi,violence_threat,other_body_reporters,welfare,True,1,5,1127.854749,5055.40547417,5155897.788481616
2020,haredi,violence_threat,other_body_reporters,workplace,True,0,5,0.0,5055.40547417,5155897.788481616
2020,haredi,violence_threat,other_body_nonreporters,acquaintance,True,2,7,1729.38157778,6787.067959659999,6650836.215258231
2020,haredi,violence_threat,other_body_nonreporters,family,True,2,7,2033.3112665100002,6787.067959659999,6650836.215258231
2020,haredi,violence_threat,other_body_nonreporters,legal,True,0,7,0.0,6787.067959659999,6650836.215258231
2020,haredi,violence_threat,other_body_nonreporters,medical,True,1,7,922.85709921,6787.067959659999,6650836.215258231
2020,haredi,violence_threat,other_body_nonreporters,mental_health,True,0,7,0.0,6787.067959659999,6650836.215258231
2020,haredi,violence_threat,other_body_nonreporters,ngo,True,0,7,0.0,6787.067959659999,6650836.215258231
2020,haredi,violence_threat,other_body_nonreporters,none,True,3,7,3048.6660762,6787.067959659999,6650836.215258231
2020,haredi,violence_threat,other_body_nonreporters,other,True,1,7,898.56613838,6787.067959659999,6650836.215258231
2020,haredi,violence_threat,other_body_nonreporters,welfare,True,0,7,0.0,6787.067959659999,6650836.215258231
2020,haredi,violence_threat,other_body_nonreporters,workplace,True,1,7,922.85709921,6787.067959659999,6650836.215258231
2020,nonharedi_jew,cyber,reported,yes,True,14,167,15520.113418019999,183238.65245705002,206243254.93181264
2020,nonharedi_jew,cyber,reason_not_reported,ashamed,True,1,151,1112.6821992,165801.77098569,186942087.79548192
2020,nonharedi_jew,cyber,reason_not_reported,didnt_know_police_handles,False,0,151,0.0,165801.77098569,186942087.79548192
2020,nonharedi_jew,cyber,reason_not_reported,fear_revenge,True,0,151,0.0,165801.77098569,186942087.79548192
2020,nonharedi_jew,cyber,reason_not_reported,handled_self,True,24,151,24416.97777805,165801.77098569,186942087.79548192
2020,nonharedi_jew,cyber,reason_not_reported,not_worth_bothering,True,23,151,25651.86646561,165801.77098569,186942087.79548192
2020,nonharedi_jew,cyber,reason_not_reported,other,True,5,151,6627.63145402,165801.77098569,186942087.79548192
2020,nonharedi_jew,cyber,reason_not_reported,personal_time,True,15,151,15730.75908339,165801.77098569,186942087.79548192
2020,nonharedi_jew,cyber,reason_not_reported,police_ineffective_past,True,17,151,19177.6789757,165801.77098569,186942087.79548192
2020,nonharedi_jew,cyber,reason_not_reported,police_unable,True,23,151,24600.18138651,165801.77098569,186942087.79548192
2020,nonharedi_jew,cyber,reason_not_reported,police_unwilling,True,15,151,16601.29231346,165801.77098569,186942087.79548192
2020,nonharedi_jew,cyber,reason_not_reported,turned_elsewhere,True,28,151,31882.701329749998,165801.77098569,186942087.79548192
2020,nonharedi_jew,cyber,other_body,acquaintance,True,27,112,29169.58485713,125401.23632085,143937239.4291958
2020,nonharedi_jew,cyber,other_body,bank,False,0,112,0.0,125401.23632085,143937239.4291958
2020,nonharedi_jew,cyber,other_body,family,True,37,112,41742.63215581,125401.23632085,143937239.4291958
2020,nonharedi_jew,cyber,other_body,government,False,0,112,0.0,125401.23632085,143937239.4291958
2020,nonharedi_jew,cyber,other_body,isp,True,7,112,7927.09078644,125401.23632085,143937239.4291958
2020,nonharedi_jew,cyber,other_body,legal,True,1,112,1106.9106903,125401.23632085,143937239.4291958
2020,nonharedi_jew,cyber,other_body,none,True,23,112,25266.605407529998,125401.23632085,143937239.4291958
2020,nonharedi_jew,cyber,other_body,other,True,46,112,52259.84002259,125401.23632085,143937239.4291958
2020,nonharedi_jew,cyber,other_body,professional,False,0,112,0.0,125401.23632085,143937239.4291958
2020,nonharedi_jew,cyber,other_body,website,True,11,112,12261.940060679999,125401.23632085,143937239.4291958
2020,nonharedi_jew,cyber,other_body_reporters,acquaintance,True,5,11,5337.13444981,12075.668391969999,13414999.727483975
2020,nonharedi_jew,cyber,other_body_reporters,bank,False,0,11,0.0,12075.668391969999,13414999.727483975
2020,nonharedi_jew,cyber,other_body_reporters,family,True,7,11,7448.23018691,12075.668391969999,13414999.727483975
2020,nonharedi_jew,cyber,other_body_reporters,government,False,0,11,0.0,12075.668391969999,13414999.727483975
2020,nonharedi_jew,cyber,other_body_reporters,isp,True,0,11,0.0,12075.668391969999,13414999.727483975
2020,nonharedi_jew,cyber,other_body_reporters,legal,True,1,11,1106.9106903,12075.668391969999,13414999.727483975
2020,nonharedi_jew,cyber,other_body_reporters,none,True,0,11,0.0,12075.668391969999,13414999.727483975
2020,nonharedi_jew,cyber,other_body_reporters,other,True,7,11,7593.38549806,12075.668391969999,13414999.727483975
2020,nonharedi_jew,cyber,other_body_reporters,professional,False,0,11,0.0,12075.668391969999,13414999.727483975
2020,nonharedi_jew,cyber,other_body_reporters,website,True,0,11,0.0,12075.668391969999,13414999.727483975
2020,nonharedi_jew,cyber,other_body_nonreporters,acquaintance,True,22,101,23832.450407319997,113325.56792887997,130522239.70171179
2020,nonharedi_jew,cyber,other_body_nonreporters,bank,False,0,101,0.0,113325.56792887997,130522239.70171179
2020,nonharedi_jew,cyber,other_body_nonreporters,family,True,30,101,34294.401968900005,113325.56792887997,130522239.70171179
2020,nonharedi_jew,cyber,other_body_nonreporters,government,False,0,101,0.0,113325.56792887997,130522239.70171179
2020,nonharedi_jew,cyber,other_body_nonreporters,isp,True,7,101,7927.09078644,113325.56792887997,130522239.70171179
2020,nonharedi_jew,cyber,other_body_nonreporters,legal,True,0,101,0.0,113325.56792887997,130522239.70171179
2020,nonharedi_jew,cyber,other_body_nonreporters,none,True,23,101,25266.605407529998,113325.56792887997,130522239.70171179
2020,nonharedi_jew,cyber,other_body_nonreporters,other,True,39,101,44666.454524529996,113325.56792887997,130522239.70171179
2020,nonharedi_jew,cyber,other_body_nonreporters,professional,False,0,101,0.0,113325.56792887997,130522239.70171179
2020,nonharedi_jew,cyber,other_body_nonreporters,website,True,11,101,12261.940060679999,113325.56792887997,130522239.70171179
2020,nonharedi_jew,sexual_harassment,reported,yes,True,0,83,0.0,88110.0131953,96522501.79522768
2020,nonharedi_jew,sexual_harassment,reason_not_reported,ashamed,True,3,83,2854.8195278900002,88110.0131953,96522501.79522768
2020,nonharedi_jew,sexual_harassment,reason_not_reported,fear_revenge,True,3,83,3067.98722265,88110.0131953,96522501.79522768
2020,nonharedi_jew,sexual_harassment,reason_not_reported,handled_self,True,15,83,16343.74807961,88110.0131953,96522501.79522768
2020,nonharedi_jew,sexual_harassment,reason_not_reported,not_worth_bothering,True,14,83,14576.58357822,88110.0131953,96522501.79522768
2020,nonharedi_jew,sexual_harassment,reason_not_reported,other,True,2,83,2248.72609766,88110.0131953,96522501.79522768
2020,nonharedi_jew,sexual_harassment,reason_not_reported,personal_time,True,5,83,5321.38323836,88110.0131953,96522501.79522768
2020,nonharedi_jew,sexual_harassment,reason_not_reported,police_ineffective_past,True,6,83,6495.07165997,88110.0131953,96522501.79522768
2020,nonharedi_jew,sexual_harassment,reason_not_reported,police_unable,True,15,83,14793.4308454,88110.0131953,96522501.79522768
2020,nonharedi_jew,sexual_harassment,reason_not_reported,police_unwilling,True,15,83,16626.54028967,88110.0131953,96522501.79522768
2020,nonharedi_jew,sexual_harassment,reason_not_reported,turned_elsewhere,True,5,83,5781.7226558699995,88110.0131953,96522501.79522768
2020,nonharedi_jew,sexual_harassment,other_body,acquaintance,True,22,83,23103.539744170004,87661.3994748,95322918.52277236
2020,nonharedi_jew,sexual_harassment,other_body,family,True,21,83,22948.10294826,87661.3994748,95322918.52277236
2020,nonharedi_jew,sexual_harassment,other_body,legal,True,1,83,1327.8684655,87661.3994748,95322918.52277236
2020,nonharedi_jew,sexual_harassment,other_body,medical,True,0,83,0.0,87661.3994748,95322918.52277236
2020,nonharedi_jew,sexual_harassment,other_body,mental_health,True,7,83,6685.104222630001,87661.3994748,95322918.52277236
2020,nonharedi_jew,sexual_harassment,other_body,ngo,True,2,83,2481.6130837,87661.3994748,95322918.52277236
2020,nonharedi_jew,sexual_harassment,other_body,none,True,43,83,45077.91705728,87661.3994748,95322918.52277236
2020,nonharedi_jew,sexual_harassment,other_body,other,True,1,83,1093.7566233,87661.3994748,95322918.52277236
2020,nonharedi_jew,sexual_harassment,other_body,welfare,True,1,83,1248.619457,87661.3994748,95322918.52277236
2020,nonharedi_jew,sexual_harassment,other_body,workplace,True,9,83,9845.75413502,87661.3994748,95322918.52277236
2020,nonharedi_jew,sexual_harassment,other_body_reporters,acquaintance,True,0,0,0.0,0.0,0.0
2020,nonharedi_jew,sexual_harassment,other_body_reporters,family,True,0,0,0.0,0.0,0.0
2020,nonharedi_jew,sexual_harassment,other_body_reporters,legal,True,0,0,0.0,0.0,0.0
2020,nonharedi_jew,sexual_harassment,other_body_reporters,medical,True,0,0,0.0,0.0,0.0
2020,nonharedi_jew,sexual_harassment,other_body_reporters,mental_health,True,0,0,0.0,0.0,0.0
2020,nonharedi_jew,sexual_harassment,other_body_reporters,ngo,True,0,0,0.0,0.0,0.0
2020,nonharedi_jew,sexual_harassment,other_body_reporters,none,True,0,0,0.0,0.0,0.0
2020,nonharedi_jew,sexual_harassment,other_body_reporters,other,True,0,0,0.0,0.0,0.0
2020,nonharedi_jew,sexual_harassment,other_body_reporters,welfare,True,0,0,0.0,0.0,0.0
2020,nonharedi_jew,sexual_harassment,other_body_reporters,workplace,True,0,0,0.0,0.0,0.0
2020,nonharedi_jew,sexual_harassment,other_body_nonreporters,acquaintance,True,22,82,23103.539744170004,86548.7172756,94084856.8463558
2020,nonharedi_jew,sexual_harassment,other_body_nonreporters,family,True,21,82,22948.10294826,86548.7172756,94084856.8463558
2020,nonharedi_jew,sexual_harassment,other_body_nonreporters,legal,True,1,82,1327.8684655,86548.7172756,94084856.8463558
2020,nonharedi_jew,sexual_harassment,other_body_nonreporters,medical,True,0,82,0.0,86548.7172756,94084856.8463558
2020,nonharedi_jew,sexual_harassment,other_body_nonreporters,mental_health,True,7,82,6685.104222630001,86548.7172756,94084856.8463558
2020,nonharedi_jew,sexual_harassment,other_body_nonreporters,ngo,True,2,82,2481.6130837,86548.7172756,94084856.8463558
2020,nonharedi_jew,sexual_harassment,other_body_nonreporters,none,True,42,82,43965.23485808,86548.7172756,94084856.8463558
2020,nonharedi_jew,sexual_harassment,other_body_nonreporters,other,True,1,82,1093.7566233,86548.7172756,94084856.8463558
2020,nonharedi_jew,sexual_harassment,other_body_nonreporters,welfare,True,1,82,1248.619457,86548.7172756,94084856.8463558
2020,nonharedi_jew,sexual_harassment,other_body_nonreporters,workplace,True,9,82,9845.75413502,86548.7172756,94084856.8463558
2020,nonharedi_jew,theft,reported,yes,True,34,87,37544.59581911001,95755.49626752001,108226511.21937397
2020,nonharedi_jew,theft,reason_not_reported,handled_self,True,5,53,5399.7860514,58210.90044840999,65722738.814625286
2020,nonharedi_jew,theft,reason_not_reported,not_worth_bothering,True,5,53,5627.1808537199995,58210.90044840999,65722738.814625286
2020,nonharedi_jew,theft,reason_not_reported,other,True,1,53,1143.6740534,58210.90044840999,65722738.814625286
2020,nonharedi_jew,theft,reason_not_reported,personal_time,True,10,53,11850.3856841,58210.90044840999,65722738.814625286
2020,nonharedi_jew,theft,reason_not_reported,police_ineffective_past,True,11,53,11650.43400259,58210.90044840999,65722738.814625286
2020,nonharedi_jew,theft,reason_not_reported,police_unable,True,10,53,10213.68582662,58210.90044840999,65722738.814625286
2020,nonharedi_jew,theft,reason_not_reported,police_unwilling,True,8,53,9358.612324059999,58210.90044840999,65722738.814625286
2020,nonharedi_jew,theft,reason_not_reported,turned_elsewhere,True,3,53,2967.14165252,58210.90044840999,65722738.814625286
2020,nonharedi_jew,violence_threat,reported,yes,True,31,92,35779.47749741,103384.44599374001,119072402.03659406
2020,nonharedi_jew,violence_threat,reason_not_reported,ashamed,True,1,60,1337.9492611,66525.17607113,75779239.47282566
2020,nonharedi_jew,violence_threat,reason_not_reported,fear_revenge,True,7,60,7284.66707953,66525.17607113,75779239.47282566
2020,nonharedi_jew,violence_threat,reason_not_reported,handled_self,True,8,60,8553.70755622,66525.17607113,75779239.47282566
2020,nonharedi_jew,violence_threat,reason_not_reported,not_worth_bothering,True,7,60,8178.17374223,66525.17607113,75779239.47282566
2020,nonharedi_jew,violence_threat,reason_not_reported,other,True,4,60,4047.56300628,66525.17607113,75779239.47282566
2020,nonharedi_jew,violence_threat,reason_not_reported,personal_time,True,6,60,7257.9683583999995,66525.17607113,75779239.47282566
2020,nonharedi_jew,violence_threat,reason_not_reported,police_ineffective_past,True,8,60,9292.249279299998,66525.17607113,75779239.47282566
2020,nonharedi_jew,violence_threat,reason_not_reported,police_unable,True,11,60,12695.376220869999,66525.17607113,75779239.47282566
2020,nonharedi_jew,violence_threat,reason_not_reported,police_unwilling,True,6,60,5990.59809826,66525.17607113,75779239.47282566
2020,nonharedi_jew,violence_threat,reason_not_reported,turned_elsewhere,True,2,60,1886.92346894,66525.17607113,75779239.47282566
2020,nonharedi_jew,violence_threat,other_body,acquaintance,True,26,90,30599.123938419998,100704.79471884001,115346902.01611137
2020,nonharedi_jew,violence_threat,other_body,family,True,39,90,45749.58496266,100704.79471884001,115346902.01611137
2020,nonharedi_jew,violence_threat,other_body,legal,True,5,90,5555.24797645,100704.79471884001,115346902.01611137
2020,nonharedi_jew,violence_threat,other_body,medical,True,10,90,11505.990994369999,100704.79471884001,115346902.01611137
2020,nonharedi_jew,violence_threat,other_body,mental_health,True,9,90,9700.08046677,100704.79471884001,115346902.01611137
2020,nonharedi_jew,violence_threat,other_body,ngo,True,3,90,3052.56329305,100704.79471884001,115346902.01611137
2020,nonharedi_jew,violence_threat,other_body,none,True,30,90,32054.730972060002,100704.79471884001,115346902.01611137
2020,nonharedi_jew,violence_threat,other_body,other,True,5,90,5434.2077745999995,100704.79471884001,115346902.01611137
2020,nonharedi_jew,violence_threat,other_body,welfare,True,5,90,5140.7522349500005,100704.79471884001,115346902.01611137
2020,nonharedi_jew,violence_threat,other_body,workplace,True,23,90,26965.449392009996,100704.79471884001,115346902.01611137
2020,nonharedi_jew,violence_threat,other_body_reporters,acquaintance,True,13,31,15231.76728537,35779.47749741,42127210.8822491
2020,nonharedi_jew,violence_threat,other_body_reporters,family,True,14,31,16475.470019070002,35779.47749741,42127210.8822491
2020,nonharedi_jew,violence_threat,other_body_reporters,legal,True,5,31,5555.24797645,35779.47749741,42127210.8822491
2020,nonharedi_jew,violence_threat,other_body_reporters,medical,True,8,31,9122.67856427,35779.47749741,42127210.8822491
2020,nonharedi_jew,violence_threat,other_body_reporters,mental_health,True,7,31,7737.68615133,35779.47749741,42127210.8822491
2020,nonharedi_jew,violence_threat,other_body_reporters,ngo,True,2,31,1908.88923965,35779.47749741,42127210.8822491
2020,nonharedi_jew,violence_threat,other_body_reporters,none,True,9,31,9968.149669760001,35779.47749741,42127210.8822491
2020,nonharedi_jew,violence_threat,other_body_reporters,other,True,2,31,2277.6605005,35779.47749741,42127210.8822491
2020,nonharedi_jew,violence_threat,other_body_reporters,welfare,True,4,31,4089.74017895,35779.47749741,42127210.8822491
2020,nonharedi_jew,violence_threat,other_body_reporters,workplace,True,10,31,12219.603155750001,35779.47749741,42127210.8822491
2020,nonharedi_jew,violence_threat,other_body_nonreporters,acquaintance,True,13,59,15367.356653050001,64925.31722143,73219691.13386226
2020,nonharedi_jew,violence_threat,other_body_nonreporters,family,True,25,59,29274.11494359,64925.31722143,73219691.13386226
2020,nonharedi_jew,violence_threat,other_body_nonreporters,legal,True,0,59,0.0,64925.31722143,73219691.13386226
2020,nonharedi_jew,violence_threat,other_body_nonreporters,medical,True,2,59,2383.3124301,64925.31722143,73219691.13386226
2020,nonharedi_jew,violence_threat,other_body_nonreporters,mental_health,True,2,59,1962.39431544,64925.31722143,73219691.13386226
2020,nonharedi_jew,violence_threat,other_body_nonreporters,ngo,True,1,59,1143.6740534,64925.31722143,73219691.13386226
2020,nonharedi_jew,violence_threat,other_body_nonreporters,none,True,21,59,22086.581302299997,64925.31722143,73219691.13386226
2020,nonharedi_jew,violence_threat,other_body_nonreporters,other,True,3,59,3156.5472741,64925.31722143,73219691.13386226
2020,nonharedi_jew,violence_threat,other_body_nonreporters,welfare,True,1,59,1051.012056,64925.31722143,73219691.13386226
2020,nonharedi_jew,violence_threat,other_body_nonreporters,workplace,True,13,59,14745.846236260002,64925.31722143,73219691.13386226
2020,all_20plus,cyber,reported,yes,True,17,193,18268.49827787,210560.14656850998,237394354.72113347
2020,all_20plus,cyber,reason_not_reported,ashamed,True,1,174,1112.6821992,190374.8802373,215388431.54254034
2020,all_20plus,cyber,reason_not_reported,didnt_know_police_handles,False,0,174,0.0,190374.8802373,215388431.54254034
2020,all_20plus,cyber,reason_not_reported,fear_revenge,True,0,174,0.0,190374.8802373,215388431.54254034
2020,all_20plus,cyber,reason_not_reported,handled_self,True,29,174,30057.605101969995,190374.8802373,215388431.54254034
2020,all_20plus,cyber,reason_not_reported,not_worth_bothering,True,23,174,25651.86646561,190374.8802373,215388431.54254034
2020,all_20plus,cyber,reason_not_reported,other,True,6,174,7715.55113272,190374.8802373,215388431.54254034
2020,all_20plus,cyber,reason_not_reported,personal_time,True,18,174,19110.28923768,190374.8802373,215388431.54254034
2020,all_20plus,cyber,reason_not_reported,police_ineffective_past,True,18,174,20027.463908110003,190374.8802373,215388431.54254034
2020,all_20plus,cyber,reason_not_reported,police_unable,True,26,174,27212.73085823,190374.8802373,215388431.54254034
2020,all_20plus,cyber,reason_not_reported,police_unwilling,True,20,174,21922.86529178,190374.8802373,215388431.54254034
2020,all_20plus,cyber,reason_not_reported,turned_elsewhere,True,33,174,37563.82604200001,190374.8802373,215388431.54254034
2020,all_20plus,cyber,other_body,acquaintance,True,33,128,34874.07733208,141507.90453207,161558261.71499872
2020,all_20plus,cyber,other_body,bank,False,0,128,0.0,141507.90453207,161558261.71499872
2020,all_20plus,cyber,other_body,family,True,44,128,49531.50351928,141507.90453207,161558261.71499872
2020,all_20plus,cyber,other_body,government,False,0,128,0.0,141507.90453207,161558261.71499872
2020,all_20plus,cyber,other_body,isp,True,9,128,9365.056839260002,141507.90453207,161558261.71499872
2020,all_20plus,cyber,other_body,legal,True,3,128,2989.2939449,141507.90453207,161558261.71499872
2020,all_20plus,cyber,other_body,none,True,27,128,29456.93632315,141507.90453207,161558261.71499872
2020,all_20plus,cyber,other_body,other,True,50,128,56815.64592261,141507.90453207,161558261.71499872
2020,all_20plus,cyber,other_body,professional,False,0,128,0.0,141507.90453207,161558261.71499872
2020,all_20plus,cyber,other_body,website,True,14,128,14746.61281352,141507.90453207,161558261.71499872
2020,all_20plus,cyber,other_body_reporters,acquaintance,True,5,14,5337.13444981,14824.053251819998,16119755.769746358
2020,all_20plus,cyber,other_body_reporters,bank,False,0,14,0.0,14824.053251819998,16119755.769746358
2020,all_20plus,cyber,other_body_reporters,family,True,8,14,8335.858941359998,14824.053251819998,16119755.769746358
2020,all_20plus,cyber,other_body_reporters,government,False,0,14,0.0,14824.053251819998,16119755.769746358
2020,all_20plus,cyber,other_body_reporters,isp,True,0,14,0.0,14824.053251819998,16119755.769746358
2020,all_20plus,cyber,other_body_reporters,legal,True,2,14,1732.6048128,14824.053251819998,16119755.769746358
2020,all_20plus,cyber,other_body_reporters,none,True,1,14,1235.0619829,14824.053251819998,16119755.769746358
2020,all_20plus,cyber,other_body_reporters,other,True,7,14,7593.38549806,14824.053251819998,16119755.769746358
2020,all_20plus,cyber,other_body_reporters,professional,False,0,14,0.0,14824.053251819998,16119755.769746358
2020,all_20plus,cyber,other_body_reporters,website,True,0,14,0.0,14824.053251819998,16119755.769746358
2020,all_20plus,cyber,other_body_nonreporters,acquaintance,True,28,114,29536.94288227,126683.85128024999,145438505.9452524
2020,all_20plus,cyber,other_body_nonreporters,bank,False,0,114,0.0,126683.85128024999,145438505.9452524
2020,all_20plus,cyber,other_body_nonreporters,family,True,36,114,41195.64457792001,126683.85128024999,145438505.9452524
2020,all_20plus,cyber,other_body_nonreporters,government,False,0,114,0.0,126683.85128024999,145438505.9452524
2020,all_20plus,cyber,other_body_nonreporters,isp,True,9,114,9365.056839260002,126683.85128024999,145438505.9452524
2020,all_20plus,cyber,other_body_nonreporters,legal,True,1,114,1256.6891321,126683.85128024999,145438505.9452524
2020,all_20plus,cyber,other_body_nonreporters,none,True,26,114,28221.87434025,126683.85128024999,145438505.9452524
2020,all_20plus,cyber,other_body_nonreporters,other,True,43,114,49222.26042455,126683.85128024999,145438505.9452524
2020,all_20plus,cyber,other_body_nonreporters,professional,False,0,114,0.0,126683.85128024999,145438505.9452524
2020,all_20plus,cyber,other_body_nonreporters,website,True,14,114,14746.61281352,126683.85128024999,145438505.9452524
2020,all_20plus,sexual_harassment,reported,yes,True,1,105,1764.1328794,110711.7443761,122134227.92764615
2020,all_20plus,sexual_harassment,reason_not_reported,ashamed,True,6,104,6074.25428399,108947.6114967,119022063.11146602
2020,all_20plus,sexual_harassment,reason_not_reported,fear_revenge,True,5,104,3971.53302255,108947.6114967,119022063.11146602
2020,all_20plus,sexual_harassment,reason_not_reported,handled_self,True,17,104,17947.073351619998,108947.6114967,119022063.11146602
2020,all_20plus,sexual_harassment,reason_not_reported,not_worth_bothering,True,16,104,16443.58674359,108947.6114967,119022063.11146602
2020,all_20plus,sexual_harassment,reason_not_reported,other,True,3,104,3405.8327030600003,108947.6114967,119022063.11146602
2020,all_20plus,sexual_harassment,reason_not_reported,personal_time,True,9,104,10335.33556276,108947.6114967,119022063.11146602
2020,all_20plus,sexual_harassment,reason_not_reported,police_ineffective_past,True,8,104,8545.20209338,108947.6114967,119022063.11146602
2020,all_20plus,sexual_harassment,reason_not_reported,police_unable,True,17,104,16935.97062321,108947.6114967,119022063.11146602
2020,all_20plus,sexual_harassment,reason_not_reported,police_unwilling,True,18,104,19507.10045667,108947.6114967,119022063.11146602
2020,all_20plus,sexual_harassment,reason_not_reported,turned_elsewhere,True,5,104,5781.7226558699995,108947.6114967,119022063.11146602
2020,all_20plus,sexual_harassment,other_body,acquaintance,True,27,103,28653.46696678,108667.23955149,119403217.12262236
2020,all_20plus,sexual_harassment,other_body,family,True,22,103,23797.887880669998,108667.23955149,119403217.12262236
2020,all_20plus,sexual_harassment,other_body,legal,True,1,103,1327.8684655,108667.23955149,119403217.12262236
2020,all_20plus,sexual_harassment,other_body,medical,True,1,103,906.38340035,108667.23955149,119403217.12262236
2020,all_20plus,sexual_harassment,other_body,mental_health,True,10,103,8624.17734189,108667.23955149,119403217.12262236
2020,all_20plus,sexual_harassment,other_body,ngo,True,3,103,3682.8674297,108667.23955149,119403217.12262236
2020,all_20plus,sexual_harassment,other_body,none,True,54,103,57558.712371149995,108667.23955149,119403217.12262236
2020,all_20plus,sexual_harassment,other_body,other,True,1,103,1093.7566233,108667.23955149,119403217.12262236
2020,all_20plus,sexual_harassment,other_body,welfare,True,2,103,2136.24821145,108667.23955149,119403217.12262236
2020,all_20plus,sexual_harassment,other_body,workplace,True,9,103,9845.75413502,108667.23955149,119403217.12262236
2020,all_20plus,sexual_harassment,other_body_reporters,acquaintance,True,0,1,0.0,1764.1328794,3112164.816180135
2020,all_20plus,sexual_harassment,other_body_reporters,family,True,0,1,0.0,1764.1328794,3112164.816180135
2020,all_20plus,sexual_harassment,other_body_reporters,legal,True,0,1,0.0,1764.1328794,3112164.816180135
2020,all_20plus,sexual_harassment,other_body_reporters,medical,True,0,1,0.0,1764.1328794,3112164.816180135
2020,all_20plus,sexual_harassment,other_body_reporters,mental_health,True,0,1,0.0,1764.1328794,3112164.816180135
2020,all_20plus,sexual_harassment,other_body_reporters,ngo,True,0,1,0.0,1764.1328794,3112164.816180135
2020,all_20plus,sexual_harassment,other_body_reporters,none,True,1,1,1764.1328794,1764.1328794,3112164.816180135
2020,all_20plus,sexual_harassment,other_body_reporters,other,True,0,1,0.0,1764.1328794,3112164.816180135
2020,all_20plus,sexual_harassment,other_body_reporters,welfare,True,0,1,0.0,1764.1328794,3112164.816180135
2020,all_20plus,sexual_harassment,other_body_reporters,workplace,True,0,1,0.0,1764.1328794,3112164.816180135
2020,all_20plus,sexual_harassment,other_body_nonreporters,acquaintance,True,27,101,28653.46696678,105790.42447289,115052990.63002566
2020,all_20plus,sexual_harassment,other_body_nonreporters,family,True,22,101,23797.887880669998,105790.42447289,115052990.63002566
2020,all_20plus,sexual_harassment,other_body_nonreporters,legal,True,1,101,1327.8684655,105790.42447289,115052990.63002566
2020,all_20plus,sexual_harassment,other_body_nonreporters,medical,True,1,101,906.38340035,105790.42447289,115052990.63002566
2020,all_20plus,sexual_harassment,other_body_nonreporters,mental_health,True,10,101,8624.17734189,105790.42447289,115052990.63002566
2020,all_20plus,sexual_harassment,other_body_nonreporters,ngo,True,3,101,3682.8674297,105790.42447289,115052990.63002566
2020,all_20plus,sexual_harassment,other_body_nonreporters,none,True,52,101,54681.897292550006,105790.42447289,115052990.63002566
2020,all_20plus,sexual_harassment,other_body_nonreporters,other,True,1,101,1093.7566233,105790.42447289,115052990.63002566
2020,all_20plus,sexual_harassment,other_body_nonreporters,welfare,True,2,101,2136.24821145,105790.42447289,115052990.63002566
2020,all_20plus,sexual_harassment,other_body_nonreporters,workplace,True,9,101,9845.75413502,105790.42447289,115052990.63002566
2020,all_20plus,theft,reported,yes,True,52,124,58778.369708670005,138014.1473722,159474935.09174657
2020,all_20plus,theft,reason_not_reported,handled_self,True,7,72,7385.726681730001,79235.77766353,89891584.51855382
2020,all_20plus,theft,reason_not_reported,not_worth_bothering,True,8,72,8900.269112819999,79235.77766353,89891584.51855382
2020,all_20plus,theft,reason_not_reported,other,True,1,72,1143.6740534,79235.77766353,89891584.51855382
2020,all_20plus,theft,reason_not_reported,personal_time,True,14,72,16089.33334554,79235.77766353,89891584.51855382
2020,all_20plus,theft,reason_not_reported,police_ineffective_past,True,12,72,12486.97446456,79235.77766353,89891584.51855382
2020,all_20plus,theft,reason_not_reported,police_unable,True,16,72,18106.55145252,79235.77766353,89891584.51855382
2020,all_20plus,theft,reason_not_reported,police_unwilling,True,11,72,12156.10690044,79235.77766353,89891584.51855382
2020,all_20plus,theft,reason_not_reported,turned_elsewhere,True,3,72,2967.14165252,79235.77766353,89891584.51855382
2020,all_20plus,violence_threat,reported,yes,True,49,128,56152.56537357,143079.30974096997,165892111.4875331
2020,all_20plus,violence_threat,reason_not_reported,ashamed,True,2,78,1744.94485751,85846.95194220002,97463936.26785463
2020,all_20plus,violence_threat,reason_not_reported,fear_revenge,True,10,78,10063.72844961,85846.95194220002,97463936.26785463
2020,all_20plus,violence_threat,reason_not_reported,handled_self,True,8,78,8553.70755622,85846.95194220002,97463936.26785463
2020,all_20plus,violence_threat,reason_not_reported,not_worth_bothering,True,10,78,11520.33103581,85846.95194220002,97463936.26785463
2020,all_20plus,violence_threat,reason_not_reported,other,True,6,78,6701.23222768,85846.95194220002,97463936.26785463
2020,all_20plus,violence_threat,reason_not_reported,personal_time,True,7,78,8462.2989447,85846.95194220002,97463936.26785463
2020,all_20plus,violence_threat,reason_not_reported,police_ineffective_past,True,11,78,12579.8855785,85846.95194220002,97463936.26785463
2020,all_20plus,violence_threat,reason_not_reported,police_unable,True,11,78,12695.376220869999,85846.95194220002,97463936.26785463
2020,all_20plus,violence_threat,reason_not_reported,police_unwilling,True,11,78,11638.52360236,85846.95194220002,97463936.26785463
2020,all_20plus,violence_threat,reason_not_reported,turned_elsewhere,True,2,78,1886.92346894,85846.95194220002,97463936.26785463
2020,all_20plus,violence_threat,other_body,acquaintance,True,33,127,38137.9931845,141349.67944433,163069151.32618445
2020,all_20plus,violence_threat,other_body,family,True,48,127,55908.84090108,141349.67944433,163069151.32618445
2020,all_20plus,violence_threat,other_body,legal,True,8,127,9081.10434085,141349.67944433,163069151.32618445
2020,all_20plus,violence_threat,other_body,medical,True,16,127,17900.126948060002,141349.67944433,163069151.32618445
2020,all_20plus,violence_threat,other_body,mental_health,True,12,127,12778.338116980001,141349.67944433,163069151.32618445
2020,all_20plus,violence_threat,other_body,ngo,True,4,127,4180.41804205,141349.67944433,163069151.32618445
2020,all_20plus,violence_threat,other_body,none,True,45,127,49062.83808509,141349.67944433,163069151.32618445
2020,all_20plus,violence_threat,other_body,other,True,6,127,6332.773912979999,141349.67944433,163069151.32618445
2020,all_20plus,violence_threat,other_body,welfare,True,8,127,8705.35939805,141349.67944433,163069151.32618445
2020,all_20plus,violence_threat,other_body,workplace,True,29,127,33684.57472013,141349.67944433,163069151.32618445
2020,all_20plus,violence_threat,other_body_reporters,acquaintance,True,14,49,16359.622034369999,56152.56537357,67262223.53815913
2020,all_20plus,violence_threat,other_body_reporters,family,True,17,49,19652.029973880002,56152.56537357,67262223.53815913
2020,all_20plus,violence_threat,other_body_reporters,legal,True,8,49,9081.10434085,56152.56537357,67262223.53815913
2020,all_20plus,violence_threat,other_body_reporters,medical,True,13,49,14593.957418749998,56152.56537357,67262223.53815913
2020,all_20plus,violence_threat,other_body_reporters,mental_health,True,8,49,8955.62448473,56152.56537357,67262223.53815913
2020,all_20plus,violence_threat,other_body_reporters,ngo,True,3,49,3036.74398865,56152.56537357,67262223.53815913
2020,all_20plus,violence_threat,other_body_reporters,none,True,16,49,18167.542372230004,56152.56537357,67262223.53815913
2020,all_20plus,violence_threat,other_body_reporters,other,True,2,49,2277.6605005,56152.56537357,67262223.53815913
2020,all_20plus,violence_threat,other_body_reporters,welfare,True,6,49,6397.658209950001,56152.56537357,67262223.53815913
2020,all_20plus,violence_threat,other_body_reporters,workplace,True,13,49,15536.906491959999,56152.56537357,67262223.53815913
2020,all_20plus,violence_threat,other_body_nonreporters,acquaintance,True,19,77,21778.371150130002,84247.0930925,94904387.92889123
2020,all_20plus,violence_threat,other_body_nonreporters,family,True,31,77,36256.81092719999,84247.0930925,94904387.92889123
2020,all_20plus,violence_threat,other_body_nonreporters,legal,True,0,77,0.0,84247.0930925,94904387.92889123
2020,all_20plus,violence_threat,other_body_nonreporters,medical,True,3,77,3306.1695293099997,84247.0930925,94904387.92889123
2020,all_20plus,violence_threat,other_body_nonreporters,mental_health,True,4,77,3822.71363225,84247.0930925,94904387.92889123
2020,all_20plus,violence_threat,other_body_nonreporters,ngo,True,1,77,1143.6740534,84247.0930925,94904387.92889123
2020,all_20plus,violence_threat,other_body_nonreporters,none,True,28,77,29945.2747346,84247.0930925,94904387.92889123
2020,all_20plus,violence_threat,other_body_nonreporters,other,True,4,77,4055.11341248,84247.0930925,94904387.92889123
2020,all_20plus,violence_threat,other_body_nonreporters,welfare,True,2,77,2307.7011881,84247.0930925,94904387.92889123
2020,all_20plus,violence_threat,other_body_nonreporters,workplace,True,16,77,18147.66822817,84247.0930925,94904387.92889123
2021,haredi,cyber,reported,yes,True,0,22,0.0,24840.82530732,28451951.497596204
2021,haredi,cyber,reason_not_reported,ashamed,True,0,22,0.0,24840.82530732,28451951.497596204
2021,haredi,cyber,reason_not_reported,didnt_know_police_handles,False,0,22,0.0,24840.82530732,28451951.497596204
2021,haredi,cyber,reason_not_reported,fear_revenge,True,0,22,0.0,24840.82530732,28451951.497596204
2021,haredi,cyber,reason_not_reported,handled_self,True,4,22,4537.3543357,24840.82530732,28451951.497596204
2021,haredi,cyber,reason_not_reported,not_worth_bothering,True,1,22,1031.6019723,24840.82530732,28451951.497596204
2021,haredi,cyber,reason_not_reported,other,True,2,22,2578.5322999,24840.82530732,28451951.497596204
2021,haredi,cyber,reason_not_reported,personal_time,True,3,22,3472.7891972999996,24840.82530732,28451951.497596204
2021,haredi,cyber,reason_not_reported,police_ineffective_past,True,2,22,1782.42549706,24840.82530732,28451951.497596204
2021,haredi,cyber,reason_not_reported,police_unable,True,2,22,2382.6918254,24840.82530732,28451951.497596204
2021,haredi,cyber,reason_not_reported,police_unwilling,True,3,22,3548.3591274,24840.82530732,28451951.497596204
2021,haredi,cyber,reason_not_reported,turned_elsewhere,True,5,22,5507.07105226,24840.82530732,28451951.497596204
2021,haredi,cyber,other_body,acquaintance,True,0,22,0.0,24840.82530732,28451951.497596204
2021,haredi,cyber,other_body,bank,True,13,22,15077.15019316,24840.82530732,28451951.497596204
2021,haredi,cyber,other_body,family,True,2,22,2286.0415156999998,24840.82530732,28451951.497596204
2021,haredi,cyber,other_body,government,False,0,22,0.0,24840.82530732,28451951.497596204
2021,haredi,cyber,other_body,isp,True,1,22,1188.094217,24840.82530732,28451951.497596204
2021,haredi,cyber,other_body,legal,True,0,22,0.0,24840.82530732,28451951.497596204
2021,haredi,cyber,other_body,none,True,8,22,8586.080684960001,24840.82530732,28451951.497596204
2021,haredi,cyber,other_body,other,True,1,22,1177.5944292,24840.82530732,28451951.497596204
2021,haredi,cyber,other_body,professional,True,0,22,0.0,24840.82530732,28451951.497596204
2021,haredi,cyber,other_body,website,True,0,22,0.0,24840.82530732,28451951.497596204
2021,haredi,cyber,other_body_reporters,acquaintance,True,0,0,0.0,0.0,0.0
2021,haredi,cyber,other_body_reporters,bank,True,0,0,0.0,0.0,0.0
2021,haredi,cyber,other_body_reporters,family,True,0,0,0.0,0.0,0.0
2021,haredi,cyber,other_body_reporters,government,False,0,0,0.0,0.0,0.0
2021,haredi,cyber,other_body_reporters,isp,True,0,0,0.0,0.0,0.0
2021,haredi,cyber,other_body_reporters,legal,True,0,0,0.0,0.0,0.0
2021,haredi,cyber,other_body_reporters,none,True,0,0,0.0,0.0,0.0
2021,haredi,cyber,other_body_reporters,other,True,0,0,0.0,0.0,0.0
2021,haredi,cyber,other_body_reporters,professional,True,0,0,0.0,0.0,0.0
2021,haredi,cyber,other_body_reporters,website,True,0,0,0.0,0.0,0.0
2021,haredi,cyber,other_body_nonreporters,acquaintance,True,0,22,0.0,24840.82530732,28451951.497596204
2021,haredi,cyber,other_body_nonreporters,bank,True,13,22,15077.15019316,24840.82530732,28451951.497596204
2021,haredi,cyber,other_body_nonreporters,family,True,2,22,2286.0415156999998,24840.82530732,28451951.497596204
2021,haredi,cyber,other_body_nonreporters,government,False,0,22,0.0,24840.82530732,28451951.497596204
2021,haredi,cyber,other_body_nonreporters,isp,True,1,22,1188.094217,24840.82530732,28451951.497596204
2021,haredi,cyber,other_body_nonreporters,legal,True,0,22,0.0,24840.82530732,28451951.497596204
2021,haredi,cyber,other_body_nonreporters,none,True,8,22,8586.080684960001,24840.82530732,28451951.497596204
2021,haredi,cyber,other_body_nonreporters,other,True,1,22,1177.5944292,24840.82530732,28451951.497596204
2021,haredi,cyber,other_body_nonreporters,professional,True,0,22,0.0,24840.82530732,28451951.497596204
2021,haredi,cyber,other_body_nonreporters,website,True,0,22,0.0,24840.82530732,28451951.497596204
2021,haredi,sexual_harassment,reported,yes,True,0,6,0.0,6141.02779214,6491785.620384956
2021,haredi,sexual_harassment,reason_not_reported,ashamed,True,0,6,0.0,6141.02779214,6491785.620384956
2021,haredi,sexual_harassment,reason_not_reported,fear_revenge,True,0,6,0.0,6141.02779214,6491785.620384956
2021,haredi,sexual_harassment,reason_not_reported,handled_self,True,2,6,2215.9927138000003,6141.02779214,6491785.620384956
2021,haredi,sexual_harassment,reason_not_reported,not_worth_bothering,True,0,6,0.0,6141.02779214,6491785.620384956
2021,haredi,sexual_harassment,reason_not_reported,other,True,0,6,0.0,6141.02779214,6491785.620384956
2021,haredi,sexual_harassment,reason_not_reported,personal_time,True,1,6,731.92007173,6141.02779214,6491785.620384956
2021,haredi,sexual_harassment,reason_not_reported,police_ineffective_past,True,1,6,803.87082431,6141.02779214,6491785.620384956
2021,haredi,sexual_harassment,reason_not_reported,police_unable,True,1,6,1202.9365856,6141.02779214,6491785.620384956
2021,haredi,sexual_harassment,reason_not_reported,police_unwilling,True,0,6,0.0,6141.02779214,6491785.620384956
2021,haredi,sexual_harassment,reason_not_reported,turned_elsewhere,True,1,6,1186.3075967,6141.02779214,6491785.620384956
2021,haredi,sexual_harassment,other_body,acquaintance,True,1,6,803.87082431,6141.02779214,6491785.620384956
2021,haredi,sexual_harassment,other_body,family,True,2,6,1535.79089604,6141.02779214,6491785.620384956
2021,haredi,sexual_harassment,other_body,legal,True,1,6,803.87082431,6141.02779214,6491785.620384956
2021,haredi,sexual_harassment,other_body,medical,True,0,6,0.0,6141.02779214,6491785.620384956
2021,haredi,sexual_harassment,other_body,mental_health,True,2,6,1990.17842101,6141.02779214,6491785.620384956
2021,haredi,sexual_harassment,other_body,ngo,True,0,6,0.0,6141.02779214,6491785.620384956
2021,haredi,sexual_harassment,other_body,none,True,3,6,3418.9292994,6141.02779214,6491785.620384956
2021,haredi,sexual_harassment,other_body,other,True,0,6,0.0,6141.02779214,6491785.620384956
2021,haredi,sexual_harassment,other_body,welfare,True,1,6,803.87082431,6141.02779214,6491785.620384956
2021,haredi,sexual_harassment,other_body,workplace,True,1,6,803.87082431,6141.02779214,6491785.620384956
2021,haredi,sexual_harassment,other_body_reporters,acquaintance,True,0,0,0.0,0.0,0.0
2021,haredi,sexual_harassment,other_body_reporters,family,True,0,0,0.0,0.0,0.0
2021,haredi,sexual_harassment,other_body_reporters,legal,True,0,0,0.0,0.0,0.0
2021,haredi,sexual_harassment,other_body_reporters,medical,True,0,0,0.0,0.0,0.0
2021,haredi,sexual_harassment,other_body_reporters,mental_health,True,0,0,0.0,0.0,0.0
2021,haredi,sexual_harassment,other_body_reporters,ngo,True,0,0,0.0,0.0,0.0
2021,haredi,sexual_harassment,other_body_reporters,none,True,0,0,0.0,0.0,0.0
2021,haredi,sexual_harassment,other_body_reporters,other,True,0,0,0.0,0.0,0.0
2021,haredi,sexual_harassment,other_body_reporters,welfare,True,0,0,0.0,0.0,0.0
2021,haredi,sexual_harassment,other_body_reporters,workplace,True,0,0,0.0,0.0,0.0
2021,haredi,sexual_harassment,other_body_nonreporters,acquaintance,True,1,6,803.87082431,6141.02779214,6491785.620384956
2021,haredi,sexual_harassment,other_body_nonreporters,family,True,2,6,1535.79089604,6141.02779214,6491785.620384956
2021,haredi,sexual_harassment,other_body_nonreporters,legal,True,1,6,803.87082431,6141.02779214,6491785.620384956
2021,haredi,sexual_harassment,other_body_nonreporters,medical,True,0,6,0.0,6141.02779214,6491785.620384956
2021,haredi,sexual_harassment,other_body_nonreporters,mental_health,True,2,6,1990.17842101,6141.02779214,6491785.620384956
2021,haredi,sexual_harassment,other_body_nonreporters,ngo,True,0,6,0.0,6141.02779214,6491785.620384956
2021,haredi,sexual_harassment,other_body_nonreporters,none,True,3,6,3418.9292994,6141.02779214,6491785.620384956
2021,haredi,sexual_harassment,other_body_nonreporters,other,True,0,6,0.0,6141.02779214,6491785.620384956
2021,haredi,sexual_harassment,other_body_nonreporters,welfare,True,1,6,803.87082431,6141.02779214,6491785.620384956
2021,haredi,sexual_harassment,other_body_nonreporters,workplace,True,1,6,803.87082431,6141.02779214,6491785.620384956
2021,haredi,theft,reported,yes,True,4,11,4589.7681214,12979.2945326,15337907.960110469
2021,haredi,theft,reason_not_reported,handled_self,True,1,7,1140.5914487,8389.5264112,10066611.37910808
2021,haredi,theft,reason_not_reported,not_worth_bothering,True,2,7,2424.3528038,8389.5264112,10066611.37910808
2021,haredi,theft,reason_not_reported,other,True,0,7,0.0,8389.5264112,10066611.37910808
2021,haredi,theft,reason_not_reported,personal_time,True,1,7,1266.1961421,8389.5264112,10066611.37910808
2021,haredi,theft,reason_not_reported,police_ineffective_past,True,0,7,0.0,8389.5264112,10066611.37910808
2021,haredi,theft,reason_not_reported,police_unable,True,1,7,1202.9365856,8389.5264112,10066611.37910808
2021,haredi,theft,reason_not_reported,police_unwilling,True,1,7,1169.1418343,8389.5264112,10066611.37910808
2021,haredi,theft,reason_not_reported,turned_elsewhere,True,1,7,1186.3075967,8389.5264112,10066611.37910808
2021,haredi,violence_threat,reported,yes,True,3,14,2867.7795380300004,15412.995299680002,17262404.48914927
2021,haredi,violence_threat,reason_not_reported,ashamed,True,0,11,0.0,12545.21576165,14444876.674931895
2021,haredi,violence_threat,reason_not_reported,fear_revenge,True,1,11,895.11629785,12545.21576165,14444876.674931895
2021,haredi,violence_threat,reason_not_reported,handled_self,True,0,11,0.0,12545.21576165,14444876.674931895
2021,haredi,violence_threat,reason_not_reported,not_worth_bothering,True,1,11,1307.7587332,12545.21576165,14444876.674931895
2021,haredi,violence_threat,reason_not_reported,other,True,0,11,0.0,12545.21576165,14444876.674931895
2021,haredi,violence_threat,reason_not_reported,personal_time,True,2,11,2273.4295503000003,12545.21576165,14444876.674931895
2021,haredi,violence_threat,reason_not_reported,police_ineffective_past,True,1,11,1177.8087883,12545.21576165,14444876.674931895
2021,haredi,violence_threat,reason_not_reported,police_unable,True,1,11,1266.1961421,12545.21576165,14444876.674931895
2021,haredi,violence_threat,reason_not_reported,police_unwilling,True,4,11,4562.0730264,12545.21576165,14444876.674931895
2021,haredi,violence_threat,reason_not_reported,turned_elsewhere,True,1,11,1062.8332235,12545.21576165,14444876.674931895
2021,haredi,violence_threat,other_body,acquaintance,True,5,14,5359.70823493,15412.995299680002,17262404.48914927
2021,haredi,violence_threat,other_body,family,True,4,14,4640.5398172000005,15412.995299680002,17262404.48914927
2021,haredi,violence_threat,other_body,legal,True,0,14,0.0,15412.995299680002,17262404.48914927
2021,haredi,violence_threat,other_body,medical,True,0,14,0.0,15412.995299680002,17262404.48914927
2021,haredi,violence_threat,other_body,mental_health,True,0,14,0.0,15412.995299680002,17262404.48914927
2021,haredi,violence_threat,other_body,ngo,True,0,14,0.0,15412.995299680002,17262404.48914927
2021,haredi,violence_threat,other_body,none,True,3,14,3454.7977261999995,15412.995299680002,17262404.48914927
2021,haredi,violence_threat,other_body,other,True,0,14,0.0,15412.995299680002,17262404.48914927
2021,haredi,violence_threat,other_body,welfare,True,0,14,0.0,15412.995299680002,17262404.48914927
2021,haredi,violence_threat,other_body,workplace,True,2,14,1957.94952135,15412.995299680002,17262404.48914927
2021,haredi,violence_threat,other_body_reporters,acquaintance,True,2,3,1778.9573071300001,2867.7795380300004,2817527.8142173765
2021,haredi,violence_threat,other_body_reporters,family,True,0,3,0.0,2867.7795380300004,2817527.8142173765
2021,haredi,violence_threat,other_body_reporters,legal,True,0,3,0.0,2867.7795380300004,2817527.8142173765
2021,haredi,violence_threat,other_body_reporters,medical,True,0,3,0.0,2867.7795380300004,2817527.8142173765
2021,haredi,violence_threat,other_body_reporters,mental_health,True,0,3,0.0,2867.7795380300004,2817527.8142173765
2021,haredi,violence_threat,other_body_reporters,ngo,True,0,3,0.0,2867.7795380300004,2817527.8142173765
2021,haredi,violence_threat,other_body_reporters,none,True,1,3,1088.8222309,2867.7795380300004,2817527.8142173765
2021,haredi,violence_threat,other_body_reporters,other,True,0,3,0.0,2867.7795380300004,2817527.8142173765
2021,haredi,violence_threat,other_body_reporters,welfare,True,0,3,0.0,2867.7795380300004,2817527.8142173765
2021,haredi,violence_threat,other_body_reporters,workplace,True,0,3,0.0,2867.7795380300004,2817527.8142173765
2021,haredi,violence_threat,other_body_nonreporters,acquaintance,True,3,11,3580.7509277999998,12545.21576165,14444876.674931895
2021,haredi,violence_threat,other_body_nonreporters,family,True,4,11,4640.5398172000005,12545.21576165,14444876.674931895
2021,haredi,violence_threat,other_body_nonreporters,legal,True,0,11,0.0,12545.21576165,14444876.674931895
2021,haredi,violence_threat,other_body_nonreporters,medical,True,0,11,0.0,12545.21576165,14444876.674931895
2021,haredi,violence_threat,other_body_nonreporters,mental_health,True,0,11,0.0,12545.21576165,14444876.674931895
2021,haredi,violence_threat,other_body_nonreporters,ngo,True,0,11,0.0,12545.21576165,14444876.674931895
2021,haredi,violence_threat,other_body_nonreporters,none,True,2,11,2365.9754953,12545.21576165,14444876.674931895
2021,haredi,violence_threat,other_body_nonreporters,other,True,0,11,0.0,12545.21576165,14444876.674931895
2021,haredi,violence_threat,other_body_nonreporters,welfare,True,0,11,0.0,12545.21576165,14444876.674931895
2021,haredi,violence_threat,other_body_nonreporters,workplace,True,2,11,1957.94952135,12545.21576165,14444876.674931895
2021,nonharedi_jew,cyber,reported,yes,True,16,286,17804.70712181,312432.51201913,349735475.35229546
2021,nonharedi_jew,cyber,reason_not_reported,ashamed,True,3,270,3605.7390044999997,294627.80489732,329308123.02925146
2021,nonharedi_jew,cyber,reason_not_reported,didnt_know_police_handles,False,0,270,0.0,294627.80489732,329308123.02925146
2021,nonharedi_jew,cyber,reason_not_reported,fear_revenge,True,0,270,0.0,294627.80489732,329308123.02925146
2021,nonharedi_jew,cyber,reason_not_reported,handled_self,True,38,270,41479.37916258,294627.80489732,329308123.02925146
2021,nonharedi_jew,cyber,reason_not_reported,not_worth_bothering,True,43,270,48023.81429253,294627.80489732,329308123.02925146
2021,nonharedi_jew,cyber,reason_not_reported,other,True,14,270,14196.684655549998,294627.80489732,329308123.02925146
2021,nonharedi_jew,cyber,reason_not_reported,personal_time,True,18,270,18343.813626720003,294627.80489732,329308123.02925146
2021,nonharedi_jew,cyber,reason_not_reported,police_ineffective_past,True,22,270,23410.248657410004,294627.80489732,329308123.02925146
2021,nonharedi_jew,cyber,reason_not_reported,police_unable,True,36,270,41186.40482157,294627.80489732,329308123.02925146
2021,nonharedi_jew,cyber,reason_not_reported,police_unwilling,True,34,270,36385.68463024,294627.80489732,329308123.02925146
2021,nonharedi_jew,cyber,reason_not_reported,turned_elsewhere,True,62,270,67996.03604621999,294627.80489732,329308123.02925146
2021,nonharedi_jew,cyber,other_body,acquaintance,True,31,286,35706.48198968999,312284.03986603,349401914.31562704
2021,nonharedi_jew,cyber,other_body,bank,True,97,286,104387.48791883,312284.03986603,349401914.31562704
2021,nonharedi_jew,cyber,other_body,family,True,82,286,90334.42067594001,312284.03986603,349401914.31562704
2021,nonharedi_jew,cyber,other_body,government,False,0,286,0.0,312284.03986603,349401914.31562704
2021,nonharedi_jew,cyber,other_body,isp,True,14,286,14136.104829900001,312284.03986603,349401914.31562704
2021,nonharedi_jew,cyber,other_body,legal,True,6,286,6515.19030114,312284.03986603,349401914.31562704
2021,nonharedi_jew,cyber,other_body,none,True,84,286,91708.22270003997,312284.03986603,349401914.31562704
2021,nonharedi_jew,cyber,other_body,other,True,8,286,8943.21815556,312284.03986603,349401914.31562704
2021,nonharedi_jew,cyber,other_body,professional,True,33,286,37893.33034996,312284.03986603,349401914.31562704
2021,nonharedi_jew,cyber,other_body,website,True,28,286,30759.106479249996,312284.03986603,349401914.31562704
2021,nonharedi_jew,cyber,other_body_reporters,acquaintance,True,5,16,6037.90724898,17804.70712181,20427352.323043972
2021,nonharedi_jew,cyber,other_body_reporters,bank,True,5,16,5466.38736474,17804.70712181,20427352.323043972
2021,nonharedi_jew,cyber,other_body_reporters,family,True,7,16,7409.15668717,17804.70712181,20427352.323043972
2021,nonharedi_jew,cyber,other_body_reporters,government,False,0,16,0.0,17804.70712181,20427352.323043972
2021,nonharedi_jew,cyber,other_body_reporters,isp,True,3,16,3603.7189765000003,17804.70712181,20427352.323043972
2021,nonharedi_jew,cyber,other_body_reporters,legal,True,3,16,3761.5045794999996,17804.70712181,20427352.323043972
2021,nonharedi_jew,cyber,other_body_reporters,none,True,1,16,1113.1464069,17804.70712181,20427352.323043972
2021,nonharedi_jew,cyber,other_body_reporters,other,True,2,16,2286.3857302799997,17804.70712181,20427352.323043972
2021,nonharedi_jew,cyber,other_body_reporters,professional,True,2,16,2200.7608139,17804.70712181,20427352.323043972
2021,nonharedi_jew,cyber,other_body_reporters,website,True,4,16,4314.67829808,17804.70712181,20427352.323043972
2021,nonharedi_jew,cyber,other_body_nonreporters,acquaintance,True,26,269,29668.574740709995,293430.25704242,327874002.1644759
2021,nonharedi_jew,cyber,other_body_nonreporters,bank,True,92,269,98921.10055409001,293430.25704242,327874002.1644759
2021,nonharedi_jew,cyber,other_body_nonreporters,family,True,75,269,82925.26398877,293430.25704242,327874002.1644759
2021,nonharedi_jew,cyber,other_body_nonreporters,government,False,0,269,0.0,293430.25704242,327874002.1644759
2021,nonharedi_jew,cyber,other_body_nonreporters,isp,True,11,269,10532.385853400001,293430.25704242,327874002.1644759
2021,nonharedi_jew,cyber,other_body_nonreporters,legal,True,3,269,2753.6857216400003,293430.25704242,327874002.1644759
2021,nonharedi_jew,cyber,other_body_nonreporters,none,True,82,269,89546.00059133998,293430.25704242,327874002.1644759
2021,nonharedi_jew,cyber,other_body_nonreporters,other,True,6,269,6656.83242528,293430.25704242,327874002.1644759
2021,nonharedi_jew,cyber,other_body_nonreporters,professional,True,31,269,35692.56953606,293430.25704242,327874002.1644759
2021,nonharedi_jew,cyber,other_body_nonreporters,website,True,24,269,26444.42818117,293430.25704242,327874002.1644759
2021,nonharedi_jew,sexual_harassment,reported,yes,True,5,130,6295.16383744,149481.66255253,176257656.8376264
2021,nonharedi_jew,sexual_harassment,reason_not_reported,ashamed,True,4,124,4601.3807840300005,142489.59052628,167685304.06891155
2021,nonharedi_jew,sexual_harassment,reason_not_reported,fear_revenge,True,3,124,3538.4682285999997,142489.59052628,167685304.06891155
2021,nonharedi_jew,sexual_harassment,reason_not_reported,handled_self,True,15,124,17860.234682749997,142489.59052628,167685304.06891155
2021,nonharedi_jew,sexual_harassment,reason_not_reported,not_worth_bothering,True,25,124,28753.97877347,142489.59052628,167685304.06891155
2021,nonharedi_jew,sexual_harassment,reason_not_reported,other,True,8,124,9510.95939956,142489.59052628,167685304.06891155
2021,nonharedi_jew,sexual_harassment,reason_not_reported,personal_time,True,18,124,21088.15130089,142489.59052628,167685304.06891155
2021,nonharedi_jew,sexual_harassment,reason_not_reported,police_ineffective_past,True,19,124,20306.75335124,142489.59052628,167685304.06891155
2021,nonharedi_jew,sexual_harassment,reason_not_reported,police_unable,True,10,124,10764.911670540001,142489.59052628,167685304.06891155
2021,nonharedi_jew,sexual_harassment,reason_not_reported,police_unwilling,True,17,124,20028.37661049,142489.59052628,167685304.06891155
2021,nonharedi_jew,sexual_harassment,reason_not_reported,turned_elsewhere,True,5,124,6036.375724709999,142489.59052628,167685304.06891155
2021,nonharedi_jew,sexual_harassment,other_body,acquaintance,True,34,129,38987.25477193,148166.03023723,174526768.44856477
2021,nonharedi_jew,sexual_harassment,other_body,family,True,23,129,26613.656727579997,148166.03023723,174526768.44856477
2021,nonharedi_jew,sexual_harassment,other_body,legal,True,1,129,1045.8985732,148166.03023723,174526768.44856477
2021,nonharedi_jew,sexual_harassment,other_body,medical,True,1,129,1123.2616012,148166.03023723,174526768.44856477
2021,nonharedi_jew,sexual_harassment,other_body,mental_health,True,13,129,13490.34626224,148166.03023723,174526768.44856477
2021,nonharedi_jew,sexual_harassment,other_body,ngo,True,1,129,863.72011721,148166.03023723,174526768.44856477
2021,nonharedi_jew,sexual_harassment,other_body,none,True,67,129,77105.09374884999,148166.03023723,174526768.44856477
2021,nonharedi_jew,sexual_harassment,other_body,other,True,1,129,1045.8985732,148166.03023723,174526768.44856477
2021,nonharedi_jew,sexual_harassment,other_body,welfare,True,4,129,4935.84387981,148166.03023723,174526768.44856477
2021,nonharedi_jew,sexual_harassment,other_body,workplace,True,13,129,15025.240991079998,148166.03023723,174526768.44856477
2021,nonharedi_jew,sexual_harassment,other_body_reporters,acquaintance,True,0,5,0.0,6295.16383744,8086671.745084437
2021,nonharedi_jew,sexual_harassment,other_body_reporters,family,True,0,5,0.0,6295.16383744,8086671.745084437
2021,nonharedi_jew,sexual_harassment,other_body_reporters,legal,True,0,5,0.0,6295.16383744,8086671.745084437
2021,nonharedi_jew,sexual_harassment,other_body_reporters,medical,True,0,5,0.0,6295.16383744,8086671.745084437
2021,nonharedi_jew,sexual_harassment,other_body_reporters,mental_health,True,1,5,1463.9326534,6295.16383744,8086671.745084437
2021,nonharedi_jew,sexual_harassment,other_body_reporters,ngo,True,0,5,0.0,6295.16383744,8086671.745084437
2021,nonharedi_jew,sexual_harassment,other_body_reporters,none,True,3,5,3461.6528496399997,6295.16383744,8086671.745084437
2021,nonharedi_jew,sexual_harassment,other_body_reporters,other,True,0,5,0.0,6295.16383744,8086671.745084437
2021,nonharedi_jew,sexual_harassment,other_body_reporters,welfare,True,0,5,0.0,6295.16383744,8086671.745084437
2021,nonharedi_jew,sexual_harassment,other_body_reporters,workplace,True,1,5,1369.5783344,6295.16383744,8086671.745084437
2021,nonharedi_jew,sexual_harassment,other_body_nonreporters,acquaintance,True,34,124,38987.25477193,141870.86639979004,166440096.70348036
2021,nonharedi_jew,sexual_harassment,other_body_nonreporters,family,True,23,124,26613.656727579997,141870.86639979004,166440096.70348036
2021,nonharedi_jew,sexual_harassment,other_body_nonreporters,legal,True,1,124,1045.8985732,141870.86639979004,166440096.70348036
2021,nonharedi_jew,sexual_harassment,other_body_nonreporters,medical,True,1,124,1123.2616012,141870.86639979004,166440096.70348036
2021,nonharedi_jew,sexual_harassment,other_body_nonreporters,mental_health,True,12,124,12026.413608840001,141870.86639979004,166440096.70348036
2021,nonharedi_jew,sexual_harassment,other_body_nonreporters,ngo,True,1,124,863.72011721,141870.86639979004,166440096.70348036
2021,nonharedi_jew,sexual_harassment,other_body_nonreporters,none,True,64,124,73643.44089920999,141870.86639979004,166440096.70348036
2021,nonharedi_jew,sexual_harassment,other_body_nonreporters,other,True,1,124,1045.8985732,141870.86639979004,166440096.70348036
2021,nonharedi_jew,sexual_harassment,other_body_nonreporters,welfare,True,4,124,4935.84387981,141870.86639979004,166440096.70348036
2021,nonharedi_jew,sexual_harassment,other_body_nonreporters,workplace,True,12,124,13655.662656679999,141870.86639979004,166440096.70348036
2021,nonharedi_jew,theft,reported,yes,True,31,78,35976.890688909996,87020.89268403,100020053.60888073
2021,nonharedi_jew,theft,reason_not_reported,handled_self,True,8,47,8890.48183379,51044.00199512,57458842.83880146
2021,nonharedi_jew,theft,reason_not_reported,not_worth_bothering,True,6,47,6898.087405820001,51044.00199512,57458842.83880146
2021,nonharedi_jew,theft,reason_not_reported,other,True,1,47,1120.4466576,51044.00199512,57458842.83880146
2021,nonharedi_jew,theft,reason_not_reported,personal_time,True,5,47,5478.47408168,51044.00199512,57458842.83880146
2021,nonharedi_jew,theft,reason_not_reported,police_ineffective_past,True,6,47,6075.47318613,51044.00199512,57458842.83880146
2021,nonharedi_jew,theft,reason_not_reported,police_unable,True,11,47,12630.209814380001,51044.00199512,57458842.83880146
2021,nonharedi_jew,theft,reason_not_reported,police_unwilling,True,8,47,8569.287559240001,51044.00199512,57458842.83880146
2021,nonharedi_jew,theft,reason_not_reported,turned_elsewhere,True,2,47,1381.5414564799999,51044.00199512,57458842.83880146
2021,nonharedi_jew,violence_threat,reported,yes,True,38,122,41477.80790285,134658.46341896002,153117122.51105446
2021,nonharedi_jew,violence_threat,reason_not_reported,ashamed,True,0,84,0.0,93180.65551611,106009115.9091368
2021,nonharedi_jew,violence_threat,reason_not_reported,fear_revenge,True,4,84,4394.452063369999,93180.65551611,106009115.9091368
2021,nonharedi_jew,violence_threat,reason_not_reported,handled_self,True,5,84,5764.95791388,93180.65551611,106009115.9091368
2021,nonharedi_jew,violence_threat,reason_not_reported,not_worth_bothering,True,10,84,11945.08281428,93180.65551611,106009115.9091368
2021,nonharedi_jew,violence_threat,reason_not_reported,other,True,5,84,4969.50607749,93180.65551611,106009115.9091368
2021,nonharedi_jew,violence_threat,reason_not_reported,personal_time,True,9,84,8916.871337390001,93180.65551611,106009115.9091368
2021,nonharedi_jew,violence_threat,reason_not_reported,police_ineffective_past,True,18,84,20435.76405031,93180.65551611,106009115.9091368
2021,nonharedi_jew,violence_threat,reason_not_reported,police_unable,True,11,84,12116.509029560002,93180.65551611,106009115.9091368
2021,nonharedi_jew,violence_threat,reason_not_reported,police_unwilling,True,16,84,17867.47730944,93180.65551611,106009115.9091368
2021,nonharedi_jew,violence_threat,reason_not_reported,turned_elsewhere,True,6,84,6770.03492039,93180.65551611,106009115.9091368
2021,nonharedi_jew,violence_threat,other_body,acquaintance,True,31,121,33578.476430710005,133527.62809476,151838333.98059595
2021,nonharedi_jew,violence_threat,other_body,family,True,42,121,45850.985114719995,133527.62809476,151838333.98059595
2021,nonharedi_jew,violence_threat,other_body,legal,True,10,121,9725.169035160001,133527.62809476,151838333.98059595
2021,nonharedi_jew,violence_threat,other_body,medical,True,5,121,5449.048260240001,133527.62809476,151838333.98059595
2021,nonharedi_jew,violence_threat,other_body,mental_health,True,10,121,11063.81354097,133527.62809476,151838333.98059595
2021,nonharedi_jew,violence_threat,other_body,ngo,True,0,121,0.0,133527.62809476,151838333.98059595
2021,nonharedi_jew,violence_threat,other_body,none,True,54,121,61814.91749693001,133527.62809476,151838333.98059595
2021,nonharedi_jew,violence_threat,other_body,other,True,9,121,9252.86736619,133527.62809476,151838333.98059595
2021,nonharedi_jew,violence_threat,other_body,welfare,True,6,121,6002.48953066,133527.62809476,151838333.98059595
2021,nonharedi_jew,violence_threat,other_body,workplace,True,17,121,18244.09738483,133527.62809476,151838333.98059595
2021,nonharedi_jew,violence_threat,other_body_reporters,acquaintance,True,12,37,12592.82313715,40346.97257865,45829218.07145917
2021,nonharedi_jew,violence_threat,other_body_reporters,family,True,15,37,15840.125631440002,40346.97257865,45829218.07145917
2021,nonharedi_jew,violence_threat,other_body_reporters,legal,True,8,37,7412.11448086,40346.97257865,45829218.07145917
2021,nonharedi_jew,violence_threat,other_body_reporters,medical,True,3,37,3381.5721113100003,40346.97257865,45829218.07145917
2021,nonharedi_jew,violence_threat,other_body_reporters,mental_health,True,2,37,2008.39193524,40346.97257865,45829218.07145917
2021,nonharedi_jew,violence_threat,other_body_reporters,ngo,True,0,37,0.0,40346.97257865,45829218.07145917
2021,nonharedi_jew,violence_threat,other_body_reporters,none,True,14,37,16795.67375362,40346.97257865,45829218.07145917
2021,nonharedi_jew,violence_threat,other_body_reporters,other,True,4,37,4936.2823614,40346.97257865,45829218.07145917
2021,nonharedi_jew,violence_threat,other_body_reporters,welfare,True,4,37,3489.33183406,40346.97257865,45829218.07145917
2021,nonharedi_jew,violence_threat,other_body_reporters,workplace,True,4,37,3406.51365507,40346.97257865,45829218.07145917
2021,nonharedi_jew,violence_threat,other_body_nonreporters,acquaintance,True,19,84,20985.65329356,93180.65551611,106009115.9091368
2021,nonharedi_jew,violence_threat,other_body_nonreporters,family,True,27,84,30010.85948328,93180.65551611,106009115.9091368
2021,nonharedi_jew,violence_threat,other_body_nonreporters,legal,True,2,84,2313.0545543,93180.65551611,106009115.9091368
2021,nonharedi_jew,violence_threat,other_body_nonreporters,medical,True,2,84,2067.47614893,93180.65551611,106009115.9091368
2021,nonharedi_jew,violence_threat,other_body_nonreporters,mental_health,True,8,84,9055.42160573,93180.65551611,106009115.9091368
2021,nonharedi_jew,violence_threat,other_body_nonreporters,ngo,True,0,84,0.0,93180.65551611,106009115.9091368
2021,nonharedi_jew,violence_threat,other_body_nonreporters,none,True,40,84,45019.24374331,93180.65551611,106009115.9091368
2021,nonharedi_jew,violence_threat,other_body_nonreporters,other,True,5,84,4316.58500479,93180.65551611,106009115.9091368
2021,nonharedi_jew,violence_threat,other_body_nonreporters,welfare,True,2,84,2513.1576966000002,93180.65551611,106009115.9091368
2021,nonharedi_jew,violence_threat,other_body_nonreporters,workplace,True,13,84,14837.58372976,93180.65551611,106009115.9091368
2021,all_20plus,cyber,reported,yes,True,19,342,22014.24051141,376276.08086472005,428014012.7380265
2021,all_20plus,cyber,reason_not_reported,ashamed,True,3,323,3605.7390044999997,354261.84035331,401277703.76351464
2021,all_20plus,cyber,reason_not_reported,didnt_know_police_handles,False,0,323,0.0,354261.84035331,401277703.76351464
2021,all_20plus,cyber,reason_not_reported,fear_revenge,True,0,323,0.0,354261.84035331,401277703.76351464
2021,all_20plus,cyber,reason_not_reported,handled_self,True,46,323,52800.868707480004,354261.84035331,401277703.76351464
2021,all_20plus,cyber,reason_not_reported,not_worth_bothering,True,46,323,51131.31982696001,354261.84035331,401277703.76351464
2021,all_20plus,cyber,reason_not_reported,other,True,21,323,22060.26353022,354261.84035331,401277703.76351464
2021,all_20plus,cyber,reason_not_reported,personal_time,True,22,323,22569.53894826,354261.84035331,401277703.76351464
2021,all_20plus,cyber,reason_not_reported,police_ineffective_past,True,27,323,28068.20424106,354261.84035331,401277703.76351464
2021,all_20plus,cyber,reason_not_reported,police_unable,True,40,323,45960.00663967,354261.84035331,401277703.76351464
2021,all_20plus,cyber,reason_not_reported,police_unwilling,True,46,323,49759.85043917,354261.84035331,401277703.76351464
2021,all_20plus,cyber,reason_not_reported,turned_elsewhere,True,72,323,78306.04901599,354261.84035331,401277703.76351464
2021,all_20plus,cyber,other_body,acquaintance,True,36,341,41727.66383173001,374357.96661242004,424548818.54209703
2021,all_20plus,cyber,other_body,bank,True,115,341,125049.50613783002,374357.96661242004,424548818.54209703
2021,all_20plus,cyber,other_body,family,True,94,341,103005.98874419999,374357.96661242004,424548818.54209703
2021,all_20plus,cyber,other_body,government,False,0,341,0.0,374357.96661242004,424548818.54209703
2021,all_20plus,cyber,other_body,isp,True,18,341,18699.7057139,374357.96661242004,424548818.54209703
2021,all_20plus,cyber,other_body,legal,True,6,341,6515.19030114,374357.96661242004,424548818.54209703
2021,all_20plus,cyber,other_body,none,True,102,341,111901.30102863998,374357.96661242004,424548818.54209703
2021,all_20plus,cyber,other_body,other,True,11,341,11960.3986618,374357.96661242004,424548818.54209703
2021,all_20plus,cyber,other_body,professional,True,37,341,41556.39976099,374357.96661242004,424548818.54209703
2021,all_20plus,cyber,other_body,website,True,32,341,34810.57244392,374357.96661242004,424548818.54209703
2021,all_20plus,cyber,other_body_reporters,acquaintance,True,6,19,7957.53262578,22014.24051141,26736308.974511836
2021,all_20plus,cyber,other_body_reporters,bank,True,5,19,5466.38736474,22014.24051141,26736308.974511836
2021,all_20plus,cyber,other_body_reporters,family,True,7,19,7409.15668717,22014.24051141,26736308.974511836
2021,all_20plus,cyber,other_body_reporters,government,False,0,19,0.0,22014.24051141,26736308.974511836
2021,all_20plus,cyber,other_body_reporters,isp,True,3,19,3603.7189765000003,22014.24051141,26736308.974511836
2021,all_20plus,cyber,other_body_reporters,legal,True,3,19,3761.5045794999996,22014.24051141,26736308.974511836
2021,all_20plus,cyber,other_body_reporters,none,True,3,19,3403.0544197,22014.24051141,26736308.974511836
2021,all_20plus,cyber,other_body_reporters,other,True,2,19,2286.3857302799997,22014.24051141,26736308.974511836
2021,all_20plus,cyber,other_body_reporters,professional,True,2,19,2200.7608139,22014.24051141,26736308.974511836
2021,all_20plus,cyber,other_body_reporters,website,True,4,19,4314.67829808,22014.24051141,26736308.974511836
2021,all_20plus,cyber,other_body_nonreporters,acquaintance,True,30,321,33770.13120595,351294.65039921,396711949.7394781
2021,all_20plus,cyber,other_body_nonreporters,bank,True,110,321,119583.11877309001,351294.65039921,396711949.7394781
2021,all_20plus,cyber,other_body_nonreporters,family,True,87,321,95596.83205703001,351294.65039921,396711949.7394781
2021,all_20plus,cyber,other_body_nonreporters,government,False,0,321,0.0,351294.65039921,396711949.7394781
2021,all_20plus,cyber,other_body_nonreporters,isp,True,15,321,15095.9867374,351294.65039921,396711949.7394781
2021,all_20plus,cyber,other_body_nonreporters,legal,True,3,321,2753.6857216400003,351294.65039921,396711949.7394781
2021,all_20plus,cyber,other_body_nonreporters,none,True,98,321,107449.17090714,351294.65039921,396711949.7394781
2021,all_20plus,cyber,other_body_nonreporters,other,True,9,321,9674.01293152,351294.65039921,396711949.7394781
2021,all_20plus,cyber,other_body_nonreporters,professional,True,35,321,39355.638947089996,351294.65039921,396711949.7394781
2021,all_20plus,cyber,other_body_nonreporters,website,True,28,321,30495.89414584,351294.65039921,396711949.7394781
2021,all_20plus,sexual_harassment,reported,yes,True,7,152,8810.095157239999,172959.10457045,202279769.65493837
2021,all_20plus,sexual_harassment,reason_not_reported,ashamed,True,4,144,4601.3807840300005,163452.1012244,190543824.3575797
2021,all_20plus,sexual_harassment,reason_not_reported,fear_revenge,True,3,144,3538.4682285999997,163452.1012244,190543824.3575797
2021,all_20plus,sexual_harassment,reason_not_reported,handled_self,True,17,144,20076.22739655,163452.1012244,190543824.3575797
2021,all_20plus,sexual_harassment,reason_not_reported,not_worth_bothering,True,27,144,31316.40076417,163452.1012244,190543824.3575797
2021,all_20plus,sexual_harassment,reason_not_reported,other,True,8,144,9510.95939956,163452.1012244,190543824.3575797
2021,all_20plus,sexual_harassment,reason_not_reported,personal_time,True,23,144,26076.537628000005,163452.1012244,190543824.3575797
2021,all_20plus,sexual_harassment,reason_not_reported,police_ineffective_past,True,23,144,23895.865456050004,163452.1012244,190543824.3575797
2021,all_20plus,sexual_harassment,reason_not_reported,police_unable,True,13,144,14123.052001210002,163452.1012244,190543824.3575797
2021,all_20plus,sexual_harassment,reason_not_reported,police_unwilling,True,20,144,23090.52624482,163452.1012244,190543824.3575797
2021,all_20plus,sexual_harassment,reason_not_reported,turned_elsewhere,True,6,144,7222.68332141,163452.1012244,190543824.3575797
2021,all_20plus,sexual_harassment,other_body,acquaintance,True,39,151,44237.23667830999,171643.47225515,200548881.26587674
2021,all_20plus,sexual_harassment,other_body,family,True,26,151,29247.40319382,171643.47225515,200548881.26587674
2021,all_20plus,sexual_harassment,other_body,legal,True,2,151,1849.76939751,171643.47225515,200548881.26587674
2021,all_20plus,sexual_harassment,other_body,medical,True,2,151,2356.7193771,171643.47225515,200548881.26587674
2021,all_20plus,sexual_harassment,other_body,mental_health,True,16,151,16388.30890392,171643.47225515,200548881.26587674
2021,all_20plus,sexual_harassment,other_body,ngo,True,1,151,863.72011721,171643.47225515,200548881.26587674
2021,all_20plus,sexual_harassment,other_body,none,True,81,151,92180.86841606,171643.47225515,200548881.26587674
2021,all_20plus,sexual_harassment,other_body,other,True,1,151,1045.8985732,171643.47225515,200548881.26587674
2021,all_20plus,sexual_harassment,other_body,welfare,True,5,151,5739.71470412,171643.47225515,200548881.26587674
2021,all_20plus,sexual_harassment,other_body,workplace,True,15,151,17101.969265289998,171643.47225515,200548881.26587674
2021,all_20plus,sexual_harassment,other_body_reporters,acquaintance,True,0,7,0.0,8810.095157239999,11250264.273728235
2021,all_20plus,sexual_harassment,other_body_reporters,family,True,0,7,0.0,8810.095157239999,11250264.273728235
2021,all_20plus,sexual_harassment,other_body_reporters,legal,True,0,7,0.0,8810.095157239999,11250264.273728235
2021,all_20plus,sexual_harassment,other_body_reporters,medical,True,1,7,1233.4577759,8810.095157239999,11250264.273728235
2021,all_20plus,sexual_harassment,other_body_reporters,mental_health,True,1,7,1463.9326534,8810.095157239999,11250264.273728235
2021,all_20plus,sexual_harassment,other_body_reporters,ngo,True,0,7,0.0,8810.095157239999,11250264.273728235
2021,all_20plus,sexual_harassment,other_body_reporters,none,True,4,7,4743.12639354,8810.095157239999,11250264.273728235
2021,all_20plus,sexual_harassment,other_body_reporters,other,True,0,7,0.0,8810.095157239999,11250264.273728235
2021,all_20plus,sexual_harassment,other_body_reporters,welfare,True,0,7,0.0,8810.095157239999,11250264.273728235
2021,all_20plus,sexual_harassment,other_body_reporters,workplace,True,1,7,1369.5783344,8810.095157239999,11250264.273728235
2021,all_20plus,sexual_harassment,other_body_nonreporters,acquaintance,True,39,144,44237.23667830999,162833.37709791,189298616.99214852
2021,all_20plus,sexual_harassment,other_body_nonreporters,family,True,26,144,29247.40319382,162833.37709791,189298616.99214852
2021,all_20plus,sexual_harassment,other_body_nonreporters,legal,True,2,144,1849.76939751,162833.37709791,189298616.99214852
2021,all_20plus,sexual_harassment,other_body_nonreporters,medical,True,1,144,1123.2616012,162833.37709791,189298616.99214852
2021,all_20plus,sexual_harassment,other_body_nonreporters,mental_health,True,15,144,14924.376250520003,162833.37709791,189298616.99214852
2021,all_20plus,sexual_harassment,other_body_nonreporters,ngo,True,1,144,863.72011721,162833.37709791,189298616.99214852
2021,all_20plus,sexual_harassment,other_body_nonreporters,none,True,77,144,87437.74202252,162833.37709791,189298616.99214852
2021,all_20plus,sexual_harassment,other_body_nonreporters,other,True,1,144,1045.8985732,162833.37709791,189298616.99214852
2021,all_20plus,sexual_harassment,other_body_nonreporters,welfare,True,5,144,5739.71470412,162833.37709791,189298616.99214852
2021,all_20plus,sexual_harassment,other_body_nonreporters,workplace,True,14,144,15732.390930889998,162833.37709791,189298616.99214852
2021,all_20plus,theft,reported,yes,True,45,109,53801.4386754,125847.93611169003,152960315.8614903
2021,all_20plus,theft,reason_not_reported,handled_self,True,10,64,10898.519074540001,72046.49743629,85415023.3865647
2021,all_20plus,theft,reason_not_reported,not_worth_bothering,True,9,64,10099.42614021,72046.49743629,85415023.3865647
2021,all_20plus,theft,reason_not_reported,other,True,2,64,2333.4334406999997,72046.49743629,85415023.3865647
2021,all_20plus,theft,reason_not_reported,personal_time,True,6,64,6744.67022378,72046.49743629,85415023.3865647
2021,all_20plus,theft,reason_not_reported,police_ineffective_past,True,8,64,8566.04434753,72046.49743629,85415023.3865647
2021,all_20plus,theft,reason_not_reported,police_unable,True,13,64,16053.919858980002,72046.49743629,85415023.3865647
2021,all_20plus,theft,reason_not_reported,police_unwilling,True,11,64,12065.260742139999,72046.49743629,85415023.3865647
2021,all_20plus,theft,reason_not_reported,turned_elsewhere,True,5,64,5285.2236084099995,72046.49743629,85415023.3865647
2021,all_20plus,violence_threat,reported,yes,True,61,177,68369.97210723,199313.55375776,238821740.99287814
2021,all_20plus,violence_threat,reason_not_reported,ashamed,True,0,116,0.0,130943.58165053,153321531.12671325
2021,all_20plus,violence_threat,reason_not_reported,fear_revenge,True,6,116,6385.84116202,130943.58165053,153321531.12671325
2021,all_20plus,violence_threat,reason_not_reported,handled_self,True,6,116,6790.92418058,130943.58165053,153321531.12671325
2021,all_20plus,violence_threat,reason_not_reported,not_worth_bothering,True,18,116,21932.28366738,130943.58165053,153321531.12671325
2021,all_20plus,violence_threat,reason_not_reported,other,True,6,116,6060.266143090001,130943.58165053,153321531.12671325
2021,all_20plus,violence_threat,reason_not_reported,personal_time,True,14,116,14600.36842922,130943.58165053,153321531.12671325
2021,all_20plus,violence_threat,reason_not_reported,police_ineffective_past,True,25,116,29546.631905299997,130943.58165053,153321531.12671325
2021,all_20plus,violence_threat,reason_not_reported,police_unable,True,13,116,14266.892113009999,130943.58165053,153321531.12671325
2021,all_20plus,violence_threat,reason_not_reported,police_unwilling,True,21,116,23527.50590604,130943.58165053,153321531.12671325
2021,all_20plus,violence_threat,reason_not_reported,turned_elsewhere,True,7,116,7832.868143889999,130943.58165053,153321531.12671325
2021,all_20plus,violence_threat,other_body,acquaintance,True,41,175,44672.67267284,197065.39074196003,236294531.29200342
2021,all_20plus,violence_threat,other_body,family,True,54,175,59818.46139713999,197065.39074196003,236294531.29200342
2021,all_20plus,violence_threat,other_body,legal,True,11,175,10490.450433710002,197065.39074196003,236294531.29200342
2021,all_20plus,violence_threat,other_body,medical,True,10,175,12700.720103290001,197065.39074196003,236294531.29200342
2021,all_20plus,violence_threat,other_body,mental_health,True,16,175,18961.597515039997,197065.39074196003,236294531.29200342
2021,all_20plus,violence_threat,other_body,ngo,True,1,175,1019.8770811,197065.39074196003,236294531.29200342
2021,all_20plus,violence_threat,other_body,none,True,78,175,91152.72262615999,197065.39074196003,236294531.29200342
2021,all_20plus,violence_threat,other_body,other,True,13,175,14400.35277937,197065.39074196003,236294531.29200342
2021,all_20plus,violence_threat,other_body,welfare,True,7,175,6819.494017,197065.39074196003,236294531.29200342
2021,all_20plus,violence_threat,other_body,workplace,True,23,175,23995.57966629,197065.39074196003,236294531.29200342
2021,all_20plus,violence_threat,other_body_reporters,acquaintance,True,15,59,15537.098920980003,66121.80909143,82973000.16529019
2021,all_20plus,violence_threat,other_body_reporters,family,True,19,59,20029.46259946,66121.80909143,82973000.16529019
2021,all_20plus,violence_threat,other_body_reporters,legal,True,9,59,8177.39587941,66121.80909143,82973000.16529019
2021,all_20plus,violence_threat,other_body_reporters,medical,True,7,59,8862.59114376,66121.80909143,82973000.16529019
2021,all_20plus,violence_threat,other_body_reporters,mental_health,True,5,59,5990.558871719999,66121.80909143,82973000.16529019
2021,all_20plus,violence_threat,other_body_reporters,ngo,True,0,59,0.0,66121.80909143,82973000.16529019
2021,all_20plus,violence_threat,other_body_reporters,none,True,25,59,30323.44778037,66121.80909143,82973000.16529019
2021,all_20plus,violence_threat,other_body_reporters,other,True,8,59,10083.76777458,66121.80909143,82973000.16529019
2021,all_20plus,violence_threat,other_body_reporters,welfare,True,5,59,4306.3363204,66121.80909143,82973000.16529019
2021,all_20plus,violence_threat,other_body_reporters,workplace,True,7,59,6180.169334079999,66121.80909143,82973000.16529019
2021,all_20plus,violence_threat,other_body_nonreporters,acquaintance,True,26,116,29135.57375186,130943.58165053,153321531.12671325
2021,all_20plus,violence_threat,other_body_nonreporters,family,True,35,116,39788.99879768,130943.58165053,153321531.12671325
2021,all_20plus,violence_threat,other_body_nonreporters,legal,True,2,116,2313.0545543,130943.58165053,153321531.12671325
2021,all_20plus,violence_threat,other_body_nonreporters,medical,True,3,116,3838.12895953,130943.58165053,153321531.12671325
2021,all_20plus,violence_threat,other_body_nonreporters,mental_health,True,11,116,12971.038643320002,130943.58165053,153321531.12671325
2021,all_20plus,violence_threat,other_body_nonreporters,ngo,True,1,116,1019.8770811,130943.58165053,153321531.12671325
2021,all_20plus,violence_threat,other_body_nonreporters,none,True,53,116,60829.27484579,130943.58165053,153321531.12671325
2021,all_20plus,violence_threat,other_body_nonreporters,other,True,5,116,4316.58500479,130943.58165053,153321531.12671325
2021,all_20plus,violence_threat,other_body_nonreporters,welfare,True,2,116,2513.1576966000002,130943.58165053,153321531.12671325
2021,all_20plus,violence_threat,other_body_nonreporters,workplace,True,16,116,17815.410332209998,130943.58165053,153321531.12671325
2022,haredi,cyber,reported,yes,True,0,24,0.0,28565.58388451,35292462.095873006
2022,haredi,cyber,reason_not_reported,ashamed,True,2,24,2337.63063195,28565.58388451,35292462.095873006
2022,haredi,cyber,reason_not_reported,didnt_know_police_handles,True,1,24,699.47260728,28565.58388451,35292462.095873006
2022,haredi,cyber,reason_not_reported,fear_revenge,True,0,24,0.0,28565.58388451,35292462.095873006
2022,haredi,cyber,reason_not_reported,handled_self,True,1,24,1045.7109936,28565.58388451,35292462.095873006
2022,haredi,cyber,reason_not_reported,not_worth_bothering,True,4,24,4775.5119817899995,28565.58388451,35292462.095873006
2022,haredi,cyber,reason_not_reported,other,True,1,24,1242.4730883,28565.58388451,35292462.095873006
2022,haredi,cyber,reason_not_reported,personal_time,True,0,24,0.0,28565.58388451,35292462.095873006
2022,haredi,cyber,reason_not_reported,police_ineffective_past,True,2,24,2395.3562598,28565.58388451,35292462.095873006
2022,haredi,cyber,reason_not_reported,police_unable,True,0,24,0.0,28565.58388451,35292462.095873006
2022,haredi,cyber,reason_not_reported,police_unwilling,True,4,24,4972.8437466,28565.58388451,35292462.095873006
2022,haredi,cyber,reason_not_reported,turned_elsewhere,True,9,24,11096.58457519,28565.58388451,35292462.095873006
2022,haredi,cyber,other_body,acquaintance,True,6,24,6821.068688830001,28565.58388451,35292462.095873006
2022,haredi,cyber,other_body,bank,True,9,24,10830.39145579,28565.58388451,35292462.095873006
2022,haredi,cyber,other_body,family,True,11,24,13618.510080889999,28565.58388451,35292462.095873006
2022,haredi,cyber,other_body,government,True,1,24,1508.6662077,28565.58388451,35292462.095873006
2022,haredi,cyber,other_body,isp,True,1,24,1508.6662077,28565.58388451,35292462.095873006
2022,haredi,cyber,other_body,legal,True,0,24,0.0,28565.58388451,35292462.095873006
2022,haredi,cyber,other_body,none,True,5,24,6023.51705219,28565.58388451,35292462.095873006
2022,haredi,cyber,other_body,other,True,1,24,1197.8527552,28565.58388451,35292462.095873006
2022,haredi,cyber,other_body,professional,True,5,24,6218.458988299999,28565.58388451,35292462.095873006
2022,haredi,cyber,other_body,website,True,0,24,0.0,28565.58388451,35292462.095873006
2022,haredi,cyber,other_body_reporters,acquaintance,True,0,0,0.0,0.0,0.0
2022,haredi,cyber,other_body_reporters,bank,True,0,0,0.0,0.0,0.0
2022,haredi,cyber,other_body_reporters,family,True,0,0,0.0,0.0,0.0
2022,haredi,cyber,other_body_reporters,government,True,0,0,0.0,0.0,0.0
2022,haredi,cyber,other_body_reporters,isp,True,0,0,0.0,0.0,0.0
2022,haredi,cyber,other_body_reporters,legal,True,0,0,0.0,0.0,0.0
2022,haredi,cyber,other_body_reporters,none,True,0,0,0.0,0.0,0.0
2022,haredi,cyber,other_body_reporters,other,True,0,0,0.0,0.0,0.0
2022,haredi,cyber,other_body_reporters,professional,True,0,0,0.0,0.0,0.0
2022,haredi,cyber,other_body_reporters,website,True,0,0,0.0,0.0,0.0
2022,haredi,cyber,other_body_nonreporters,acquaintance,True,6,24,6821.068688830001,28565.58388451,35292462.095873006
2022,haredi,cyber,other_body_nonreporters,bank,True,9,24,10830.39145579,28565.58388451,35292462.095873006
2022,haredi,cyber,other_body_nonreporters,family,True,11,24,13618.510080889999,28565.58388451,35292462.095873006
2022,haredi,cyber,other_body_nonreporters,government,True,1,24,1508.6662077,28565.58388451,35292462.095873006
2022,haredi,cyber,other_body_nonreporters,isp,True,1,24,1508.6662077,28565.58388451,35292462.095873006
2022,haredi,cyber,other_body_nonreporters,legal,True,0,24,0.0,28565.58388451,35292462.095873006
2022,haredi,cyber,other_body_nonreporters,none,True,5,24,6023.51705219,28565.58388451,35292462.095873006
2022,haredi,cyber,other_body_nonreporters,other,True,1,24,1197.8527552,28565.58388451,35292462.095873006
2022,haredi,cyber,other_body_nonreporters,professional,True,5,24,6218.458988299999,28565.58388451,35292462.095873006
2022,haredi,cyber,other_body_nonreporters,website,True,0,24,0.0,28565.58388451,35292462.095873006
2022,haredi,sexual_harassment,reported,yes,True,0,4,0.0,4839.554036900001,5879726.876210271
2022,haredi,sexual_harassment,reason_not_reported,ashamed,True,0,4,0.0,4839.554036900001,5879726.876210271
2022,haredi,sexual_harassment,reason_not_reported,fear_revenge,True,0,4,0.0,4839.554036900001,5879726.876210271
2022,haredi,sexual_harassment,reason_not_reported,handled_self,True,1,4,1292.1953269,4839.554036900001,5879726.876210271
2022,haredi,sexual_harassment,reason_not_reported,not_worth_bothering,True,0,4,0.0,4839.554036900001,5879726.876210271
2022,haredi,sexual_harassment,reason_not_reported,other,True,0,4,0.0,4839.554036900001,5879726.876210271
2022,haredi,sexual_harassment,reason_not_reported,personal_time,True,0,4,0.0,4839.554036900001,5879726.876210271
2022,haredi,sexual_harassment,reason_not_reported,police_ineffective_past,True,1,4,1240.6220051,4839.554036900001,5879726.876210271
2022,haredi,sexual_harassment,reason_not_reported,police_unable,True,0,4,0.0,4839.554036900001,5879726.876210271
2022,haredi,sexual_harassment,reason_not_reported,police_unwilling,True,2,4,2306.7367049000004,4839.554036900001,5879726.876210271
2022,haredi,sexual_harassment,reason_not_reported,turned_elsewhere,True,0,4,0.0,4839.554036900001,5879726.876210271
2022,haredi,sexual_harassment,other_body,acquaintance,True,1,4,1225.1250279,4839.554036900001,5879726.876210271
2022,haredi,sexual_harassment,other_body,family,True,2,4,2532.817332,4839.554036900001,5879726.876210271
2022,haredi,sexual_harassment,other_body,legal,True,0,4,0.0,4839.554036900001,5879726.876210271
2022,haredi,sexual_harassment,other_body,medical,True,0,4,0.0,4839.554036900001,5879726.876210271
2022,haredi,sexual_harassment,other_body,mental_health,True,1,4,1081.611677,4839.554036900001,5879726.876210271
2022,haredi,sexual_harassment,other_body,ngo,True,0,4,0.0,4839.554036900001,5879726.876210271
2022,haredi,sexual_harassment,other_body,none,True,0,4,0.0,4839.554036900001,5879726.876210271
2022,haredi,sexual_harassment,other_body,other,True,0,4,0.0,4839.554036900001,5879726.876210271
2022,haredi,sexual_harassment,other_body,welfare,True,0,4,0.0,4839.554036900001,5879726.876210271
2022,haredi,sexual_harassment,other_body,workplace,True,1,4,1240.6220051,4839.554036900001,5879726.876210271
2022,haredi,sexual_harassment,other_body_reporters,acquaintance,True,0,0,0.0,0.0,0.0
2022,haredi,sexual_harassment,other_body_reporters,family,True,0,0,0.0,0.0,0.0
2022,haredi,sexual_harassment,other_body_reporters,legal,True,0,0,0.0,0.0,0.0
2022,haredi,sexual_harassment,other_body_reporters,medical,True,0,0,0.0,0.0,0.0
2022,haredi,sexual_harassment,other_body_reporters,mental_health,True,0,0,0.0,0.0,0.0
2022,haredi,sexual_harassment,other_body_reporters,ngo,True,0,0,0.0,0.0,0.0
2022,haredi,sexual_harassment,other_body_reporters,none,True,0,0,0.0,0.0,0.0
2022,haredi,sexual_harassment,other_body_reporters,other,True,0,0,0.0,0.0,0.0
2022,haredi,sexual_harassment,other_body_reporters,welfare,True,0,0,0.0,0.0,0.0
2022,haredi,sexual_harassment,other_body_reporters,workplace,True,0,0,0.0,0.0,0.0
2022,haredi,sexual_harassment,other_body_nonreporters,acquaintance,True,1,4,1225.1250279,4839.554036900001,5879726.876210271
2022,haredi,sexual_harassment,other_body_nonreporters,family,True,2,4,2532.817332,4839.554036900001,5879726.876210271
2022,haredi,sexual_harassment,other_body_nonreporters,legal,True,0,4,0.0,4839.554036900001,5879726.876210271
2022,haredi,sexual_harassment,other_body_nonreporters,medical,True,0,4,0.0,4839.554036900001,5879726.876210271
2022,haredi,sexual_harassment,other_body_nonreporters,mental_health,True,1,4,1081.611677,4839.554036900001,5879726.876210271
2022,haredi,sexual_harassment,other_body_nonreporters,ngo,True,0,4,0.0,4839.554036900001,5879726.876210271
2022,haredi,sexual_harassment,other_body_nonreporters,none,True,0,4,0.0,4839.554036900001,5879726.876210271
2022,haredi,sexual_harassment,other_body_nonreporters,other,True,0,4,0.0,4839.554036900001,5879726.876210271
2022,haredi,sexual_harassment,other_body_nonreporters,welfare,True,0,4,0.0,4839.554036900001,5879726.876210271
2022,haredi,sexual_harassment,other_body_nonreporters,workplace,True,1,4,1240.6220051,4839.554036900001,5879726.876210271
2022,haredi,theft,reported,yes,True,1,10,983.88532014,11929.90319792,14687752.245436251
2022,haredi,theft,reason_not_reported,handled_self,True,0,9,0.0,10946.017877780001,13719721.922249261
2022,haredi,theft,reason_not_reported,not_worth_bothering,True,0,9,0.0,10946.017877780001,13719721.922249261
2022,haredi,theft,reason_not_reported,other,True,2,9,1781.0842842800002,10946.017877780001,13719721.922249261
2022,haredi,theft,reason_not_reported,personal_time,True,2,9,2442.3835819,10946.017877780001,13719721.922249261
2022,haredi,theft,reason_not_reported,police_ineffective_past,True,3,9,4057.7481617000003,10946.017877780001,13719721.922249261
2022,haredi,theft,reason_not_reported,police_unable,True,0,9,0.0,10946.017877780001,13719721.922249261
2022,haredi,theft,reason_not_reported,police_unwilling,True,2,9,2664.8018499,10946.017877780001,13719721.922249261
2022,haredi,theft,reason_not_reported,turned_elsewhere,True,0,9,0.0,10946.017877780001,13719721.922249261
2022,haredi,violence_threat,reported,yes,True,8,16,9394.42526835,19442.88420955,23850886.614269264
2022,haredi,violence_threat,reason_not_reported,ashamed,True,0,8,0.0,10048.4589412,12693479.907318702
2022,haredi,violence_threat,reason_not_reported,fear_revenge,True,0,8,0.0,10048.4589412,12693479.907318702
2022,haredi,violence_threat,reason_not_reported,handled_self,True,0,8,0.0,10048.4589412,12693479.907318702
2022,haredi,violence_threat,reason_not_reported,not_worth_bothering,True,3,8,3857.2409523000006,10048.4589412,12693479.907318702
2022,haredi,violence_threat,reason_not_reported,other,True,1,8,1236.5965146,10048.4589412,12693479.907318702
2022,haredi,violence_threat,reason_not_reported,personal_time,True,0,8,0.0,10048.4589412,12693479.907318702
2022,haredi,violence_threat,reason_not_reported,police_ineffective_past,True,4,8,4954.6214743,10048.4589412,12693479.907318702
2022,haredi,violence_threat,reason_not_reported,police_unable,True,0,8,0.0,10048.4589412,12693479.907318702
2022,haredi,violence_threat,reason_not_reported,police_unwilling,True,0,8,0.0,10048.4589412,12693479.907318702
2022,haredi,violence_threat,reason_not_reported,turned_elsewhere,True,0,8,0.0,10048.4589412,12693479.907318702
2022,haredi,violence_threat,other_body,acquaintance,True,4,16,5030.793166,19442.88420955,23850886.614269264
2022,haredi,violence_threat,other_body,family,True,4,16,5149.0113786,19442.88420955,23850886.614269264
2022,haredi,violence_threat,other_body,legal,True,2,16,2449.0669747,19442.88420955,23850886.614269264
2022,haredi,violence_threat,other_body,medical,True,1,16,1081.611677,19442.88420955,23850886.614269264
2022,haredi,violence_threat,other_body,mental_health,True,2,16,2403.7080741,19442.88420955,23850886.614269264
2022,haredi,violence_threat,other_body,ngo,True,1,16,1322.0963971,19442.88420955,23850886.614269264
2022,haredi,violence_threat,other_body,none,True,5,16,6114.36102095,19442.88420955,23850886.614269264
2022,haredi,violence_threat,other_body,other,True,3,16,3584.3291836000003,19442.88420955,23850886.614269264
2022,haredi,violence_threat,other_body,welfare,True,0,16,0.0,19442.88420955,23850886.614269264
2022,haredi,violence_threat,other_body,workplace,True,2,16,2483.8372239,19442.88420955,23850886.614269264
2022,haredi,violence_threat,other_body_reporters,acquaintance,True,3,8,3708.6967689000003,9394.42526835,11157406.706950564
2022,haredi,violence_threat,other_body_reporters,family,True,2,8,2554.677505,9394.42526835,11157406.706950564
2022,haredi,violence_threat,other_body_reporters,legal,True,2,8,2449.0669747,9394.42526835,11157406.706950564
2022,haredi,violence_threat,other_body_reporters,medical,True,1,8,1081.611677,9394.42526835,11157406.706950564
2022,haredi,violence_threat,other_body_reporters,mental_health,True,2,8,2403.7080741,9394.42526835,11157406.706950564
2022,haredi,violence_threat,other_body_reporters,ngo,True,1,8,1322.0963971,9394.42526835,11157406.706950564
2022,haredi,violence_threat,other_body_reporters,none,True,2,8,2244.56513695,9394.42526835,11157406.706950564
2022,haredi,violence_threat,other_body_reporters,other,True,0,8,0.0,9394.42526835,11157406.706950564
2022,haredi,violence_threat,other_body_reporters,welfare,True,0,8,0.0,9394.42526835,11157406.706950564
2022,haredi,violence_threat,other_body_reporters,workplace,True,2,8,2483.8372239,9394.42526835,11157406.706950564
2022,haredi,violence_threat,other_body_nonreporters,acquaintance,True,1,8,1322.0963971,10048.4589412,12693479.907318702
2022,haredi,violence_threat,other_body_nonreporters,family,True,2,8,2594.3338736,10048.4589412,12693479.907318702
2022,haredi,violence_threat,other_body_nonreporters,legal,True,0,8,0.0,10048.4589412,12693479.907318702
2022,haredi,violence_threat,other_body_nonreporters,medical,True,0,8,0.0,10048.4589412,12693479.907318702
2022,haredi,violence_threat,other_body_nonreporters,mental_health,True,0,8,0.0,10048.4589412,12693479.907318702
2022,haredi,violence_threat,other_body_nonreporters,ngo,True,0,8,0.0,10048.4589412,12693479.907318702
2022,haredi,violence_threat,other_body_nonreporters,none,True,3,8,3869.795884,10048.4589412,12693479.907318702
2022,haredi,violence_threat,other_body_nonreporters,other,True,3,8,3584.3291836000003,10048.4589412,12693479.907318702
2022,haredi,violence_threat,other_body_nonreporters,welfare,True,0,8,0.0,10048.4589412,12693479.907318702
2022,haredi,violence_threat,other_body_nonreporters,workplace,True,0,8,0.0,10048.4589412,12693479.907318702
2022,nonharedi_jew,cyber,reported,yes,True,19,319,23680.449713249996,392812.5140343,493596031.5400988
2022,nonharedi_jew,cyber,reason_not_reported,ashamed,True,27,299,32802.56833884,367756.17433184996,461565199.23782563
2022,nonharedi_jew,cyber,reason_not_reported,didnt_know_police_handles,True,25,299,30437.257714229996,367756.17433184996,461565199.23782563
2022,nonharedi_jew,cyber,reason_not_reported,fear_revenge,True,1,299,1062.8288601,367756.17433184996,461565199.23782563
2022,nonharedi_jew,cyber,reason_not_reported,handled_self,True,22,299,27820.996887119996,367756.17433184996,461565199.23782563
2022,nonharedi_jew,cyber,reason_not_reported,not_worth_bothering,True,21,299,25925.92990418,367756.17433184996,461565199.23782563
2022,nonharedi_jew,cyber,reason_not_reported,other,True,15,299,17217.02335576,367756.17433184996,461565199.23782563
2022,nonharedi_jew,cyber,reason_not_reported,personal_time,True,18,299,22423.32836465,367756.17433184996,461565199.23782563
2022,nonharedi_jew,cyber,reason_not_reported,police_ineffective_past,True,25,299,31620.99773106,367756.17433184996,461565199.23782563
2022,nonharedi_jew,cyber,reason_not_reported,police_unable,True,31,299,38496.098654140005,367756.17433184996,461565199.23782563
2022,nonharedi_jew,cyber,reason_not_reported,police_unwilling,True,30,299,37453.476205950006,367756.17433184996,461565199.23782563
2022,nonharedi_jew,cyber,reason_not_reported,turned_elsewhere,True,84,299,102495.66831582002,367756.17433184996,461565199.23782563
2022,nonharedi_jew,cyber,other_body,acquaintance,True,40,320,49781.837980419994,394304.3039206,495821468.60496575
2022,nonharedi_jew,cyber,other_body,bank,True,127,320,155613.37324634998,394304.3039206,495821468.60496575
2022,nonharedi_jew,cyber,other_body,family,True,89,320,110711.20077195,394304.3039206,495821468.60496575
2022,nonharedi_jew,cyber,other_body,government,True,5,320,6313.8986397,394304.3039206,495821468.60496575
2022,nonharedi_jew,cyber,other_body,isp,True,8,320,10579.2590505,394304.3039206,495821468.60496575
2022,nonharedi_jew,cyber,other_body,legal,True,2,320,2522.7264317,394304.3039206,495821468.60496575
2022,nonharedi_jew,cyber,other_body,none,True,82,320,98403.11358591,394304.3039206,495821468.60496575
2022,nonharedi_jew,cyber,other_body,other,True,8,320,10027.99594507,394304.3039206,495821468.60496575
2022,nonharedi_jew,cyber,other_body,professional,True,21,320,26871.843981330003,394304.3039206,495821468.60496575
2022,nonharedi_jew,cyber,other_body,website,True,21,320,26647.376439159998,394304.3039206,495821468.60496575
2022,nonharedi_jew,cyber,other_body_reporters,acquaintance,True,2,19,2559.3895585,23680.449713249996,30137759.03989232
2022,nonharedi_jew,cyber,other_body_reporters,bank,True,4,19,5627.7428425,23680.449713249996,30137759.03989232
2022,nonharedi_jew,cyber,other_body_reporters,family,True,7,19,9269.2383441,23680.449713249996,30137759.03989232
2022,nonharedi_jew,cyber,other_body_reporters,government,True,0,19,0.0,23680.449713249996,30137759.03989232
2022,nonharedi_jew,cyber,other_body_reporters,isp,True,1,19,1412.1726583,23680.449713249996,30137759.03989232
2022,nonharedi_jew,cyber,other_body_reporters,legal,True,0,19,0.0,23680.449713249996,30137759.03989232
2022,nonharedi_jew,cyber,other_body_reporters,none,True,7,19,8151.36054848,23680.449713249996,30137759.03989232
2022,nonharedi_jew,cyber,other_body_reporters,other,True,1,19,1434.069004,23680.449713249996,30137759.03989232
2022,nonharedi_jew,cyber,other_body_reporters,professional,True,3,19,3297.8452741700003,23680.449713249996,30137759.03989232
2022,nonharedi_jew,cyber,other_body_reporters,website,True,0,19,0.0,23680.449713249996,30137759.03989232
2022,nonharedi_jew,cyber,other_body_nonreporters,acquaintance,True,38,300,47222.44842192,369132.06432104995,463458272.50020635
2022,nonharedi_jew,cyber,other_body_nonreporters,bank,True,123,300,149985.63040384997,369132.06432104995,463458272.50020635
2022,nonharedi_jew,cyber,other_body_nonreporters,family,True,82,300,101441.96242784998,369132.06432104995,463458272.50020635
2022,nonharedi_jew,cyber,other_body_nonreporters,government,True,5,300,6313.8986397,369132.06432104995,463458272.50020635
2022,nonharedi_jew,cyber,other_body_nonreporters,isp,True,7,300,9167.0863922,369132.06432104995,463458272.50020635
2022,nonharedi_jew,cyber,other_body_nonreporters,legal,True,2,300,2522.7264317,369132.06432104995,463458272.50020635
2022,nonharedi_jew,cyber,other_body_nonreporters,none,True,74,300,88759.96315113,369132.06432104995,463458272.50020635
2022,nonharedi_jew,cyber,other_body_nonreporters,other,True,7,300,8593.92694107,369132.06432104995,463458272.50020635
2022,nonharedi_jew,cyber,other_body_nonreporters,professional,True,18,300,23573.99870716,369132.06432104995,463458272.50020635
2022,nonharedi_jew,cyber,other_body_nonreporters,website,True,21,300,26647.376439159998,369132.06432104995,463458272.50020635
2022,nonharedi_jew,sexual_harassment,reported,yes,True,3,111,3618.0152507000003,136343.98976082003,171558281.04079092
2022,nonharedi_jew,sexual_harassment,reason_not_reported,ashamed,True,2,106,2237.7124645000004,130426.56792422,164311377.01021394
2022,nonharedi_jew,sexual_harassment,reason_not_reported,fear_revenge,True,3,106,3683.9289705,130426.56792422,164311377.01021394
2022,nonharedi_jew,sexual_harassment,reason_not_reported,handled_self,True,11,106,12948.541831630002,130426.56792422,164311377.01021394
2022,nonharedi_jew,sexual_harassment,reason_not_reported,not_worth_bothering,True,21,106,26870.951632000004,130426.56792422,164311377.01021394
2022,nonharedi_jew,sexual_harassment,reason_not_reported,other,True,7,106,8803.725176599999,130426.56792422,164311377.01021394
2022,nonharedi_jew,sexual_harassment,reason_not_reported,personal_time,True,18,106,21394.6197469,130426.56792422,164311377.01021394
2022,nonharedi_jew,sexual_harassment,reason_not_reported,police_ineffective_past,True,12,106,14525.844196449998,130426.56792422,164311377.01021394
2022,nonharedi_jew,sexual_harassment,reason_not_reported,police_unable,True,13,106,16455.813808400002,130426.56792422,164311377.01021394
2022,nonharedi_jew,sexual_harassment,reason_not_reported,police_unwilling,True,18,106,22378.83103614,130426.56792422,164311377.01021394
2022,nonharedi_jew,sexual_harassment,reason_not_reported,turned_elsewhere,True,1,106,1126.5990611,130426.56792422,164311377.01021394
2022,nonharedi_jew,sexual_harassment,other_body,acquaintance,True,32,111,38711.81495492,136343.98976082003,171558281.04079092
2022,nonharedi_jew,sexual_harassment,other_body,family,True,30,111,36659.54409489,136343.98976082003,171558281.04079092
2022,nonharedi_jew,sexual_harassment,other_body,legal,True,1,111,1412.1726583,136343.98976082003,171558281.04079092
2022,nonharedi_jew,sexual_harassment,other_body,medical,True,1,111,1412.1726583,136343.98976082003,171558281.04079092
2022,nonharedi_jew,sexual_harassment,other_body,mental_health,True,5,111,6168.121808399999,136343.98976082003,171558281.04079092
2022,nonharedi_jew,sexual_harassment,other_body,ngo,True,3,111,3787.8823088999998,136343.98976082003,171558281.04079092
2022,nonharedi_jew,sexual_harassment,other_body,none,True,50,111,63143.51422007001,136343.98976082003,171558281.04079092
2022,nonharedi_jew,sexual_harassment,other_body,other,True,0,111,0.0,136343.98976082003,171558281.04079092
2022,nonharedi_jew,sexual_harassment,other_body,welfare,True,4,111,4906.3544767,136343.98976082003,171558281.04079092
2022,nonharedi_jew,sexual_harassment,other_body,workplace,True,16,111,18434.154350549998,136343.98976082003,171558281.04079092
2022,nonharedi_jew,sexual_harassment,other_body_reporters,acquaintance,True,2,3,2218.3906192,3618.0152507000003,4603168.126429353
2022,nonharedi_jew,sexual_harassment,other_body_reporters,family,True,2,3,2218.3906192,3618.0152507000003,4603168.126429353
2022,nonharedi_jew,sexual_harassment,other_body_reporters,legal,True,1,3,1412.1726583,3618.0152507000003,4603168.126429353
2022,nonharedi_jew,sexual_harassment,other_body_reporters,medical,True,1,3,1412.1726583,3618.0152507000003,4603168.126429353
2022,nonharedi_jew,sexual_harassment,other_body_reporters,mental_health,True,1,3,1412.1726583,3618.0152507000003,4603168.126429353
2022,nonharedi_jew,sexual_harassment,other_body_reporters,ngo,True,1,3,1412.1726583,3618.0152507000003,4603168.126429353
2022,nonharedi_jew,sexual_harassment,other_body_reporters,none,True,1,3,1399.6246315,3618.0152507000003,4603168.126429353
2022,nonharedi_jew,sexual_harassment,other_body_reporters,other,True,0,3,0.0,3618.0152507000003,4603168.126429353
2022,nonharedi_jew,sexual_harassment,other_body_reporters,welfare,True,1,3,1412.1726583,3618.0152507000003,4603168.126429353
2022,nonharedi_jew,sexual_harassment,other_body_reporters,workplace,True,0,3,0.0,3618.0152507000003,4603168.126429353
2022,nonharedi_jew,sexual_harassment,other_body_nonreporters,acquaintance,True,30,108,36493.42433572,132725.97451012,166955112.91436157
2022,nonharedi_jew,sexual_harassment,other_body_nonreporters,family,True,28,108,34441.15347569,132725.97451012,166955112.91436157
2022,nonharedi_jew,sexual_harassment,other_body_nonreporters,legal,True,0,108,0.0,132725.97451012,166955112.91436157
2022,nonharedi_jew,sexual_harassment,other_body_nonreporters,medical,True,0,108,0.0,132725.97451012,166955112.91436157
2022,nonharedi_jew,sexual_harassment,other_body_nonreporters,mental_health,True,4,108,4755.949150099999,132725.97451012,166955112.91436157
2022,nonharedi_jew,sexual_harassment,other_body_nonreporters,ngo,True,2,108,2375.7096506,132725.97451012,166955112.91436157
2022,nonharedi_jew,sexual_harassment,other_body_nonreporters,none,True,49,108,61743.889588570004,132725.97451012,166955112.91436157
2022,nonharedi_jew,sexual_harassment,other_body_nonreporters,other,True,0,108,0.0,132725.97451012,166955112.91436157
2022,nonharedi_jew,sexual_harassment,other_body_nonreporters,welfare,True,3,108,3494.1818183999994,132725.97451012,166955112.91436157
2022,nonharedi_jew,sexual_harassment,other_body_nonreporters,workplace,True,16,108,18434.154350549998,132725.97451012,166955112.91436157
2022,nonharedi_jew,theft,reported,yes,True,27,72,31597.90683056,87522.27179,108880520.70897591
2022,nonharedi_jew,theft,reason_not_reported,handled_self,True,1,45,1197.5035046,55924.36495944,70786031.63489376
2022,nonharedi_jew,theft,reason_not_reported,not_worth_bothering,True,6,45,7636.1014275,55924.36495944,70786031.63489376
2022,nonharedi_jew,theft,reason_not_reported,other,True,2,45,2413.5636729,55924.36495944,70786031.63489376
2022,nonharedi_jew,theft,reason_not_reported,personal_time,True,4,45,4991.2311705,55924.36495944,70786031.63489376
2022,nonharedi_jew,theft,reason_not_reported,police_ineffective_past,True,5,45,5757.223910750001,55924.36495944,70786031.63489376
2022,nonharedi_jew,theft,reason_not_reported,police_unable,True,16,45,19546.16679651,55924.36495944,70786031.63489376
2022,nonharedi_jew,theft,reason_not_reported,police_unwilling,True,10,45,13085.669673580001,55924.36495944,70786031.63489376
2022,nonharedi_jew,theft,reason_not_reported,turned_elsewhere,True,1,45,1296.9048031,55924.36495944,70786031.63489376
2022,nonharedi_jew,violence_threat,reported,yes,True,44,124,53108.22503550001,152535.41954127996,192258956.2535116
2022,nonharedi_jew,violence_threat,reason_not_reported,ashamed,True,0,78,0.0,96965.58059848,123385353.1173065
2022,nonharedi_jew,violence_threat,reason_not_reported,fear_revenge,True,10,78,12519.65741618,96965.58059848,123385353.1173065
2022,nonharedi_jew,violence_threat,reason_not_reported,handled_self,True,6,78,7347.824434639999,96965.58059848,123385353.1173065
2022,nonharedi_jew,violence_threat,reason_not_reported,not_worth_bothering,True,8,78,9873.474968499999,96965.58059848,123385353.1173065
2022,nonharedi_jew,violence_threat,reason_not_reported,other,True,4,78,4592.05533078,96965.58059848,123385353.1173065
2022,nonharedi_jew,violence_threat,reason_not_reported,personal_time,True,8,78,9205.61643311,96965.58059848,123385353.1173065
2022,nonharedi_jew,violence_threat,reason_not_reported,police_ineffective_past,True,16,78,20040.25816338,96965.58059848,123385353.1173065
2022,nonharedi_jew,violence_threat,reason_not_reported,police_unable,True,10,78,13117.8333889,96965.58059848,123385353.1173065
2022,nonharedi_jew,violence_threat,reason_not_reported,police_unwilling,True,14,78,17719.79955969,96965.58059848,123385353.1173065
2022,nonharedi_jew,violence_threat,reason_not_reported,turned_elsewhere,True,2,78,2549.0609033,96965.58059848,123385353.1173065
2022,nonharedi_jew,violence_threat,other_body,acquaintance,True,34,124,40772.0905359,152535.41954127996,192258956.2535116
2022,nonharedi_jew,violence_threat,other_body,family,True,31,124,38323.62978834,152535.41954127996,192258956.2535116
2022,nonharedi_jew,violence_threat,other_body,legal,True,4,124,4484.03703618,152535.41954127996,192258956.2535116
2022,nonharedi_jew,violence_threat,other_body,medical,True,7,124,8335.48277681,152535.41954127996,192258956.2535116
2022,nonharedi_jew,violence_threat,other_body,mental_health,True,7,124,7883.49613123,152535.41954127996,192258956.2535116
2022,nonharedi_jew,violence_threat,other_body,ngo,True,1,124,1102.7036854,152535.41954127996,192258956.2535116
2022,nonharedi_jew,violence_threat,other_body,none,True,56,124,69015.11844049001,152535.41954127996,192258956.2535116
2022,nonharedi_jew,violence_threat,other_body,other,True,8,124,8926.37333792,152535.41954127996,192258956.2535116
2022,nonharedi_jew,violence_threat,other_body,welfare,True,4,124,4046.4229180699995,152535.41954127996,192258956.2535116
2022,nonharedi_jew,violence_threat,other_body,workplace,True,17,124,21528.39365923,152535.41954127996,192258956.2535116
2022,nonharedi_jew,violence_threat,other_body_reporters,acquaintance,True,6,44,6441.1518299,53108.22503550001,65748263.15754
2022,nonharedi_jew,violence_threat,other_body_reporters,family,True,8,44,9191.2378035,53108.22503550001,65748263.15754
2022,nonharedi_jew,violence_threat,other_body_reporters,legal,True,4,44,4484.03703618,53108.22503550001,65748263.15754
2022,nonharedi_jew,violence_threat,other_body_reporters,medical,True,5,44,5899.73916581,53108.22503550001,65748263.15754
2022,nonharedi_jew,violence_threat,other_body_reporters,mental_health,True,3,44,2986.1415538700003,53108.22503550001,65748263.15754
2022,nonharedi_jew,violence_threat,other_body_reporters,ngo,True,1,44,1102.7036854,53108.22503550001,65748263.15754
2022,nonharedi_jew,violence_threat,other_body_reporters,none,True,22,44,27305.452953210002,53108.22503550001,65748263.15754
2022,nonharedi_jew,violence_threat,other_body_reporters,other,True,5,44,5764.60151651,53108.22503550001,65748263.15754
2022,nonharedi_jew,violence_threat,other_body_reporters,welfare,True,3,44,3091.1688151099997,53108.22503550001,65748263.15754
2022,nonharedi_jew,violence_threat,other_body_reporters,workplace,True,6,44,7098.36094743,53108.22503550001,65748263.15754
2022,nonharedi_jew,violence_threat,other_body_nonreporters,acquaintance,True,28,80,34330.938706,99427.19450578,126510693.0959716
2022,nonharedi_jew,violence_threat,other_body_nonreporters,family,True,23,80,29132.391984839996,99427.19450578,126510693.0959716
2022,nonharedi_jew,violence_threat,other_body_nonreporters,legal,True,0,80,0.0,99427.19450578,126510693.0959716
2022,nonharedi_jew,violence_threat,other_body_nonreporters,medical,True,2,80,2435.743611,99427.19450578,126510693.0959716
2022,nonharedi_jew,violence_threat,other_body_nonreporters,mental_health,True,4,80,4897.35457736,99427.19450578,126510693.0959716
2022,nonharedi_jew,violence_threat,other_body_nonreporters,ngo,True,0,80,0.0,99427.19450578,126510693.0959716
2022,nonharedi_jew,violence_threat,other_body_nonreporters,none,True,34,80,41709.665487280006,99427.19450578,126510693.0959716
2022,nonharedi_jew,violence_threat,other_body_nonreporters,other,True,3,80,3161.7718214099996,99427.19450578,126510693.0959716
2022,nonharedi_jew,violence_threat,other_body_nonreporters,welfare,True,1,80,955.25410296,99427.19450578,126510693.0959716
2022,nonharedi_jew,violence_threat,other_body_nonreporters,workplace,True,11,80,14430.0327118,99427.19450578,126510693.0959716
2022,all_20plus,cyber,reported,yes,True,26,389,32844.78319692,482045.09136139,611127260.3525939
2022,all_20plus,cyber,reason_not_reported,ashamed,True,32,362,39589.07540349,447824.41817526997,566661044.3140323
2022,all_20plus,cyber,reason_not_reported,didnt_know_police_handles,True,27,362,32451.79820141,447824.41817526997,566661044.3140323
2022,all_20plus,cyber,reason_not_reported,fear_revenge,True,2,362,2425.1227234999997,447824.41817526997,566661044.3140323
2022,all_20plus,cyber,reason_not_reported,handled_self,True,28,362,35851.33989442001,447824.41817526997,566661044.3140323
2022,all_20plus,cyber,reason_not_reported,not_worth_bothering,True,28,362,34601.56664337,447824.41817526997,566661044.3140323
2022,all_20plus,cyber,reason_not_reported,other,True,17,362,19740.412980959998,447824.41817526997,566661044.3140323
2022,all_20plus,cyber,reason_not_reported,personal_time,True,20,362,25280.949196150003,447824.41817526997,566661044.3140323
2022,all_20plus,cyber,reason_not_reported,police_ineffective_past,True,30,362,37485.97764800001,447824.41817526997,566661044.3140323
2022,all_20plus,cyber,reason_not_reported,police_unable,True,37,362,45499.450574710005,447824.41817526997,566661044.3140323
2022,all_20plus,cyber,reason_not_reported,police_unwilling,True,37,362,46467.74455735,447824.41817526997,566661044.3140323
2022,all_20plus,cyber,reason_not_reported,turned_elsewhere,True,104,362,128430.98035191,447824.41817526997,566661044.3140323
2022,all_20plus,cyber,other_body,acquaintance,True,53,390,65649.43239615,483536.88124769,613352697.4174609
2022,all_20plus,cyber,other_body,bank,True,155,390,192650.14958834,483536.88124769,613352697.4174609
2022,all_20plus,cyber,other_body,family,True,111,390,138059.76767441,483536.88124769,613352697.4174609
2022,all_20plus,cyber,other_body,government,True,9,390,11623.667310499999,483536.88124769,613352697.4174609
2022,all_20plus,cyber,other_body,isp,True,10,390,13865.176920400001,483536.88124769,613352697.4174609
2022,all_20plus,cyber,other_body,legal,True,5,390,6508.12265777,483536.88124769,613352697.4174609
2022,all_20plus,cyber,other_body,none,True,102,390,124144.57230251,483536.88124769,613352697.4174609
2022,all_20plus,cyber,other_body,other,True,9,390,11225.84870027,483536.88124769,613352697.4174609
2022,all_20plus,cyber,other_body,professional,True,26,390,33090.30296963,483536.88124769,613352697.4174609
2022,all_20plus,cyber,other_body,website,True,24,390,30058.34756216,483536.88124769,613352697.4174609
2022,all_20plus,cyber,other_body_reporters,acquaintance,True,6,26,7586.3696674,32844.78319692,42573142.77618099
2022,all_20plus,cyber,other_body_reporters,bank,True,6,26,8782.829299199999,32844.78319692,42573142.77618099
2022,all_20plus,cyber,other_body_reporters,family,True,12,26,15278.48537107,32844.78319692,42573142.77618099
2022,all_20plus,cyber,other_body_reporters,government,True,2,26,2285.3347098,32844.78319692,42573142.77618099
2022,all_20plus,cyber,other_body_reporters,isp,True,2,26,3189.4243205000002,32844.78319692,42573142.77618099
2022,all_20plus,cyber,other_body_reporters,legal,True,3,26,3985.39622607,32844.78319692,42573142.77618099
2022,all_20plus,cyber,other_body_reporters,none,True,7,26,8151.36054848,32844.78319692,42573142.77618099
2022,all_20plus,cyber,other_body_reporters,other,True,1,26,1434.069004,32844.78319692,42573142.77618099
2022,all_20plus,cyber,other_body_reporters,professional,True,3,26,3297.8452741700003,32844.78319692,42573142.77618099
2022,all_20plus,cyber,other_body_reporters,website,True,2,26,2398.3610526,32844.78319692,42573142.77618099
2022,all_20plus,cyber,other_body_nonreporters,acquaintance,True,47,363,58063.06272875,449200.30816447,568554117.576413
2022,all_20plus,cyber,other_body_nonreporters,bank,True,149,363,183867.32028913999,449200.30816447,568554117.576413
2022,all_20plus,cyber,other_body_nonreporters,family,True,99,363,122781.28230333999,449200.30816447,568554117.576413
2022,all_20plus,cyber,other_body_nonreporters,government,True,7,363,9338.3326007,449200.30816447,568554117.576413
2022,all_20plus,cyber,other_body_nonreporters,isp,True,8,363,10675.7525999,449200.30816447,568554117.576413
2022,all_20plus,cyber,other_body_nonreporters,legal,True,2,363,2522.7264317,449200.30816447,568554117.576413
2022,all_20plus,cyber,other_body_nonreporters,none,True,94,363,114501.42186773,449200.30816447,568554117.576413
2022,all_20plus,cyber,other_body_nonreporters,other,True,8,363,9791.779696270001,449200.30816447,568554117.576413
2022,all_20plus,cyber,other_body_nonreporters,professional,True,23,363,29792.457695460005,449200.30816447,568554117.576413
2022,all_20plus,cyber,other_body_nonreporters,website,True,22,363,27659.986509559996,449200.30816447,568554117.576413
2022,all_20plus,sexual_harassment,reported,yes,True,5,133,6236.8369711000005,163581.69353097997,206424270.8475672
2022,all_20plus,sexual_harassment,reason_not_reported,ashamed,True,3,125,3722.2558216000007,154256.38902739,195040469.7032776
2022,all_20plus,sexual_harassment,reason_not_reported,fear_revenge,True,3,125,3683.9289705,154256.38902739,195040469.7032776
2022,all_20plus,sexual_harassment,reason_not_reported,handled_self,True,12,125,14240.73715853,154256.38902739,195040469.7032776
2022,all_20plus,sexual_harassment,reason_not_reported,not_worth_bothering,True,22,125,28278.5805593,154256.38902739,195040469.7032776
2022,all_20plus,sexual_harassment,reason_not_reported,other,True,7,125,8803.725176599999,154256.38902739,195040469.7032776
2022,all_20plus,sexual_harassment,reason_not_reported,personal_time,True,21,125,25486.006961900006,154256.38902739,195040469.7032776
2022,all_20plus,sexual_harassment,reason_not_reported,police_ineffective_past,True,14,125,16750.351521689998,154256.38902739,195040469.7032776
2022,all_20plus,sexual_harassment,reason_not_reported,police_unable,True,17,125,21536.390113039997,154256.38902739,195040469.7032776
2022,all_20plus,sexual_harassment,reason_not_reported,police_unwilling,True,25,125,30627.81368313,154256.38902739,195040469.7032776
2022,all_20plus,sexual_harassment,reason_not_reported,turned_elsewhere,True,1,125,1126.5990611,154256.38902739,195040469.7032776
2022,all_20plus,sexual_harassment,other_body,acquaintance,True,38,131,46908.48067702,161477.56470449,204072250.141389
2022,all_20plus,sexual_harassment,other_body,family,True,37,131,45658.60150928999,161477.56470449,204072250.141389
2022,all_20plus,sexual_harassment,other_body,legal,True,1,131,1412.1726583,161477.56470449,204072250.141389
2022,all_20plus,sexual_harassment,other_body,medical,True,1,131,1412.1726583,161477.56470449,204072250.141389
2022,all_20plus,sexual_harassment,other_body,mental_health,True,9,131,10587.32343054,161477.56470449,204072250.141389
2022,all_20plus,sexual_harassment,other_body,ngo,True,3,131,3787.8823088999998,161477.56470449,204072250.141389
2022,all_20plus,sexual_harassment,other_body,none,True,55,131,69218.4024398,161477.56470449,204072250.141389
2022,all_20plus,sexual_harassment,other_body,other,True,0,131,0.0,161477.56470449,204072250.141389
2022,all_20plus,sexual_harassment,other_body,welfare,True,6,131,7940.7088741,161477.56470449,204072250.141389
2022,all_20plus,sexual_harassment,other_body,workplace,True,21,131,25263.25742815,161477.56470449,204072250.141389
2022,all_20plus,sexual_harassment,other_body_reporters,acquaintance,True,3,5,3734.1583725,6236.8369711000005,8117448.062708531
2022,all_20plus,sexual_harassment,other_body_reporters,family,True,3,5,3734.1583725,6236.8369711000005,8117448.062708531
2022,all_20plus,sexual_harassment,other_body_reporters,legal,True,1,5,1412.1726583,6236.8369711000005,8117448.062708531
2022,all_20plus,sexual_harassment,other_body_reporters,medical,True,1,5,1412.1726583,6236.8369711000005,8117448.062708531
2022,all_20plus,sexual_harassment,other_body_reporters,mental_health,True,1,5,1412.1726583,6236.8369711000005,8117448.062708531
2022,all_20plus,sexual_harassment,other_body_reporters,ngo,True,1,5,1412.1726583,6236.8369711000005,8117448.062708531
2022,all_20plus,sexual_harassment,other_body_reporters,none,True,2,5,2502.6785986,6236.8369711000005,8117448.062708531
2022,all_20plus,sexual_harassment,other_body_reporters,other,True,0,5,0.0,6236.8369711000005,8117448.062708531
2022,all_20plus,sexual_harassment,other_body_reporters,welfare,True,2,5,2927.9404116,6236.8369711000005,8117448.062708531
2022,all_20plus,sexual_harassment,other_body_reporters,workplace,True,0,5,0.0,6236.8369711000005,8117448.062708531
2022,all_20plus,sexual_harassment,other_body_nonreporters,acquaintance,True,35,126,43174.32230452,155240.72773339,195954802.0786805
2022,all_20plus,sexual_harassment,other_body_nonreporters,family,True,34,126,41924.443136789996,155240.72773339,195954802.0786805
2022,all_20plus,sexual_harassment,other_body_nonreporters,legal,True,0,126,0.0,155240.72773339,195954802.0786805
2022,all_20plus,sexual_harassment,other_body_nonreporters,medical,True,0,126,0.0,155240.72773339,195954802.0786805
2022,all_20plus,sexual_harassment,other_body_nonreporters,mental_health,True,8,126,9175.150772240002,155240.72773339,195954802.0786805
2022,all_20plus,sexual_harassment,other_body_nonreporters,ngo,True,2,126,2375.7096506,155240.72773339,195954802.0786805
2022,all_20plus,sexual_harassment,other_body_nonreporters,none,True,53,126,66715.7238412,155240.72773339,195954802.0786805
2022,all_20plus,sexual_harassment,other_body_nonreporters,other,True,0,126,0.0,155240.72773339,195954802.0786805
2022,all_20plus,sexual_harassment,other_body_nonreporters,welfare,True,4,126,5012.7684625,155240.72773339,195954802.0786805
2022,all_20plus,sexual_harassment,other_body_nonreporters,workplace,True,21,126,25263.25742815,155240.72773339,195954802.0786805
2022,all_20plus,theft,reported,yes,True,38,109,44686.59013951001,132809.48317352,166342205.100308
2022,all_20plus,theft,reason_not_reported,handled_self,True,2,71,2974.7551668,88122.89303400998,112219398.97682476
2022,all_20plus,theft,reason_not_reported,not_worth_bothering,True,7,71,8780.6213468,88122.89303400998,112219398.97682476
2022,all_20plus,theft,reason_not_reported,other,True,5,71,5556.941820580001,88122.89303400998,112219398.97682476
2022,all_20plus,theft,reason_not_reported,personal_time,True,13,71,15380.20460469,88122.89303400998,112219398.97682476
2022,all_20plus,theft,reason_not_reported,police_ineffective_past,True,9,71,11230.44837485,88122.89303400998,112219398.97682476
2022,all_20plus,theft,reason_not_reported,police_unable,True,20,71,24553.566679310003,88122.89303400998,112219398.97682476
2022,all_20plus,theft,reason_not_reported,police_unwilling,True,14,71,18349.45023788,88122.89303400998,112219398.97682476
2022,all_20plus,theft,reason_not_reported,turned_elsewhere,True,1,71,1296.9048031,88122.89303400998,112219398.97682476
2022,all_20plus,violence_threat,reported,yes,True,73,179,89234.83944682001,221488.57460629998,281640876.5061908
2022,all_20plus,violence_threat,reason_not_reported,ashamed,True,0,104,0.0,129792.12125218,166047165.37857863
2022,all_20plus,violence_threat,reason_not_reported,fear_revenge,True,10,104,12519.65741618,129792.12125218,166047165.37857863
2022,all_20plus,violence_threat,reason_not_reported,handled_self,True,8,104,9718.11209419,129792.12125218,166047165.37857863
2022,all_20plus,violence_threat,reason_not_reported,not_worth_bothering,True,12,104,14659.244673339997,129792.12125218,166047165.37857863
2022,all_20plus,violence_threat,reason_not_reported,other,True,6,104,7344.4195986800005,129792.12125218,166047165.37857863
2022,all_20plus,violence_threat,reason_not_reported,personal_time,True,10,104,11447.809179580001,129792.12125218,166047165.37857863
2022,all_20plus,violence_threat,reason_not_reported,police_ineffective_past,True,21,104,26423.213099880002,129792.12125218,166047165.37857863
2022,all_20plus,violence_threat,reason_not_reported,police_unable,True,14,104,18509.417158300002,129792.12125218,166047165.37857863
2022,all_20plus,violence_threat,reason_not_reported,police_unwilling,True,21,104,26621.187128730002,129792.12125218,166047165.37857863
2022,all_20plus,violence_threat,reason_not_reported,turned_elsewhere,True,2,104,2549.0609033,129792.12125218,166047165.37857863
2022,all_20plus,violence_threat,other_body,acquaintance,True,41,179,49511.89009759999,221488.57460629998,281640876.5061908
2022,all_20plus,violence_threat,other_body,family,True,40,179,49334.583547610004,221488.57460629998,281640876.5061908
2022,all_20plus,violence_threat,other_body,legal,True,12,179,14595.116523249999,221488.57460629998,281640876.5061908
2022,all_20plus,violence_threat,other_body,medical,True,11,179,12376.573139830001,221488.57460629998,281640876.5061908
2022,all_20plus,violence_threat,other_body,mental_health,True,13,179,14679.525548650001,221488.57460629998,281640876.5061908
2022,all_20plus,violence_threat,other_body,ngo,True,5,179,6214.1611439,221488.57460629998,281640876.5061908
2022,all_20plus,violence_threat,other_body,none,True,84,179,104010.47269168998,221488.57460629998,281640876.5061908
2022,all_20plus,violence_threat,other_body,other,True,12,179,14285.91618992,221488.57460629998,281640876.5061908
2022,all_20plus,violence_threat,other_body,welfare,True,8,179,8132.156102090001,221488.57460629998,281640876.5061908
2022,all_20plus,violence_threat,other_body,workplace,True,26,179,32764.894913800003,221488.57460629998,281640876.5061908
2022,all_20plus,violence_threat,other_body_reporters,acquaintance,True,9,73,10149.8485988,89234.83944682001,112468371.14894709
2022,all_20plus,violence_threat,other_body_reporters,family,True,13,73,15325.57688667,89234.83944682001,112468371.14894709
2022,all_20plus,violence_threat,other_body_reporters,legal,True,11,73,12968.682628949999,89234.83944682001,112468371.14894709
2022,all_20plus,violence_threat,other_body_reporters,medical,True,8,73,8796.309609529999,89234.83944682001,112468371.14894709
2022,all_20plus,violence_threat,other_body_reporters,mental_health,True,8,73,8637.65105199,89234.83944682001,112468371.14894709
2022,all_20plus,violence_threat,other_body_reporters,ngo,True,3,73,3551.0545805,89234.83944682001,112468371.14894709
2022,all_20plus,violence_threat,other_body_reporters,none,True,34,73,42506.956542010004,89234.83944682001,112468371.14894709
2022,all_20plus,violence_threat,other_body_reporters,other,True,6,73,7539.81518491,89234.83944682001,112468371.14894709
2022,all_20plus,violence_threat,other_body_reporters,welfare,True,6,73,6032.38207983,89234.83944682001,112468371.14894709
2022,all_20plus,violence_threat,other_body_reporters,workplace,True,13,73,15570.6674245,89234.83944682001,112468371.14894709
2022,all_20plus,violence_threat,other_body_nonreporters,acquaintance,True,32,106,39362.0414988,132253.73515947998,169172505.35724375
2022,all_20plus,violence_threat,other_body_nonreporters,family,True,27,106,34009.006660939995,132253.73515947998,169172505.35724375
2022,all_20plus,violence_threat,other_body_nonreporters,legal,True,1,106,1626.4338943,132253.73515947998,169172505.35724375
2022,all_20plus,violence_threat,other_body_nonreporters,medical,True,3,106,3580.2635302999997,132253.73515947998,169172505.35724375
2022,all_20plus,violence_threat,other_body_nonreporters,mental_health,True,5,106,6041.87449666,132253.73515947998,169172505.35724375
2022,all_20plus,violence_threat,other_body_nonreporters,ngo,True,2,106,2663.1065634,132253.73515947998,169172505.35724375
2022,all_20plus,violence_threat,other_body_nonreporters,none,True,50,106,61503.51614968001,132253.73515947998,169172505.35724375
2022,all_20plus,violence_threat,other_body_nonreporters,other,True,6,106,6746.101005009999,132253.73515947998,169172505.35724375
2022,all_20plus,violence_threat,other_body_nonreporters,welfare,True,2,106,2099.77402226,132253.73515947998,169172505.35724375
2022,all_20plus,violence_threat,other_body_nonreporters,workplace,True,13,106,17194.2274893,132253.73515947998,169172505.35724375
2023,haredi,cyber,reported,yes,True,1,30,1402.2356867,36111.85893187999,44114977.226385936
2023,haredi,cyber,reason_not_reported,ashamed,True,5,29,5884.416226900001,34709.623245179995,42148712.30533092
2023,haredi,cyber,reason_not_reported,didnt_know_police_handles,True,1,29,1181.9192889,34709.623245179995,42148712.30533092
2023,haredi,cyber,reason_not_reported,fear_revenge,True,0,29,0.0,34709.623245179995,42148712.30533092
2023,haredi,cyber,reason_not_reported,handled_self,True,0,29,0.0,34709.623245179995,42148712.30533092
2023,haredi,cyber,reason_not_reported,not_worth_bothering,True,5,29,6397.1351628,34709.623245179995,42148712.30533092
2023,haredi,cyber,reason_not_reported,other,True,1,29,1120.8444425,34709.623245179995,42148712.30533092
2023,haredi,cyber,reason_not_reported,personal_time,True,0,29,0.0,34709.623245179995,42148712.30533092
2023,haredi,cyber,reason_not_reported,police_ineffective_past,True,5,29,5568.75922205,34709.623245179995,42148712.30533092
2023,haredi,cyber,reason_not_reported,police_unable,True,2,29,2078.32786323,34709.623245179995,42148712.30533092
2023,haredi,cyber,reason_not_reported,police_unwilling,True,2,29,2530.3485446,34709.623245179995,42148712.30533092
2023,haredi,cyber,reason_not_reported,turned_elsewhere,True,8,29,9947.8724942,34709.623245179995,42148712.30533092
2023,haredi,cyber,other_body,acquaintance,True,6,30,7212.771356530001,36111.85893187999,44114977.226385936
2023,haredi,cyber,other_body,bank,True,11,30,14196.993901599999,36111.85893187999,44114977.226385936
2023,haredi,cyber,other_body,family,True,8,30,9405.062690030001,36111.85893187999,44114977.226385936
2023,haredi,cyber,other_body,government,True,1,30,1414.9840777,36111.85893187999,44114977.226385936
2023,haredi,cyber,other_body,isp,True,0,30,0.0,36111.85893187999,44114977.226385936
2023,haredi,cyber,other_body,legal,True,0,30,0.0,36111.85893187999,44114977.226385936
2023,haredi,cyber,other_body,none,True,9,30,9990.44425155,36111.85893187999,44114977.226385936
2023,haredi,cyber,other_body,other,True,0,30,0.0,36111.85893187999,44114977.226385936
2023,haredi,cyber,other_body,professional,True,3,30,3208.22812413,36111.85893187999,44114977.226385936
2023,haredi,cyber,other_body,website,True,0,30,0.0,36111.85893187999,44114977.226385936
2023,haredi,cyber,other_body_reporters,acquaintance,True,1,1,1402.2356867,1402.2356867,1966264.9210550208
2023,haredi,cyber,other_body_reporters,bank,True,0,1,0.0,1402.2356867,1966264.9210550208
2023,haredi,cyber,other_body_reporters,family,True,0,1,0.0,1402.2356867,1966264.9210550208
2023,haredi,cyber,other_body_reporters,government,True,0,1,0.0,1402.2356867,1966264.9210550208
2023,haredi,cyber,other_body_reporters,isp,True,0,1,0.0,1402.2356867,1966264.9210550208
2023,haredi,cyber,other_body_reporters,legal,True,0,1,0.0,1402.2356867,1966264.9210550208
2023,haredi,cyber,other_body_reporters,none,True,0,1,0.0,1402.2356867,1966264.9210550208
2023,haredi,cyber,other_body_reporters,other,True,0,1,0.0,1402.2356867,1966264.9210550208
2023,haredi,cyber,other_body_reporters,professional,True,0,1,0.0,1402.2356867,1966264.9210550208
2023,haredi,cyber,other_body_reporters,website,True,0,1,0.0,1402.2356867,1966264.9210550208
2023,haredi,cyber,other_body_nonreporters,acquaintance,True,5,29,5810.535669830001,34709.623245179995,42148712.30533092
2023,haredi,cyber,other_body_nonreporters,bank,True,11,29,14196.993901599999,34709.623245179995,42148712.30533092
2023,haredi,cyber,other_body_nonreporters,family,True,8,29,9405.062690030001,34709.623245179995,42148712.30533092
2023,haredi,cyber,other_body_nonreporters,government,True,1,29,1414.9840777,34709.623245179995,42148712.30533092
2023,haredi,cyber,other_body_nonreporters,isp,True,0,29,0.0,34709.623245179995,42148712.30533092
2023,haredi,cyber,other_body_nonreporters,legal,True,0,29,0.0,34709.623245179995,42148712.30533092
2023,haredi,cyber,other_body_nonreporters,none,True,9,29,9990.44425155,34709.623245179995,42148712.30533092
2023,haredi,cyber,other_body_nonreporters,other,True,0,29,0.0,34709.623245179995,42148712.30533092
2023,haredi,cyber,other_body_nonreporters,professional,True,3,29,3208.22812413,34709.623245179995,42148712.30533092
2023,haredi,cyber,other_body_nonreporters,website,True,0,29,0.0,34709.623245179995,42148712.30533092
2023,haredi,sexual_harassment,reported,yes,True,0,8,0.0,9014.791081759999,10489856.800929658
2023,haredi,sexual_harassment,reason_not_reported,ashamed,True,1,7,1349.1819056,8154.98257152,9750586.12664853
2023,haredi,sexual_harassment,reason_not_reported,fear_revenge,True,0,7,0.0,8154.98257152,9750586.12664853
2023,haredi,sexual_harassment,reason_not_reported,handled_self,True,1,7,878.62817272,8154.98257152,9750586.12664853
2023,haredi,sexual_harassment,reason_not_reported,not_worth_bothering,True,1,7,1288.1016649,8154.98257152,9750586.12664853
2023,haredi,sexual_harassment,reason_not_reported,other,True,0,7,0.0,8154.98257152,9750586.12664853
2023,haredi,sexual_harassment,reason_not_reported,personal_time,True,0,7,0.0,8154.98257152,9750586.12664853
2023,haredi,sexual_harassment,reason_not_reported,police_ineffective_past,True,2,7,2260.5648403,8154.98257152,9750586.12664853
2023,haredi,sexual_harassment,reason_not_reported,police_unable,True,1,7,1196.5866991,8154.98257152,9750586.12664853
2023,haredi,sexual_harassment,reason_not_reported,police_unwilling,True,1,7,1181.9192889,8154.98257152,9750586.12664853
2023,haredi,sexual_harassment,reason_not_reported,turned_elsewhere,True,0,7,0.0,8154.98257152,9750586.12664853
2023,haredi,sexual_harassment,other_body,acquaintance,True,2,8,1768.83631822,9014.791081759999,10489856.800929658
2023,haredi,sexual_harassment,other_body,family,True,3,8,3257.1341607199997,9014.791081759999,10489856.800929658
2023,haredi,sexual_harassment,other_body,legal,True,0,8,0.0,9014.791081759999,10489856.800929658
2023,haredi,sexual_harassment,other_body,medical,True,0,8,0.0,9014.791081759999,10489856.800929658
2023,haredi,sexual_harassment,other_body,mental_health,True,1,8,1349.1819056,9014.791081759999,10489856.800929658
2023,haredi,sexual_harassment,other_body,ngo,True,0,8,0.0,9014.791081759999,10489856.800929658
2023,haredi,sexual_harassment,other_body,none,True,3,8,3518.26686994,9014.791081759999,10489856.800929658
2023,haredi,sexual_harassment,other_body,other,True,0,8,0.0,9014.791081759999,10489856.800929658
2023,haredi,sexual_harassment,other_body,welfare,True,0,8,0.0,9014.791081759999,10489856.800929658
2023,haredi,sexual_harassment,other_body,workplace,True,0,8,0.0,9014.791081759999,10489856.800929658
2023,haredi,sexual_harassment,other_body_reporters,acquaintance,True,0,0,0.0,0.0,0.0
2023,haredi,sexual_harassment,other_body_reporters,family,True,0,0,0.0,0.0,0.0
2023,haredi,sexual_harassment,other_body_reporters,legal,True,0,0,0.0,0.0,0.0
2023,haredi,sexual_harassment,other_body_reporters,medical,True,0,0,0.0,0.0,0.0
2023,haredi,sexual_harassment,other_body_reporters,mental_health,True,0,0,0.0,0.0,0.0
2023,haredi,sexual_harassment,other_body_reporters,ngo,True,0,0,0.0,0.0,0.0
2023,haredi,sexual_harassment,other_body_reporters,none,True,0,0,0.0,0.0,0.0
2023,haredi,sexual_harassment,other_body_reporters,other,True,0,0,0.0,0.0,0.0
2023,haredi,sexual_harassment,other_body_reporters,welfare,True,0,0,0.0,0.0,0.0
2023,haredi,sexual_harassment,other_body_reporters,workplace,True,0,0,0.0,0.0,0.0
2023,haredi,sexual_harassment,other_body_nonreporters,acquaintance,True,2,8,1768.83631822,9014.791081759999,10489856.800929658
2023,haredi,sexual_harassment,other_body_nonreporters,family,True,3,8,3257.1341607199997,9014.791081759999,10489856.800929658
2023,haredi,sexual_harassment,other_body_nonreporters,legal,True,0,8,0.0,9014.791081759999,10489856.800929658
2023,haredi,sexual_harassment,other_body_nonreporters,medical,True,0,8,0.0,9014.791081759999,10489856.800929658
2023,haredi,sexual_harassment,other_body_nonreporters,mental_health,True,1,8,1349.1819056,9014.791081759999,10489856.800929658
2023,haredi,sexual_harassment,other_body_nonreporters,ngo,True,0,8,0.0,9014.791081759999,10489856.800929658
2023,haredi,sexual_harassment,other_body_nonreporters,none,True,3,8,3518.26686994,9014.791081759999,10489856.800929658
2023,haredi,sexual_harassment,other_body_nonreporters,other,True,0,8,0.0,9014.791081759999,10489856.800929658
2023,haredi,sexual_harassment,other_body_nonreporters,welfare,True,0,8,0.0,9014.791081759999,10489856.800929658
2023,haredi,sexual_harassment,other_body_nonreporters,workplace,True,0,8,0.0,9014.791081759999,10489856.800929658
2023,haredi,theft,reported,yes,True,1,14,1209.6369221,17227.893446939997,22352885.20456016
2023,haredi,theft,reason_not_reported,handled_self,True,0,13,0.0,16018.256524839999,20889663.721252598
2023,haredi,theft,reason_not_reported,not_worth_bothering,True,2,13,2290.4382281999997,16018.256524839999,20889663.721252598
2023,haredi,theft,reason_not_reported,other,True,1,13,1521.9415545,16018.256524839999,20889663.721252598
2023,haredi,theft,reason_not_reported,personal_time,True,1,13,1553.4860188,16018.256524839999,20889663.721252598
2023,haredi,theft,reason_not_reported,police_ineffective_past,True,3,13,3751.2692128,16018.256524839999,20889663.721252598
2023,haredi,theft,reason_not_reported,police_unable,True,2,13,1915.0553485200003,16018.256524839999,20889663.721252598
2023,haredi,theft,reason_not_reported,police_unwilling,True,2,13,3066.3236761,16018.256524839999,20889663.721252598
2023,haredi,theft,reason_not_reported,turned_elsewhere,True,2,13,1919.74248592,16018.256524839999,20889663.721252598
2023,haredi,violence_threat,reported,yes,True,8,27,11540.8785948,35232.9730133,47936881.66994112
2023,haredi,violence_threat,reason_not_reported,ashamed,True,0,19,0.0,23692.094418499997,30464014.78402971
2023,haredi,violence_threat,reason_not_reported,fear_revenge,True,0,19,0.0,23692.094418499997,30464014.78402971
2023,haredi,violence_threat,reason_not_reported,handled_self,True,2,19,2365.4704602,23692.094418499997,30464014.78402971
2023,haredi,violence_threat,reason_not_reported,not_worth_bothering,True,3,19,3561.2430759999997,23692.094418499997,30464014.78402971
2023,haredi,violence_threat,reason_not_reported,other,True,0,19,0.0,23692.094418499997,30464014.78402971
2023,haredi,violence_threat,reason_not_reported,personal_time,True,0,19,0.0,23692.094418499997,30464014.78402971
2023,haredi,violence_threat,reason_not_reported,police_ineffective_past,True,3,19,3882.5111023,23692.094418499997,30464014.78402971
2023,haredi,violence_threat,reason_not_reported,police_unable,True,4,19,5257.4296942,23692.094418499997,30464014.78402971
2023,haredi,violence_threat,reason_not_reported,police_unwilling,True,5,19,6283.5558602,23692.094418499997,30464014.78402971
2023,haredi,violence_threat,reason_not_reported,turned_elsewhere,True,2,19,2341.8842256,23692.094418499997,30464014.78402971
2023,haredi,violence_threat,other_body,acquaintance,True,7,26,8396.1156632,33933.2480187,46247596.608353145
2023,haredi,violence_threat,other_body,family,True,8,26,10157.0778897,33933.2480187,46247596.608353145
2023,haredi,violence_threat,other_body,legal,True,3,26,4236.7550501000005,33933.2480187,46247596.608353145
2023,haredi,violence_threat,other_body,medical,True,0,26,0.0,33933.2480187,46247596.608353145
2023,haredi,violence_threat,other_body,mental_health,True,3,26,3708.1846492,33933.2480187,46247596.608353145
2023,haredi,violence_threat,other_body,ngo,True,1,26,1268.2524165,33933.2480187,46247596.608353145
2023,haredi,violence_threat,other_body,none,True,10,26,13813.3332014,33933.2480187,46247596.608353145
2023,haredi,violence_threat,other_body,other,True,3,26,4131.736938,33933.2480187,46247596.608353145
2023,haredi,violence_threat,other_body,welfare,True,1,26,1204.1592497,33933.2480187,46247596.608353145
2023,haredi,violence_threat,other_body,workplace,True,2,26,2847.2803009,33933.2480187,46247596.608353145
2023,haredi,violence_threat,other_body_reporters,acquaintance,True,1,7,1204.1592497,10241.153600200001,15783581.824323425
2023,haredi,violence_threat,other_body_reporters,family,True,1,7,1753.8039205,10241.153600200001,15783581.824323425
2023,haredi,violence_threat,other_body_reporters,legal,True,3,7,4236.7550501000005,10241.153600200001,15783581.824323425
2023,haredi,violence_threat,other_body_reporters,medical,True,0,7,0.0,10241.153600200001,15783581.824323425
2023,haredi,violence_threat,other_body_reporters,mental_health,True,1,7,1204.1592497,10241.153600200001,15783581.824323425
2023,haredi,violence_threat,other_body_reporters,ngo,True,0,7,0.0,10241.153600200001,15783581.824323425
2023,haredi,violence_threat,other_body_reporters,none,True,2,7,3385.2552227,10241.153600200001,15783581.824323425
2023,haredi,violence_threat,other_body_reporters,other,True,1,7,1414.9840777,10241.153600200001,15783581.824323425
2023,haredi,violence_threat,other_body_reporters,welfare,True,1,7,1204.1592497,10241.153600200001,15783581.824323425
2023,haredi,violence_threat,other_body_reporters,workplace,True,1,7,1204.1592497,10241.153600200001,15783581.824323425
2023,haredi,violence_threat,other_body_nonreporters,acquaintance,True,6,19,7191.956413499999,23692.094418499997,30464014.78402971
2023,haredi,violence_threat,other_body_nonreporters,family,True,7,19,8403.2739692,23692.094418499997,30464014.78402971
2023,haredi,violence_threat,other_body_nonreporters,legal,True,0,19,0.0,23692.094418499997,30464014.78402971
2023,haredi,violence_threat,other_body_nonreporters,medical,True,0,19,0.0,23692.094418499997,30464014.78402971
2023,haredi,violence_threat,other_body_nonreporters,mental_health,True,2,19,2504.0253995000003,23692.094418499997,30464014.78402971
2023,haredi,violence_threat,other_body_nonreporters,ngo,True,1,19,1268.2524165,23692.094418499997,30464014.78402971
2023,haredi,violence_threat,other_body_nonreporters,none,True,8,19,10428.0779787,23692.094418499997,30464014.78402971
2023,haredi,violence_threat,other_body_nonreporters,other,True,2,19,2716.7528603,23692.094418499997,30464014.78402971
2023,haredi,violence_threat,other_body_nonreporters,welfare,True,0,19,0.0,23692.094418499997,30464014.78402971
2023,haredi,violence_threat,other_body_nonreporters,workplace,True,1,19,1643.1210512,23692.094418499997,30464014.78402971
2023,nonharedi_jew,cyber,reported,yes,True,29,370,36479.351352870006,479294.72731712996,634741592.9413065
2023,nonharedi_jew,cyber,reason_not_reported,ashamed,True,30,338,40547.92050387,439073.49731276,582869807.7948852
2023,nonharedi_jew,cyber,reason_not_reported,didnt_know_police_handles,True,35,338,44682.50342349999,439073.49731276,582869807.7948852
2023,nonharedi_jew,cyber,reason_not_reported,fear_revenge,True,1,338,1360.059129,439073.49731276,582869807.7948852
2023,nonharedi_jew,cyber,reason_not_reported,handled_self,True,39,338,51218.025438970006,439073.49731276,582869807.7948852
2023,nonharedi_jew,cyber,reason_not_reported,not_worth_bothering,True,26,338,33942.826447160005,439073.49731276,582869807.7948852
2023,nonharedi_jew,cyber,reason_not_reported,other,True,14,338,17230.033381700003,439073.49731276,582869807.7948852
2023,nonharedi_jew,cyber,reason_not_reported,personal_time,True,24,338,31070.2360748,439073.49731276,582869807.7948852
2023,nonharedi_jew,cyber,reason_not_reported,police_ineffective_past,True,21,338,27305.266580399995,439073.49731276,582869807.7948852
2023,nonharedi_jew,cyber,reason_not_reported,police_unable,True,47,338,60454.18530809,439073.49731276,582869807.7948852
2023,nonharedi_jew,cyber,reason_not_reported,police_unwilling,True,23,338,29424.62844385,439073.49731276,582869807.7948852
2023,nonharedi_jew,cyber,reason_not_reported,turned_elsewhere,True,78,338,101837.81258142,439073.49731276,582869807.7948852
2023,nonharedi_jew,cyber,other_body,acquaintance,True,68,369,90115.35124661002,477933.17064423,632887756.367788
2023,nonharedi_jew,cyber,other_body,bank,True,145,369,184316.46559867,477933.17064423,632887756.367788
2023,nonharedi_jew,cyber,other_body,family,True,113,369,145603.44795475,477933.17064423,632887756.367788
2023,nonharedi_jew,cyber,other_body,government,True,10,369,12591.190217,477933.17064423,632887756.367788
2023,nonharedi_jew,cyber,other_body,isp,True,13,369,16600.01887955,477933.17064423,632887756.367788
2023,nonharedi_jew,cyber,other_body,legal,True,4,369,5568.1706314,477933.17064423,632887756.367788
2023,nonharedi_jew,cyber,other_body,none,True,93,369,121879.89242665,477933.17064423,632887756.367788
2023,nonharedi_jew,cyber,other_body,other,True,9,369,11930.79076566,477933.17064423,632887756.367788
2023,nonharedi_jew,cyber,other_body,professional,True,31,369,40048.7105141,477933.17064423,632887756.367788
2023,nonharedi_jew,cyber,other_body,website,True,25,369,33866.503453599995,477933.17064423,632887756.367788
2023,nonharedi_jew,cyber,other_body_reporters,acquaintance,True,6,29,8015.2499772,36479.351352870006,47204498.01161604
2023,nonharedi_jew,cyber,other_body_reporters,bank,True,10,29,12757.5581934,36479.351352870006,47204498.01161604
2023,nonharedi_jew,cyber,other_body_reporters,family,True,11,29,14290.251079600002,36479.351352870006,47204498.01161604
2023,nonharedi_jew,cyber,other_body_reporters,government,True,2,29,2931.8877368000003,36479.351352870006,47204498.01161604
2023,nonharedi_jew,cyber,other_body_reporters,isp,True,2,29,2092.85167835,36479.351352870006,47204498.01161604
2023,nonharedi_jew,cyber,other_body_reporters,legal,True,1,29,1502.4914851,36479.351352870006,47204498.01161604
2023,nonharedi_jew,cyber,other_body_reporters,none,True,6,29,7225.71680996,36479.351352870006,47204498.01161604
2023,nonharedi_jew,cyber,other_body_reporters,other,True,4,29,4835.20122466,36479.351352870006,47204498.01161604
2023,nonharedi_jew,cyber,other_body_reporters,professional,True,4,29,5627.154711,36479.351352870006,47204498.01161604
2023,nonharedi_jew,cyber,other_body_reporters,website,True,1,29,1094.1862085,36479.351352870006,47204498.01161604
2023,nonharedi_jew,cyber,other_body_nonreporters,acquaintance,True,62,340,82100.10126940999,441453.81929136,585683258.3561718
2023,nonharedi_jew,cyber,other_body_nonreporters,bank,True,135,340,171558.90740527003,441453.81929136,585683258.3561718
2023,nonharedi_jew,cyber,other_body_nonreporters,family,True,102,340,131313.19687515,441453.81929136,585683258.3561718
2023,nonharedi_jew,cyber,other_body_nonreporters,government,True,8,340,9659.3024802,441453.81929136,585683258.3561718
2023,nonharedi_jew,cyber,other_body_nonreporters,isp,True,11,340,14507.1672012,441453.81929136,585683258.3561718
2023,nonharedi_jew,cyber,other_body_nonreporters,legal,True,3,340,4065.6791462999995,441453.81929136,585683258.3561718
2023,nonharedi_jew,cyber,other_body_nonreporters,none,True,87,340,114654.17561669,441453.81929136,585683258.3561718
2023,nonharedi_jew,cyber,other_body_nonreporters,other,True,5,340,7095.589540999999,441453.81929136,585683258.3561718
2023,nonharedi_jew,cyber,other_body_nonreporters,professional,True,27,340,34421.5558031,441453.81929136,585683258.3561718
2023,nonharedi_jew,cyber,other_body_nonreporters,website,True,24,340,32772.3172451,441453.81929136,585683258.3561718
2023,nonharedi_jew,sexual_harassment,reported,yes,True,7,124,9626.7546607,167168.73726174998,230691276.2423631
2023,nonharedi_jew,sexual_harassment,reason_not_reported,ashamed,True,2,117,3337.8279058999997,157541.98260105,217197839.12555408
2023,nonharedi_jew,sexual_harassment,reason_not_reported,fear_revenge,True,1,117,1562.6259281,157541.98260105,217197839.12555408
2023,nonharedi_jew,sexual_harassment,reason_not_reported,handled_self,True,19,117,26886.385001799998,157541.98260105,217197839.12555408
2023,nonharedi_jew,sexual_harassment,reason_not_reported,not_worth_bothering,True,25,117,32567.76420317,157541.98260105,217197839.12555408
2023,nonharedi_jew,sexual_harassment,reason_not_reported,other,True,6,117,8041.083693140001,157541.98260105,217197839.12555408
2023,nonharedi_jew,sexual_harassment,reason_not_reported,personal_time,True,19,117,25245.5785183,157541.98260105,217197839.12555408
2023,nonharedi_jew,sexual_harassment,reason_not_reported,police_ineffective_past,True,16,117,20251.10331084,157541.98260105,217197839.12555408
2023,nonharedi_jew,sexual_harassment,reason_not_reported,police_unable,True,10,117,13642.1831544,157541.98260105,217197839.12555408
2023,nonharedi_jew,sexual_harassment,reason_not_reported,police_unwilling,True,17,117,23456.1473904,157541.98260105,217197839.12555408
2023,nonharedi_jew,sexual_harassment,reason_not_reported,turned_elsewhere,True,2,117,2551.283495,157541.98260105,217197839.12555408
2023,nonharedi_jew,sexual_harassment,other_body,acquaintance,True,38,125,51925.88891240001,168708.72463865002,233062837.36337447
2023,nonharedi_jew,sexual_harassment,other_body,family,True,38,125,51460.255062749995,168708.72463865002,233062837.36337447
2023,nonharedi_jew,sexual_harassment,other_body,legal,True,3,125,4019.4668588,168708.72463865002,233062837.36337447
2023,nonharedi_jew,sexual_harassment,other_body,medical,True,0,125,0.0,168708.72463865002,233062837.36337447
2023,nonharedi_jew,sexual_harassment,other_body,mental_health,True,15,125,20680.305930839997,168708.72463865002,233062837.36337447
2023,nonharedi_jew,sexual_harassment,other_body,ngo,True,1,125,1705.73359,168708.72463865002,233062837.36337447
2023,nonharedi_jew,sexual_harassment,other_body,none,True,52,125,69551.91439276,168708.72463865002,233062837.36337447
2023,nonharedi_jew,sexual_harassment,other_body,other,True,3,125,4352.4585804,168708.72463865002,233062837.36337447
2023,nonharedi_jew,sexual_harassment,other_body,welfare,True,3,125,4317.8705018,168708.72463865002,233062837.36337447
2023,nonharedi_jew,sexual_harassment,other_body,workplace,True,14,125,18959.582312259998,168708.72463865002,233062837.36337447
2023,nonharedi_jew,sexual_harassment,other_body_reporters,acquaintance,True,3,7,4032.7128033000004,9626.7546607,13493437.116808994
2023,nonharedi_jew,sexual_harassment,other_body_reporters,family,True,4,7,5630.4987436,9626.7546607,13493437.116808994
2023,nonharedi_jew,sexual_harassment,other_body_reporters,legal,True,1,7,1196.3106637,9626.7546607,13493437.116808994
2023,nonharedi_jew,sexual_harassment,other_body_reporters,medical,True,0,7,0.0,9626.7546607,13493437.116808994
2023,nonharedi_jew,sexual_harassment,other_body_reporters,mental_health,True,5,7,7175.018744,9626.7546607,13493437.116808994
2023,nonharedi_jew,sexual_harassment,other_body_reporters,ngo,True,0,7,0.0,9626.7546607,13493437.116808994
2023,nonharedi_jew,sexual_harassment,other_body_reporters,none,True,1,7,1255.425253,9626.7546607,13493437.116808994
2023,nonharedi_jew,sexual_harassment,other_body_reporters,other,True,0,7,0.0,9626.7546607,13493437.116808994
2023,nonharedi_jew,sexual_harassment,other_body_reporters,welfare,True,1,7,1597.7859403,9626.7546607,13493437.116808994
2023,nonharedi_jew,sexual_harassment,other_body_reporters,workplace,True,3,7,4032.7128033000004,9626.7546607,13493437.116808994
2023,nonharedi_jew,sexual_harassment,other_body_nonreporters,acquaintance,True,35,117,47893.1761091,157541.98260105,217197839.12555408
2023,nonharedi_jew,sexual_harassment,other_body_nonreporters,family,True,34,117,45829.75631915,157541.98260105,217197839.12555408
2023,nonharedi_jew,sexual_harassment,other_body_nonreporters,legal,True,2,117,2823.1561951000003,157541.98260105,217197839.12555408
2023,nonharedi_jew,sexual_harassment,other_body_nonreporters,medical,True,0,117,0.0,157541.98260105,217197839.12555408
2023,nonharedi_jew,sexual_harassment,other_body_nonreporters,mental_health,True,10,117,13505.28718684,157541.98260105,217197839.12555408
2023,nonharedi_jew,sexual_harassment,other_body_nonreporters,ngo,True,1,117,1705.73359,157541.98260105,217197839.12555408
2023,nonharedi_jew,sexual_harassment,other_body_nonreporters,none,True,50,117,66756.50176285999,157541.98260105,217197839.12555408
2023,nonharedi_jew,sexual_harassment,other_body_nonreporters,other,True,3,117,4352.4585804,157541.98260105,217197839.12555408
2023,nonharedi_jew,sexual_harassment,other_body_nonreporters,welfare,True,2,117,2720.0845615,157541.98260105,217197839.12555408
2023,nonharedi_jew,sexual_harassment,other_body_nonreporters,workplace,True,11,117,14926.86950896,157541.98260105,217197839.12555408
2023,nonharedi_jew,theft,reported,yes,True,35,97,48481.93821380001,126960.10439932,170904268.15715614
2023,nonharedi_jew,theft,reason_not_reported,handled_self,True,2,62,2623.0869393000003,78478.16618552,102342836.52369328
2023,nonharedi_jew,theft,reason_not_reported,not_worth_bothering,True,2,62,2114.9156263,78478.16618552,102342836.52369328
2023,nonharedi_jew,theft,reason_not_reported,other,True,3,62,3885.2291151,78478.16618552,102342836.52369328
2023,nonharedi_jew,theft,reason_not_reported,personal_time,True,7,62,9003.8430479,78478.16618552,102342836.52369328
2023,nonharedi_jew,theft,reason_not_reported,police_ineffective_past,True,10,62,12499.05905165,78478.16618552,102342836.52369328
2023,nonharedi_jew,theft,reason_not_reported,police_unable,True,10,62,13809.988569699999,78478.16618552,102342836.52369328
2023,nonharedi_jew,theft,reason_not_reported,police_unwilling,True,23,62,27894.11032075,78478.16618552,102342836.52369328
2023,nonharedi_jew,theft,reason_not_reported,turned_elsewhere,True,5,62,6647.93351482,78478.16618552,102342836.52369328
2023,nonharedi_jew,violence_threat,reported,yes,True,54,169,70812.06802605001,222697.0267644,300678811.6532322
2023,nonharedi_jew,violence_threat,reason_not_reported,ashamed,True,2,114,2134.93153105,150801.34896885,204632998.03008428
2023,nonharedi_jew,violence_threat,reason_not_reported,fear_revenge,True,4,114,5472.4744787,150801.34896885,204632998.03008428
2023,nonharedi_jew,violence_threat,reason_not_reported,handled_self,True,9,114,11408.4716277,150801.34896885,204632998.03008428
2023,nonharedi_jew,violence_threat,reason_not_reported,not_worth_bothering,True,11,114,14761.922721699999,150801.34896885,204632998.03008428
2023,nonharedi_jew,violence_threat,reason_not_reported,other,True,3,114,3995.6926874,150801.34896885,204632998.03008428
2023,nonharedi_jew,violence_threat,reason_not_reported,personal_time,True,15,114,19085.35232228,150801.34896885,204632998.03008428
2023,nonharedi_jew,violence_threat,reason_not_reported,police_ineffective_past,True,16,114,21618.8865718,150801.34896885,204632998.03008428
2023,nonharedi_jew,violence_threat,reason_not_reported,police_unable,True,23,114,32279.989764799997,150801.34896885,204632998.03008428
2023,nonharedi_jew,violence_threat,reason_not_reported,police_unwilling,True,25,114,32307.72729762,150801.34896885,204632998.03008428
2023,nonharedi_jew,violence_threat,reason_not_reported,turned_elsewhere,True,6,114,7735.8999658,150801.34896885,204632998.03008428
2023,nonharedi_jew,violence_threat,other_body,acquaintance,True,33,146,45315.56796368,192575.53467790002,260782232.84267175
2023,nonharedi_jew,violence_threat,other_body,family,True,53,146,70784.57849349,192575.53467790002,260782232.84267175
2023,nonharedi_jew,violence_threat,other_body,legal,True,6,146,7644.814774100001,192575.53467790002,260782232.84267175
2023,nonharedi_jew,violence_threat,other_body,medical,True,4,146,6376.3480485,192575.53467790002,260782232.84267175
2023,nonharedi_jew,violence_threat,other_body,mental_health,True,13,146,18339.4814079,192575.53467790002,260782232.84267175
2023,nonharedi_jew,violence_threat,other_body,ngo,True,2,146,2943.6036597,192575.53467790002,260782232.84267175
2023,nonharedi_jew,violence_threat,other_body,none,True,58,146,76348.57502782998,192575.53467790002,260782232.84267175
2023,nonharedi_jew,violence_threat,other_body,other,True,7,146,8598.5662292,192575.53467790002,260782232.84267175
2023,nonharedi_jew,violence_threat,other_body,welfare,True,1,146,1196.3106637,192575.53467790002,260782232.84267175
2023,nonharedi_jew,violence_threat,other_body,workplace,True,24,146,30582.96901756,192575.53467790002,260782232.84267175
2023,nonharedi_jew,violence_threat,other_body_reporters,acquaintance,True,10,34,14561.723603100001,44944.72469645,61019542.83386075
2023,nonharedi_jew,violence_threat,other_body_reporters,family,True,13,34,17895.30311998,44944.72469645,61019542.83386075
2023,nonharedi_jew,violence_threat,other_body_reporters,legal,True,3,34,3753.5620711,44944.72469645,61019542.83386075
2023,nonharedi_jew,violence_threat,other_body_reporters,medical,True,4,34,6376.3480485,44944.72469645,61019542.83386075
2023,nonharedi_jew,violence_threat,other_body_reporters,mental_health,True,8,34,11654.0967405,44944.72469645,61019542.83386075
2023,nonharedi_jew,violence_threat,other_body_reporters,ngo,True,0,34,0.0,44944.72469645,61019542.83386075
2023,nonharedi_jew,violence_threat,other_body_reporters,none,True,10,34,12301.836613270001,44944.72469645,61019542.83386075
2023,nonharedi_jew,violence_threat,other_body_reporters,other,True,3,34,3670.2553187,44944.72469645,61019542.83386075
2023,nonharedi_jew,violence_threat,other_body_reporters,welfare,True,1,34,1196.3106637,44944.72469645,61019542.83386075
2023,nonharedi_jew,violence_threat,other_body_reporters,workplace,True,3,34,3654.7744588,44944.72469645,61019542.83386075
2023,nonharedi_jew,violence_threat,other_body_nonreporters,acquaintance,True,23,112,30753.844360579995,147630.80998144997,199762690.008811
2023,nonharedi_jew,violence_threat,other_body_nonreporters,family,True,40,112,52889.27537351,147630.80998144997,199762690.008811
2023,nonharedi_jew,violence_threat,other_body_nonreporters,legal,True,3,112,3891.2527029999997,147630.80998144997,199762690.008811
2023,nonharedi_jew,violence_threat,other_body_nonreporters,medical,True,0,112,0.0,147630.80998144997,199762690.008811
2023,nonharedi_jew,violence_threat,other_body_nonreporters,mental_health,True,5,112,6685.3846674,147630.80998144997,199762690.008811
2023,nonharedi_jew,violence_threat,other_body_nonreporters,ngo,True,2,112,2943.6036597,147630.80998144997,199762690.008811
2023,nonharedi_jew,violence_threat,other_body_nonreporters,none,True,48,112,64046.73841456001,147630.80998144997,199762690.008811
2023,nonharedi_jew,violence_threat,other_body_nonreporters,other,True,4,112,4928.310910499999,147630.80998144997,199762690.008811
2023,nonharedi_jew,violence_threat,other_body_nonreporters,welfare,True,0,112,0.0,147630.80998144997,199762690.008811
2023,nonharedi_jew,violence_threat,other_body_nonreporters,workplace,True,21,112,26928.19455876,147630.80998144997,199762690.008811
2023,all_20plus,cyber,reported,yes,True,36,460,45127.73363933,595055.7570964601,791277581.2632754
2023,all_20plus,cyber,reason_not_reported,ashamed,True,40,421,52399.17062942,546186.14480563,728353244.6943669
2023,all_20plus,cyber,reason_not_reported,didnt_know_police_handles,True,41,421,52867.7707941,546186.14480563,728353244.6943669
2023,all_20plus,cyber,reason_not_reported,fear_revenge,True,4,421,5818.9943099,546186.14480563,728353244.6943669
2023,all_20plus,cyber,reason_not_reported,handled_self,True,49,421,65577.30977386,546186.14480563,728353244.6943669
2023,all_20plus,cyber,reason_not_reported,not_worth_bothering,True,37,421,47814.58527119001,546186.14480563,728353244.6943669
2023,all_20plus,cyber,reason_not_reported,other,True,18,421,23441.9412464,546186.14480563,728353244.6943669
2023,all_20plus,cyber,reason_not_reported,personal_time,True,28,421,36040.289359860006,546186.14480563,728353244.6943669
2023,all_20plus,cyber,reason_not_reported,police_ineffective_past,True,30,421,38663.37571495001,546186.14480563,728353244.6943669
2023,all_20plus,cyber,reason_not_reported,police_unable,True,51,421,65304.63109252,546186.14480563,728353244.6943669
2023,all_20plus,cyber,reason_not_reported,police_unwilling,True,33,421,41590.969344410005,546186.14480563,728353244.6943669
2023,all_20plus,cyber,reason_not_reported,turned_elsewhere,True,90,421,116667.10726902,546186.14480563,728353244.6943669
2023,all_20plus,cyber,other_body,acquaintance,True,82,459,107879.29012587,593694.2004235601,789423744.6897569
2023,all_20plus,cyber,other_body,bank,True,171,459,219317.33118567002,593694.2004235601,789423744.6897569
2023,all_20plus,cyber,other_body,family,True,136,459,176247.63658168,593694.2004235601,789423744.6897569
2023,all_20plus,cyber,other_body,government,True,11,459,14006.1742947,593694.2004235601,789423744.6897569
2023,all_20plus,cyber,other_body,isp,True,17,459,21911.55510935,593694.2004235601,789423744.6897569
2023,all_20plus,cyber,other_body,legal,True,5,459,7849.5687476,593694.2004235601,789423744.6897569
2023,all_20plus,cyber,other_body,none,True,126,459,163151.8638113,593694.2004235601,789423744.6897569
2023,all_20plus,cyber,other_body,other,True,11,459,15096.15892446,593694.2004235601,789423744.6897569
2023,all_20plus,cyber,other_body,professional,True,39,459,50353.89795153,593694.2004235601,789423744.6897569
2023,all_20plus,cyber,other_body,website,True,30,459,39587.02763841999,593694.2004235601,789423744.6897569
2023,all_20plus,cyber,other_body_reporters,acquaintance,True,7,36,9417.485663899999,45127.73363933,58257049.43410298
2023,all_20plus,cyber,other_body_reporters,bank,True,11,36,13845.412832600001,45127.73363933,58257049.43410298
2023,all_20plus,cyber,other_body_reporters,family,True,13,36,17170.8722955,45127.73363933,58257049.43410298
2023,all_20plus,cyber,other_body_reporters,government,True,2,36,2931.8877368000003,45127.73363933,58257049.43410298
2023,all_20plus,cyber,other_body_reporters,isp,True,2,36,2092.85167835,45127.73363933,58257049.43410298
2023,all_20plus,cyber,other_body_reporters,legal,True,1,36,1502.4914851,45127.73363933,58257049.43410298
2023,all_20plus,cyber,other_body_reporters,none,True,9,36,10503.38755462,45127.73363933,58257049.43410298
2023,all_20plus,cyber,other_body_reporters,other,True,4,36,4835.20122466,45127.73363933,58257049.43410298
2023,all_20plus,cyber,other_body_reporters,professional,True,4,36,5627.154711,45127.73363933,58257049.43410298
2023,all_20plus,cyber,other_body_reporters,website,True,1,36,1094.1862085,45127.73363933,58257049.43410298
2023,all_20plus,cyber,other_body_nonreporters,acquaintance,True,75,423,98461.80446197001,548566.46678423,731166695.2556539
2023,all_20plus,cyber,other_body_nonreporters,bank,True,160,423,205471.91835307,548566.46678423,731166695.2556539
2023,all_20plus,cyber,other_body_nonreporters,family,True,123,423,159076.76428617997,548566.46678423,731166695.2556539
2023,all_20plus,cyber,other_body_nonreporters,government,True,9,423,11074.2865579,548566.46678423,731166695.2556539
2023,all_20plus,cyber,other_body_nonreporters,isp,True,15,423,19818.703431,548566.46678423,731166695.2556539
2023,all_20plus,cyber,other_body_nonreporters,legal,True,4,423,6347.077262500001,548566.46678423,731166695.2556539
2023,all_20plus,cyber,other_body_nonreporters,none,True,117,423,152648.47625668,548566.46678423,731166695.2556539
2023,all_20plus,cyber,other_body_nonreporters,other,True,7,423,10260.9576998,548566.46678423,731166695.2556539
2023,all_20plus,cyber,other_body_nonreporters,professional,True,35,423,44726.74324052999,548566.46678423,731166695.2556539
2023,all_20plus,cyber,other_body_nonreporters,website,True,29,423,38492.841429919994,548566.46678423,731166695.2556539
2023,all_20plus,sexual_harassment,reported,yes,True,8,152,11253.0705757,203453.83936292,279833962.48611426
2023,all_20plus,sexual_harassment,reason_not_reported,ashamed,True,5,143,7742.222821299999,191340.96027697998,262956351.23964185
2023,all_20plus,sexual_harassment,reason_not_reported,fear_revenge,True,1,143,1562.6259281,191340.96027697998,262956351.23964185
2023,all_20plus,sexual_harassment,reason_not_reported,handled_self,True,25,143,34073.60729212999,191340.96027697998,262956351.23964185
2023,all_20plus,sexual_harassment,reason_not_reported,not_worth_bothering,True,28,143,36368.80204627001,191340.96027697998,262956351.23964185
2023,all_20plus,sexual_harassment,reason_not_reported,other,True,7,143,9303.91559894,191340.96027697998,262956351.23964185
2023,all_20plus,sexual_harassment,reason_not_reported,personal_time,True,22,143,29410.935472200006,191340.96027697998,262956351.23964185
2023,all_20plus,sexual_harassment,reason_not_reported,police_ineffective_past,True,21,143,26415.563428639998,191340.96027697998,262956351.23964185
2023,all_20plus,sexual_harassment,reason_not_reported,police_unable,True,11,143,14838.769853499998,191340.96027697998,262956351.23964185
2023,all_20plus,sexual_harassment,reason_not_reported,police_unwilling,True,20,143,27660.4523495,191340.96027697998,262956351.23964185
2023,all_20plus,sexual_harassment,reason_not_reported,turned_elsewhere,True,3,143,3964.0654864,191340.96027697998,262956351.23964185
2023,all_20plus,sexual_harassment,other_body,acquaintance,True,44,153,59187.69219762001,204993.82673982,282205523.6071256
2023,all_20plus,sexual_harassment,other_body,family,True,44,153,59048.713433569996,204993.82673982,282205523.6071256
2023,all_20plus,sexual_harassment,other_body,legal,True,3,153,4019.4668588,204993.82673982,282205523.6071256
2023,all_20plus,sexual_harassment,other_body,medical,True,0,153,0.0,204993.82673982,282205523.6071256
2023,all_20plus,sexual_harassment,other_body,mental_health,True,20,153,26376.954075929996,204993.82673982,282205523.6071256
2023,all_20plus,sexual_harassment,other_body,ngo,True,2,153,3118.5155814,204993.82673982,282205523.6071256
2023,all_20plus,sexual_harassment,other_body,none,True,65,153,87571.52680102,204993.82673982,282205523.6071256
2023,all_20plus,sexual_harassment,other_body,other,True,3,153,4352.4585804,204993.82673982,282205523.6071256
2023,all_20plus,sexual_harassment,other_body,welfare,True,4,153,5497.0015583,204993.82673982,282205523.6071256
2023,all_20plus,sexual_harassment,other_body,workplace,True,15,153,20001.63137456,204993.82673982,282205523.6071256
2023,all_20plus,sexual_harassment,other_body_reporters,acquaintance,True,4,8,5659.0287183,11253.0705757,16138340.57219128
2023,all_20plus,sexual_harassment,other_body_reporters,family,True,4,8,5630.4987436,11253.0705757,16138340.57219128
2023,all_20plus,sexual_harassment,other_body_reporters,legal,True,1,8,1196.3106637,11253.0705757,16138340.57219128
2023,all_20plus,sexual_harassment,other_body_reporters,medical,True,0,8,0.0,11253.0705757,16138340.57219128
2023,all_20plus,sexual_harassment,other_body_reporters,mental_health,True,5,8,7175.018744,11253.0705757,16138340.57219128
2023,all_20plus,sexual_harassment,other_body_reporters,ngo,True,0,8,0.0,11253.0705757,16138340.57219128
2023,all_20plus,sexual_harassment,other_body_reporters,none,True,1,8,1255.425253,11253.0705757,16138340.57219128
2023,all_20plus,sexual_harassment,other_body_reporters,other,True,0,8,0.0,11253.0705757,16138340.57219128
2023,all_20plus,sexual_harassment,other_body_reporters,welfare,True,1,8,1597.7859403,11253.0705757,16138340.57219128
2023,all_20plus,sexual_harassment,other_body_reporters,workplace,True,3,8,4032.7128033000004,11253.0705757,16138340.57219128
2023,all_20plus,sexual_harassment,other_body_nonreporters,acquaintance,True,40,144,53528.66347932001,192200.76878722,263695621.91392297
2023,all_20plus,sexual_harassment,other_body_nonreporters,family,True,40,144,53418.21468997,192200.76878722,263695621.91392297
2023,all_20plus,sexual_harassment,other_body_nonreporters,legal,True,2,144,2823.1561951000003,192200.76878722,263695621.91392297
2023,all_20plus,sexual_harassment,other_body_nonreporters,medical,True,0,144,0.0,192200.76878722,263695621.91392297
2023,all_20plus,sexual_harassment,other_body_nonreporters,mental_health,True,15,144,19201.93533193,192200.76878722,263695621.91392297
2023,all_20plus,sexual_harassment,other_body_nonreporters,ngo,True,2,144,3118.5155814,192200.76878722,263695621.91392297
2023,all_20plus,sexual_harassment,other_body_nonreporters,none,True,63,144,84776.11417111999,192200.76878722,263695621.91392297
2023,all_20plus,sexual_harassment,other_body_nonreporters,other,True,3,144,4352.4585804,192200.76878722,263695621.91392297
2023,all_20plus,sexual_harassment,other_body_nonreporters,welfare,True,3,144,3899.215618,192200.76878722,263695621.91392297
2023,all_20plus,sexual_harassment,other_body_nonreporters,workplace,True,12,144,15968.918571260001,192200.76878722,263695621.91392297
2023,all_20plus,theft,reported,yes,True,44,139,59359.50685545,180862.59482848,243846881.13558197
2023,all_20plus,theft,reason_not_reported,handled_self,True,3,95,3904.3327132,121503.08797302998,160807581.58312997
2023,all_20plus,theft,reason_not_reported,not_worth_bothering,True,6,95,7462.4698281,121503.08797302998,160807581.58312997
2023,all_20plus,theft,reason_not_reported,other,True,5,95,6957.6654914,121503.08797302998,160807581.58312997
2023,all_20plus,theft,reason_not_reported,personal_time,True,12,95,15794.8338872,121503.08797302998,160807581.58312997
2023,all_20plus,theft,reason_not_reported,police_ineffective_past,True,16,95,20475.40619805,121503.08797302998,160807581.58312997
2023,all_20plus,theft,reason_not_reported,police_unable,True,15,95,19644.612531519997,121503.08797302998,160807581.58312997
2023,all_20plus,theft,reason_not_reported,police_unwilling,True,29,95,35928.129703650004,121503.08797302998,160807581.58312997
2023,all_20plus,theft,reason_not_reported,turned_elsewhere,True,9,95,11335.637619910001,121503.08797302998,160807581.58312997
2023,all_20plus,violence_threat,reported,yes,True,77,236,101431.81300392,310131.82331659005,420210941.36324453
2023,all_20plus,violence_threat,reason_not_reported,ashamed,True,3,158,3210.8083518500002,207616.40054317,280419242.7180175
2023,all_20plus,violence_threat,reason_not_reported,fear_revenge,True,7,158,10249.3323605,207616.40054317,280419242.7180175
2023,all_20plus,violence_threat,reason_not_reported,handled_self,True,13,158,16006.23611992,207616.40054317,280419242.7180175
2023,all_20plus,violence_threat,reason_not_reported,not_worth_bothering,True,15,158,19629.625162199998,207616.40054317,280419242.7180175
2023,all_20plus,violence_threat,reason_not_reported,other,True,4,158,5263.0033505,207616.40054317,280419242.7180175
2023,all_20plus,violence_threat,reason_not_reported,personal_time,True,18,158,23762.00921868,207616.40054317,280419242.7180175
2023,all_20plus,violence_threat,reason_not_reported,police_ineffective_past,True,22,158,29688.6715667,207616.40054317,280419242.7180175
2023,all_20plus,violence_threat,reason_not_reported,police_unable,True,30,158,40733.871268099996,207616.40054317,280419242.7180175
2023,all_20plus,violence_threat,reason_not_reported,police_unwilling,True,35,158,44682.73243052001,207616.40054317,280419242.7180175
2023,all_20plus,violence_threat,reason_not_reported,turned_elsewhere,True,11,158,14390.1107142,207616.40054317,280419242.7180175
2023,all_20plus,violence_threat,other_body,acquaintance,True,44,206,59538.88269898,269745.28331499,364231942.40639967
2023,all_20plus,violence_threat,other_body,family,True,70,206,93909.31308729002,269745.28331499,364231942.40639967
2023,all_20plus,violence_threat,other_body,legal,True,14,206,18255.77478071,269745.28331499,364231942.40639967
2023,all_20plus,violence_threat,other_body,medical,True,6,206,8600.5395849,269745.28331499,364231942.40639967
2023,all_20plus,violence_threat,other_body,mental_health,True,21,206,28423.1170003,269745.28331499,364231942.40639967
2023,all_20plus,violence_threat,other_body,ngo,True,3,206,4211.8560762,269745.28331499,364231942.40639967
2023,all_20plus,violence_threat,other_body,none,True,82,206,107350.63371960999,269745.28331499,364231942.40639967
2023,all_20plus,violence_threat,other_body,other,True,14,206,18394.947532899998,269745.28331499,364231942.40639967
2023,all_20plus,violence_threat,other_body,welfare,True,3,206,3579.6009699000006,269745.28331499,364231942.40639967
2023,all_20plus,violence_threat,other_body,workplace,True,30,206,38530.92711776,269745.28331499,364231942.40639967
2023,all_20plus,violence_threat,other_body_reporters,acquaintance,True,11,51,15765.8828528,66387.27639842,89866435.42568442
2023,all_20plus,violence_threat,other_body_reporters,family,True,16,51,22491.41676198,66387.27639842,89866435.42568442
2023,all_20plus,violence_threat,other_body_reporters,legal,True,8,51,9725.48212491,66387.27639842,89866435.42568442
2023,all_20plus,violence_threat,other_body_reporters,medical,True,6,51,8600.5395849,66387.27639842,89866435.42568442
2023,all_20plus,violence_threat,other_body_reporters,mental_health,True,11,51,15151.1242497,66387.27639842,89866435.42568442
2023,all_20plus,violence_threat,other_body_reporters,ngo,True,0,51,0.0,66387.27639842,89866435.42568442
2023,all_20plus,violence_threat,other_body_reporters,none,True,14,51,17852.38414273,66387.27639842,89866435.42568442
2023,all_20plus,violence_threat,other_body_reporters,other,True,6,51,7385.0727833,66387.27639842,89866435.42568442
2023,all_20plus,violence_threat,other_body_reporters,welfare,True,3,51,3579.6009699000006,66387.27639842,89866435.42568442
2023,all_20plus,violence_threat,other_body_reporters,workplace,True,5,51,6101.3962331,66387.27639842,89866435.42568442
2023,all_20plus,violence_threat,other_body_nonreporters,acquaintance,True,33,155,43772.99984618,203358.00691657,274365506.9807152
2023,all_20plus,violence_threat,other_body_nonreporters,family,True,54,155,71417.89632531001,203358.00691657,274365506.9807152
2023,all_20plus,violence_threat,other_body_nonreporters,legal,True,6,155,8530.292655799998,203358.00691657,274365506.9807152
2023,all_20plus,violence_threat,other_body_nonreporters,medical,True,0,155,0.0,203358.00691657,274365506.9807152
2023,all_20plus,violence_threat,other_body_nonreporters,mental_health,True,10,155,13271.9927506,203358.00691657,274365506.9807152
2023,all_20plus,violence_threat,other_body_nonreporters,ngo,True,3,155,4211.8560762,203358.00691657,274365506.9807152
2023,all_20plus,violence_threat,other_body_nonreporters,none,True,68,155,89498.24957687999,203358.00691657,274365506.9807152
2023,all_20plus,violence_threat,other_body_nonreporters,other,True,8,155,11009.8747496,203358.00691657,274365506.9807152
2023,all_20plus,violence_threat,other_body_nonreporters,welfare,True,0,155,0.0,203358.00691657,274365506.9807152
2023,all_20plus,violence_threat,other_body_nonreporters,workplace,True,25,155,32429.53088466,203358.00691657,274365506.9807152
2024,haredi,cyber,reported,yes,True,1,25,1171.661937,29180.611916799997,34443800.768996745
2024,haredi,cyber,reason_not_reported,ashamed,True,6,24,6700.931606299999,28008.949979799996,33071009.074382152
2024,haredi,cyber,reason_not_reported,didnt_know_police_handles,True,1,24,1035.630719,28008.949979799996,33071009.074382152
2024,haredi,cyber,reason_not_reported,fear_revenge,True,0,24,0.0,28008.949979799996,33071009.074382152
2024,haredi,cyber,reason_not_reported,handled_self,True,1,24,1164.153439,28008.949979799996,33071009.074382152
2024,haredi,cyber,reason_not_reported,not_worth_bothering,True,2,24,2505.143662,28008.949979799996,33071009.074382152
2024,haredi,cyber,reason_not_reported,other,True,1,24,1131.148724,28008.949979799996,33071009.074382152
2024,haredi,cyber,reason_not_reported,personal_time,True,2,24,1981.6928225,28008.949979799996,33071009.074382152
2024,haredi,cyber,reason_not_reported,police_ineffective_past,True,1,24,1048.134211,28008.949979799996,33071009.074382152
2024,haredi,cyber,reason_not_reported,police_unable,True,2,24,2344.83686,28008.949979799996,33071009.074382152
2024,haredi,cyber,reason_not_reported,police_unwilling,True,1,24,1277.748554,28008.949979799996,33071009.074382152
2024,haredi,cyber,reason_not_reported,turned_elsewhere,True,7,24,8819.529381999999,28008.949979799996,33071009.074382152
2024,haredi,cyber,other_body,acquaintance,True,2,25,2462.766666,29180.611916799997,34443800.768996745
2024,haredi,cyber,other_body,bank,True,15,25,18261.501311,29180.611916799997,34443800.768996745
2024,haredi,cyber,other_body,family,True,6,25,7508.403073999999,29180.611916799997,34443800.768996745
2024,haredi,cyber,other_body,government,True,0,25,0.0,29180.611916799997,34443800.768996745
2024,haredi,cyber,other_body,isp,True,0,25,0.0,29180.611916799997,34443800.768996745
2024,haredi,cyber,other_body,legal,True,0,25,0.0,29180.611916799997,34443800.768996745
2024,haredi,cyber,other_body,none,True,7,25,7327.9604438,29180.611916799997,34443800.768996745
2024,haredi,cyber,other_body,other,True,1,25,1143.184346,29180.611916799997,34443800.768996745
2024,haredi,cyber,other_body,professional,True,0,25,0.0,29180.611916799997,34443800.768996745
2024,haredi,cyber,other_body,website,True,1,25,1318.565856,29180.611916799997,34443800.768996745
2024,haredi,cyber,other_body_reporters,acquaintance,True,0,1,0.0,1171.661937,1372791.6946145922
2024,haredi,cyber,other_body_reporters,bank,True,0,1,0.0,1171.661937,1372791.6946145922
2024,haredi,cyber,other_body_reporters,family,True,0,1,0.0,1171.661937,1372791.6946145922
2024,haredi,cyber,other_body_reporters,government,True,0,1,0.0,1171.661937,1372791.6946145922
2024,haredi,cyber,other_body_reporters,isp,True,0,1,0.0,1171.661937,1372791.6946145922
2024,haredi,cyber,other_body_reporters,legal,True,0,1,0.0,1171.661937,1372791.6946145922
2024,haredi,cyber,other_body_reporters,none,True,1,1,1171.661937,1171.661937,1372791.6946145922
2024,haredi,cyber,other_body_reporters,other,True,0,1,0.0,1171.661937,1372791.6946145922
2024,haredi,cyber,other_body_reporters,professional,True,0,1,0.0,1171.661937,1372791.6946145922
2024,haredi,cyber,other_body_reporters,website,True,0,1,0.0,1171.661937,1372791.6946145922
2024,haredi,cyber,other_body_nonreporters,acquaintance,True,2,24,2462.766666,28008.949979799996,33071009.074382152
2024,haredi,cyber,other_body_nonreporters,bank,True,15,24,18261.501311,28008.949979799996,33071009.074382152
2024,haredi,cyber,other_body_nonreporters,family,True,6,24,7508.403073999999,28008.949979799996,33071009.074382152
2024,haredi,cyber,other_body_nonreporters,government,True,0,24,0.0,28008.949979799996,33071009.074382152
2024,haredi,cyber,other_body_nonreporters,isp,True,0,24,0.0,28008.949979799996,33071009.074382152
2024,haredi,cyber,other_body_nonreporters,legal,True,0,24,0.0,28008.949979799996,33071009.074382152
2024,haredi,cyber,other_body_nonreporters,none,True,6,24,6156.2985068,28008.949979799996,33071009.074382152
2024,haredi,cyber,other_body_nonreporters,other,True,1,24,1143.184346,28008.949979799996,33071009.074382152
2024,haredi,cyber,other_body_nonreporters,professional,True,0,24,0.0,28008.949979799996,33071009.074382152
2024,haredi,cyber,other_body_nonreporters,website,True,1,24,1318.565856,28008.949979799996,33071009.074382152
2024,haredi,sexual_harassment,reported,yes,True,0,7,0.0,8468.626660999998,10299423.552295342
2024,haredi,sexual_harassment,reason_not_reported,ashamed,True,0,7,0.0,8468.626660999998,10299423.552295342
2024,haredi,sexual_harassment,reason_not_reported,fear_revenge,True,0,7,0.0,8468.626660999998,10299423.552295342
2024,haredi,sexual_harassment,reason_not_reported,handled_self,True,2,7,2394.551714,8468.626660999998,10299423.552295342
2024,haredi,sexual_harassment,reason_not_reported,not_worth_bothering,True,0,7,0.0,8468.626660999998,10299423.552295342
2024,haredi,sexual_harassment,reason_not_reported,other,True,0,7,0.0,8468.626660999998,10299423.552295342
2024,haredi,sexual_harassment,reason_not_reported,personal_time,True,1,7,1290.530033,8468.626660999998,10299423.552295342
2024,haredi,sexual_harassment,reason_not_reported,police_ineffective_past,True,1,7,1038.81457,8468.626660999998,10299423.552295342
2024,haredi,sexual_harassment,reason_not_reported,police_unable,True,1,7,1326.237369,8468.626660999998,10299423.552295342
2024,haredi,sexual_harassment,reason_not_reported,police_unwilling,True,2,7,2418.492975,8468.626660999998,10299423.552295342
2024,haredi,sexual_harassment,reason_not_reported,turned_elsewhere,True,0,7,0.0,8468.626660999998,10299423.552295342
2024,haredi,sexual_harassment,other_body,acquaintance,True,2,7,2489.002407,8468.626660999998,10299423.552295342
2024,haredi,sexual_harassment,other_body,family,True,3,7,3779.53244,8468.626660999998,10299423.552295342
2024,haredi,sexual_harassment,other_body,legal,True,1,7,1326.237369,8468.626660999998,10299423.552295342
2024,haredi,sexual_harassment,other_body,medical,True,0,7,0.0,8468.626660999998,10299423.552295342
2024,haredi,sexual_harassment,other_body,mental_health,True,1,7,1190.191523,8468.626660999998,10299423.552295342
2024,haredi,sexual_harassment,other_body,ngo,True,0,7,0.0,8468.626660999998,10299423.552295342
2024,haredi,sexual_harassment,other_body,none,True,3,7,3498.9026980000003,8468.626660999998,10299423.552295342
2024,haredi,sexual_harassment,other_body,other,True,0,7,0.0,8468.626660999998,10299423.552295342
2024,haredi,sexual_harassment,other_body,welfare,True,0,7,0.0,8468.626660999998,10299423.552295342
2024,haredi,sexual_harassment,other_body,workplace,True,1,7,1326.237369,8468.626660999998,10299423.552295342
2024,haredi,sexual_harassment,other_body_reporters,acquaintance,True,0,0,0.0,0.0,0.0
2024,haredi,sexual_harassment,other_body_reporters,family,True,0,0,0.0,0.0,0.0
2024,haredi,sexual_harassment,other_body_reporters,legal,True,0,0,0.0,0.0,0.0
2024,haredi,sexual_harassment,other_body_reporters,medical,True,0,0,0.0,0.0,0.0
2024,haredi,sexual_harassment,other_body_reporters,mental_health,True,0,0,0.0,0.0,0.0
2024,haredi,sexual_harassment,other_body_reporters,ngo,True,0,0,0.0,0.0,0.0
2024,haredi,sexual_harassment,other_body_reporters,none,True,0,0,0.0,0.0,0.0
2024,haredi,sexual_harassment,other_body_reporters,other,True,0,0,0.0,0.0,0.0
2024,haredi,sexual_harassment,other_body_reporters,welfare,True,0,0,0.0,0.0,0.0
2024,haredi,sexual_harassment,other_body_reporters,workplace,True,0,0,0.0,0.0,0.0
2024,haredi,sexual_harassment,other_body_nonreporters,acquaintance,True,2,7,2489.002407,8468.626660999998,10299423.552295342
2024,haredi,sexual_harassment,other_body_nonreporters,family,True,3,7,3779.53244,8468.626660999998,10299423.552295342
2024,haredi,sexual_harassment,other_body_nonreporters,legal,True,1,7,1326.237369,8468.626660999998,10299423.552295342
2024,haredi,sexual_harassment,other_body_nonreporters,medical,True,0,7,0.0,8468.626660999998,10299423.552295342
2024,haredi,sexual_harassment,other_body_nonreporters,mental_health,True,1,7,1190.191523,8468.626660999998,10299423.552295342
2024,haredi,sexual_harassment,other_body_nonreporters,ngo,True,0,7,0.0,8468.626660999998,10299423.552295342
2024,haredi,sexual_harassment,other_body_nonreporters,none,True,3,7,3498.9026980000003,8468.626660999998,10299423.552295342
2024,haredi,sexual_harassment,other_body_nonreporters,other,True,0,7,0.0,8468.626660999998,10299423.552295342
2024,haredi,sexual_harassment,other_body_nonreporters,welfare,True,0,7,0.0,8468.626660999998,10299423.552295342
2024,haredi,sexual_harassment,other_body_nonreporters,workplace,True,1,7,1326.237369,8468.626660999998,10299423.552295342
2024,haredi,theft,reported,yes,True,3,13,3809.8322670000002,17206.969549999998,22970991.2234748
2024,haredi,theft,reason_not_reported,handled_self,True,0,10,0.0,13397.137282999998,18132090.44682095
2024,haredi,theft,reason_not_reported,not_worth_bothering,True,2,10,2535.2087149999998,13397.137282999998,18132090.44682095
2024,haredi,theft,reason_not_reported,other,True,1,10,1566.714686,13397.137282999998,18132090.44682095
2024,haredi,theft,reason_not_reported,personal_time,True,1,10,1428.113086,13397.137282999998,18132090.44682095
2024,haredi,theft,reason_not_reported,police_ineffective_past,True,3,10,4098.911125,13397.137282999998,18132090.44682095
2024,haredi,theft,reason_not_reported,police_unable,True,2,10,2506.8441679999996,13397.137282999998,18132090.44682095
2024,haredi,theft,reason_not_reported,police_unwilling,True,1,10,1261.345503,13397.137282999998,18132090.44682095
2024,haredi,theft,reason_not_reported,turned_elsewhere,True,0,10,0.0,13397.137282999998,18132090.44682095
2024,haredi,violence_threat,reported,yes,True,2,24,2594.422325,30910.189272,40392597.37647344
2024,haredi,violence_threat,reason_not_reported,ashamed,True,0,22,0.0,28315.766947,36933278.00582909
2024,haredi,violence_threat,reason_not_reported,fear_revenge,True,2,22,2274.563576,28315.766947,36933278.00582909
2024,haredi,violence_threat,reason_not_reported,handled_self,True,4,22,4986.28734,28315.766947,36933278.00582909
2024,haredi,violence_threat,reason_not_reported,not_worth_bothering,True,0,22,0.0,28315.766947,36933278.00582909
2024,haredi,violence_threat,reason_not_reported,other,True,1,22,1380.601819,28315.766947,36933278.00582909
2024,haredi,violence_threat,reason_not_reported,personal_time,True,6,22,8154.663462,28315.766947,36933278.00582909
2024,haredi,violence_threat,reason_not_reported,police_ineffective_past,True,2,22,2556.032771,28315.766947,36933278.00582909
2024,haredi,violence_threat,reason_not_reported,police_unable,True,1,22,1051.498481,28315.766947,36933278.00582909
2024,haredi,violence_threat,reason_not_reported,police_unwilling,True,5,22,6345.404812000001,28315.766947,36933278.00582909
2024,haredi,violence_threat,reason_not_reported,turned_elsewhere,True,1,22,1566.714686,28315.766947,36933278.00582909
2024,haredi,violence_threat,other_body,acquaintance,True,5,24,6638.498006,30910.189272,40392597.37647344
2024,haredi,violence_threat,other_body,family,True,12,24,15903.218089999998,30910.189272,40392597.37647344
2024,haredi,violence_threat,other_body,legal,True,1,24,1080.640423,30910.189272,40392597.37647344
2024,haredi,violence_threat,other_body,medical,True,1,24,1513.781902,30910.189272,40392597.37647344
2024,haredi,violence_threat,other_body,mental_health,True,2,24,2594.422325,30910.189272,40392597.37647344
2024,haredi,violence_threat,other_body,ngo,True,1,24,1048.134211,30910.189272,40392597.37647344
2024,haredi,violence_threat,other_body,none,True,7,24,8579.205518,30910.189272,40392597.37647344
2024,haredi,violence_threat,other_body,other,True,1,24,1143.086713,30910.189272,40392597.37647344
2024,haredi,violence_threat,other_body,welfare,True,1,24,1080.640423,30910.189272,40392597.37647344
2024,haredi,violence_threat,other_body,workplace,True,3,24,3573.788918,30910.189272,40392597.37647344
2024,haredi,violence_threat,other_body_reporters,acquaintance,True,1,2,1080.640423,2594.422325,3459319.3706443566
2024,haredi,violence_threat,other_body_reporters,family,True,1,2,1080.640423,2594.422325,3459319.3706443566
2024,haredi,violence_threat,other_body_reporters,legal,True,1,2,1080.640423,2594.422325,3459319.3706443566
2024,haredi,violence_threat,other_body_reporters,medical,True,1,2,1513.781902,2594.422325,3459319.3706443566
2024,haredi,violence_threat,other_body_reporters,mental_health,True,2,2,2594.422325,2594.422325,3459319.3706443566
2024,haredi,violence_threat,other_body_reporters,ngo,True,0,2,0.0,2594.422325,3459319.3706443566
2024,haredi,violence_threat,other_body_reporters,none,True,0,2,0.0,2594.422325,3459319.3706443566
2024,haredi,violence_threat,other_body_reporters,other,True,0,2,0.0,2594.422325,3459319.3706443566
2024,haredi,violence_threat,other_body_reporters,welfare,True,1,2,1080.640423,2594.422325,3459319.3706443566
2024,haredi,violence_threat,other_body_reporters,workplace,True,1,2,1080.640423,2594.422325,3459319.3706443566
2024,haredi,violence_threat,other_body_nonreporters,acquaintance,True,4,22,5557.857583,28315.766947,36933278.00582909
2024,haredi,violence_threat,other_body_nonreporters,family,True,11,22,14822.577667000001,28315.766947,36933278.00582909
2024,haredi,violence_threat,other_body_nonreporters,legal,True,0,22,0.0,28315.766947,36933278.00582909
2024,haredi,violence_threat,other_body_nonreporters,medical,True,0,22,0.0,28315.766947,36933278.00582909
2024,haredi,violence_threat,other_body_nonreporters,mental_health,True,0,22,0.0,28315.766947,36933278.00582909
2024,haredi,violence_threat,other_body_nonreporters,ngo,True,1,22,1048.134211,28315.766947,36933278.00582909
2024,haredi,violence_threat,other_body_nonreporters,none,True,7,22,8579.205518,28315.766947,36933278.00582909
2024,haredi,violence_threat,other_body_nonreporters,other,True,1,22,1143.086713,28315.766947,36933278.00582909
2024,haredi,violence_threat,other_body_nonreporters,welfare,True,0,22,0.0,28315.766947,36933278.00582909
2024,haredi,violence_threat,other_body_nonreporters,workplace,True,2,22,2493.148495,28315.766947,36933278.00582909
2024,nonharedi_jew,cyber,reported,yes,True,20,349,24124.6141323,452513.30189700006,598359290.3085964
2024,nonharedi_jew,cyber,reason_not_reported,ashamed,True,36,329,46483.0238541,428388.68776470004,568591609.7162266
2024,nonharedi_jew,cyber,reason_not_reported,didnt_know_police_handles,True,20,329,26022.245403200002,428388.68776470004,568591609.7162266
2024,nonharedi_jew,cyber,reason_not_reported,fear_revenge,True,0,329,0.0,428388.68776470004,568591609.7162266
2024,nonharedi_jew,cyber,reason_not_reported,handled_self,True,29,329,36217.598093399996,428388.68776470004,568591609.7162266
2024,nonharedi_jew,cyber,reason_not_reported,not_worth_bothering,True,27,329,35314.302275,428388.68776470004,568591609.7162266
2024,nonharedi_jew,cyber,reason_not_reported,other,True,6,329,7828.151218,428388.68776470004,568591609.7162266
2024,nonharedi_jew,cyber,reason_not_reported,personal_time,True,9,329,11131.508813,428388.68776470004,568591609.7162266
2024,nonharedi_jew,cyber,reason_not_reported,police_ineffective_past,True,13,329,17519.519121000005,428388.68776470004,568591609.7162266
2024,nonharedi_jew,cyber,reason_not_reported,police_unable,True,26,329,34253.3805136,428388.68776470004,568591609.7162266
2024,nonharedi_jew,cyber,reason_not_reported,police_unwilling,True,25,329,32978.829608,428388.68776470004,568591609.7162266
2024,nonharedi_jew,cyber,reason_not_reported,turned_elsewhere,True,138,329,180640.1288654,428388.68776470004,568591609.7162266
2024,nonharedi_jew,cyber,other_body,acquaintance,True,54,346,70239.42193729998,448147.05245200003,591979823.8708467
2024,nonharedi_jew,cyber,other_body,bank,True,191,346,248462.34526670002,448147.05245200003,591979823.8708467
2024,nonharedi_jew,cyber,other_body,family,True,108,346,140552.14351629998,448147.05245200003,591979823.8708467
2024,nonharedi_jew,cyber,other_body,government,True,6,346,6954.0664295999995,448147.05245200003,591979823.8708467
2024,nonharedi_jew,cyber,other_body,isp,True,14,346,17771.177794,448147.05245200003,591979823.8708467
2024,nonharedi_jew,cyber,other_body,legal,True,4,346,5750.926678,448147.05245200003,591979823.8708467
2024,nonharedi_jew,cyber,other_body,none,True,62,346,80643.47703919999,448147.05245200003,591979823.8708467
2024,nonharedi_jew,cyber,other_body,other,True,5,346,6427.068067,448147.05245200003,591979823.8708467
2024,nonharedi_jew,cyber,other_body,professional,True,19,346,24151.312871000002,448147.05245200003,591979823.8708467
2024,nonharedi_jew,cyber,other_body,website,True,29,346,36367.652896499996,448147.05245200003,591979823.8708467
2024,nonharedi_jew,cyber,other_body_reporters,acquaintance,True,2,20,2238.6797163,24124.6141323,29767680.592369884
2024,nonharedi_jew,cyber,other_body_reporters,bank,True,9,20,10538.428036300002,24124.6141323,29767680.592369884
2024,nonharedi_jew,cyber,other_body_reporters,family,True,4,20,4533.8625532999995,24124.6141323,29767680.592369884
2024,nonharedi_jew,cyber,other_body_reporters,government,True,2,20,2906.356124,24124.6141323,29767680.592369884
2024,nonharedi_jew,cyber,other_body_reporters,isp,True,1,20,1082.566976,24124.6141323,29767680.592369884
2024,nonharedi_jew,cyber,other_body_reporters,legal,True,1,20,1455.729934,24124.6141323,29767680.592369884
2024,nonharedi_jew,cyber,other_body_reporters,none,True,4,20,4585.083372,24124.6141323,29767680.592369884
2024,nonharedi_jew,cyber,other_body_reporters,other,True,1,20,1256.62101,24124.6141323,29767680.592369884
2024,nonharedi_jew,cyber,other_body_reporters,professional,True,2,20,2693.2281000000003,24124.6141323,29767680.592369884
2024,nonharedi_jew,cyber,other_body_reporters,website,True,2,20,2169.7797950000004,24124.6141323,29767680.592369884
2024,nonharedi_jew,cyber,other_body_nonreporters,acquaintance,True,52,326,68000.742221,424022.4383197,562212143.278477
2024,nonharedi_jew,cyber,other_body_nonreporters,bank,True,182,326,237923.9172304,424022.4383197,562212143.278477
2024,nonharedi_jew,cyber,other_body_nonreporters,family,True,104,326,136018.280963,424022.4383197,562212143.278477
2024,nonharedi_jew,cyber,other_body_nonreporters,government,True,4,326,4047.7103055999996,424022.4383197,562212143.278477
2024,nonharedi_jew,cyber,other_body_nonreporters,isp,True,13,326,16688.610818,424022.4383197,562212143.278477
2024,nonharedi_jew,cyber,other_body_nonreporters,legal,True,3,326,4295.196744,424022.4383197,562212143.278477
2024,nonharedi_jew,cyber,other_body_nonreporters,none,True,58,326,76058.3936672,424022.4383197,562212143.278477
2024,nonharedi_jew,cyber,other_body_nonreporters,other,True,4,326,5170.447057,424022.4383197,562212143.278477
2024,nonharedi_jew,cyber,other_body_nonreporters,professional,True,17,326,21458.084771,424022.4383197,562212143.278477
2024,nonharedi_jew,cyber,other_body_nonreporters,website,True,27,326,34197.873101499994,424022.4383197,562212143.278477
2024,nonharedi_jew,sexual_harassment,reported,yes,True,4,96,5233.460497,131004.0516213,183665166.29164326
2024,nonharedi_jew,sexual_harassment,reason_not_reported,ashamed,True,7,92,9235.685483000001,125770.5911243,176746135.58587894
2024,nonharedi_jew,sexual_harassment,reason_not_reported,fear_revenge,True,2,92,2579.091414,125770.5911243,176746135.58587894
2024,nonharedi_jew,sexual_harassment,reason_not_reported,handled_self,True,16,92,21918.964328000002,125770.5911243,176746135.58587894
2024,nonharedi_jew,sexual_harassment,reason_not_reported,not_worth_bothering,True,13,92,17620.2299634,125770.5911243,176746135.58587894
2024,nonharedi_jew,sexual_harassment,reason_not_reported,other,True,1,92,1799.038581,125770.5911243,176746135.58587894
2024,nonharedi_jew,sexual_harassment,reason_not_reported,personal_time,True,14,92,18548.615675999998,125770.5911243,176746135.58587894
2024,nonharedi_jew,sexual_harassment,reason_not_reported,police_ineffective_past,True,12,92,17091.6795395,125770.5911243,176746135.58587894
2024,nonharedi_jew,sexual_harassment,reason_not_reported,police_unable,True,8,92,10631.2136845,125770.5911243,176746135.58587894
2024,nonharedi_jew,sexual_harassment,reason_not_reported,police_unwilling,True,11,92,15592.7264619,125770.5911243,176746135.58587894
2024,nonharedi_jew,sexual_harassment,reason_not_reported,turned_elsewhere,True,8,92,10753.345993,125770.5911243,176746135.58587894
2024,nonharedi_jew,sexual_harassment,other_body,acquaintance,True,28,96,37691.2950855,131004.0516213,183665166.29164326
2024,nonharedi_jew,sexual_harassment,other_body,family,True,36,96,48405.1251263,131004.0516213,183665166.29164326
2024,nonharedi_jew,sexual_harassment,other_body,legal,True,2,96,2702.476773,131004.0516213,183665166.29164326
2024,nonharedi_jew,sexual_harassment,other_body,medical,True,1,96,1578.411789,131004.0516213,183665166.29164326
2024,nonharedi_jew,sexual_harassment,other_body,mental_health,True,9,96,12977.089553,131004.0516213,183665166.29164326
2024,nonharedi_jew,sexual_harassment,other_body,ngo,True,2,96,2750.799761,131004.0516213,183665166.29164326
2024,nonharedi_jew,sexual_harassment,other_body,none,True,35,96,47668.9045975,131004.0516213,183665166.29164326
2024,nonharedi_jew,sexual_harassment,other_body,other,True,2,96,3778.289155,131004.0516213,183665166.29164326
2024,nonharedi_jew,sexual_harassment,other_body,welfare,True,1,96,1578.411789,131004.0516213,183665166.29164326
2024,nonharedi_jew,sexual_harassment,other_body,workplace,True,13,96,17063.7386989,131004.0516213,183665166.29164326
2024,nonharedi_jew,sexual_harassment,other_body_reporters,acquaintance,True,3,4,3915.6322849999997,5233.460497,6919030.705764358
2024,nonharedi_jew,sexual_harassment,other_body_reporters,family,True,3,4,3915.6322849999997,5233.460497,6919030.705764358
2024,nonharedi_jew,sexual_harassment,other_body_reporters,legal,True,1,4,1381.676448,5233.460497,6919030.705764358
2024,nonharedi_jew,sexual_harassment,other_body_reporters,medical,True,0,4,0.0,5233.460497,6919030.705764358
2024,nonharedi_jew,sexual_harassment,other_body_reporters,mental_health,True,1,4,1381.676448,5233.460497,6919030.705764358
2024,nonharedi_jew,sexual_harassment,other_body_reporters,ngo,True,0,4,0.0,5233.460497,6919030.705764358
2024,nonharedi_jew,sexual_harassment,other_body_reporters,none,True,1,4,1317.828212,5233.460497,6919030.705764358
2024,nonharedi_jew,sexual_harassment,other_body_reporters,other,True,0,4,0.0,5233.460497,6919030.705764358
2024,nonharedi_jew,sexual_harassment,other_body_reporters,welfare,True,0,4,0.0,5233.460497,6919030.705764358
2024,nonharedi_jew,sexual_harassment,other_body_reporters,workplace,True,0,4,0.0,5233.460497,6919030.705764358
2024,nonharedi_jew,sexual_harassment,other_body_nonreporters,acquaintance,True,25,92,33775.6628005,125770.5911243,176746135.58587894
2024,nonharedi_jew,sexual_harassment,other_body_nonreporters,family,True,33,92,44489.4928413,125770.5911243,176746135.58587894
2024,nonharedi_jew,sexual_harassment,other_body_nonreporters,legal,True,1,92,1320.800325,125770.5911243,176746135.58587894
2024,nonharedi_jew,sexual_harassment,other_body_nonreporters,medical,True,1,92,1578.411789,125770.5911243,176746135.58587894
2024,nonharedi_jew,sexual_harassment,other_body_nonreporters,mental_health,True,8,92,11595.413105,125770.5911243,176746135.58587894
2024,nonharedi_jew,sexual_harassment,other_body_nonreporters,ngo,True,2,92,2750.799761,125770.5911243,176746135.58587894
2024,nonharedi_jew,sexual_harassment,other_body_nonreporters,none,True,34,92,46351.0763855,125770.5911243,176746135.58587894
2024,nonharedi_jew,sexual_harassment,other_body_nonreporters,other,True,2,92,3778.289155,125770.5911243,176746135.58587894
2024,nonharedi_jew,sexual_harassment,other_body_nonreporters,welfare,True,1,92,1578.411789,125770.5911243,176746135.58587894
2024,nonharedi_jew,sexual_harassment,other_body_nonreporters,workplace,True,13,92,17063.7386989,125770.5911243,176746135.58587894
2024,nonharedi_jew,theft,reported,yes,True,36,77,46467.003659999995,100353.4321436,134855844.1573206
2024,nonharedi_jew,theft,reason_not_reported,handled_self,True,1,41,1347.195585,53886.42848360001,72504928.72047837
2024,nonharedi_jew,theft,reason_not_reported,not_worth_bothering,True,3,41,4332.652833,53886.42848360001,72504928.72047837
2024,nonharedi_jew,theft,reason_not_reported,other,True,0,41,0.0,53886.42848360001,72504928.72047837
2024,nonharedi_jew,theft,reason_not_reported,personal_time,True,6,41,7079.0508338,53886.42848360001,72504928.72047837
2024,nonharedi_jew,theft,reason_not_reported,police_ineffective_past,True,8,41,10468.3709473,53886.42848360001,72504928.72047837
2024,nonharedi_jew,theft,reason_not_reported,police_unable,True,7,41,9444.927091000001,53886.42848360001,72504928.72047837
2024,nonharedi_jew,theft,reason_not_reported,police_unwilling,True,9,41,12171.2633115,53886.42848360001,72504928.72047837
2024,nonharedi_jew,theft,reason_not_reported,turned_elsewhere,True,7,41,9042.967882,53886.42848360001,72504928.72047837
2024,nonharedi_jew,violence_threat,reported,yes,True,45,136,58189.16375420001,181675.8473201,248104176.45016748
2024,nonharedi_jew,violence_threat,reason_not_reported,ashamed,True,1,91,917.5911685,123486.6835659,171488843.71940517
2024,nonharedi_jew,violence_threat,reason_not_reported,fear_revenge,True,7,91,9336.362314,123486.6835659,171488843.71940517
2024,nonharedi_jew,violence_threat,reason_not_reported,handled_self,True,7,91,9510.17094,123486.6835659,171488843.71940517
2024,nonharedi_jew,violence_threat,reason_not_reported,not_worth_bothering,True,9,91,12775.330467,123486.6835659,171488843.71940517
2024,nonharedi_jew,violence_threat,reason_not_reported,other,True,3,91,3800.9383054,123486.6835659,171488843.71940517
2024,nonharedi_jew,violence_threat,reason_not_reported,personal_time,True,14,91,19809.864168,123486.6835659,171488843.71940517
2024,nonharedi_jew,violence_threat,reason_not_reported,police_ineffective_past,True,16,91,21039.026916000003,123486.6835659,171488843.71940517
2024,nonharedi_jew,violence_threat,reason_not_reported,police_unable,True,11,91,15270.739403999998,123486.6835659,171488843.71940517
2024,nonharedi_jew,violence_threat,reason_not_reported,police_unwilling,True,17,91,22775.488069,123486.6835659,171488843.71940517
2024,nonharedi_jew,violence_threat,reason_not_reported,turned_elsewhere,True,6,91,8251.171814,123486.6835659,171488843.71940517
2024,nonharedi_jew,violence_threat,other_body,acquaintance,True,31,117,39490.5817224,157293.74986890002,216143215.55133685
2024,nonharedi_jew,violence_threat,other_body,family,True,45,117,59787.304034400004,157293.74986890002,216143215.55133685
2024,nonharedi_jew,violence_threat,other_body,legal,True,5,117,6897.569326999999,157293.74986890002,216143215.55133685
2024,nonharedi_jew,violence_threat,other_body,medical,True,8,117,11065.854369,157293.74986890002,216143215.55133685
2024,nonharedi_jew,violence_threat,other_body,mental_health,True,16,117,21948.617836999998,157293.74986890002,216143215.55133685
2024,nonharedi_jew,violence_threat,other_body,ngo,True,2,117,2755.8893399999997,157293.74986890002,216143215.55133685
2024,nonharedi_jew,violence_threat,other_body,none,True,41,117,57008.60524,157293.74986890002,216143215.55133685
2024,nonharedi_jew,violence_threat,other_body,other,True,4,117,4944.1381155,157293.74986890002,216143215.55133685
2024,nonharedi_jew,violence_threat,other_body,welfare,True,4,117,4826.351823999999,157293.74986890002,216143215.55133685
2024,nonharedi_jew,violence_threat,other_body,workplace,True,28,117,36479.787141,157293.74986890002,216143215.55133685
2024,nonharedi_jew,violence_threat,other_body_reporters,acquaintance,True,12,27,15643.794565,35246.548186,46726479.923416905
2024,nonharedi_jew,violence_threat,other_body_reporters,family,True,16,27,20593.34934,35246.548186,46726479.923416905
2024,nonharedi_jew,violence_threat,other_body_reporters,legal,True,3,27,4029.9286,35246.548186,46726479.923416905
2024,nonharedi_jew,violence_threat,other_body_reporters,medical,True,7,27,9487.44258,35246.548186,46726479.923416905
2024,nonharedi_jew,violence_threat,other_body_reporters,mental_health,True,9,27,11581.428064,35246.548186,46726479.923416905
2024,nonharedi_jew,violence_threat,other_body_reporters,ngo,True,0,27,0.0,35246.548186,46726479.923416905
2024,nonharedi_jew,violence_threat,other_body_reporters,none,True,4,27,5443.919207,35246.548186,46726479.923416905
2024,nonharedi_jew,violence_threat,other_body_reporters,other,True,0,27,0.0,35246.548186,46726479.923416905
2024,nonharedi_jew,violence_threat,other_body_reporters,welfare,True,2,27,2161.449092,35246.548186,46726479.923416905
2024,nonharedi_jew,violence_threat,other_body_reporters,workplace,True,7,27,8529.499182,35246.548186,46726479.923416905
2024,nonharedi_jew,violence_threat,other_body_nonreporters,acquaintance,True,19,90,23846.7871574,122047.2016829,169416735.62791994
2024,nonharedi_jew,violence_threat,other_body_nonreporters,family,True,29,90,39193.9546944,122047.2016829,169416735.62791994
2024,nonharedi_jew,violence_threat,other_body_nonreporters,legal,True,2,90,2867.640727,122047.2016829,169416735.62791994
2024,nonharedi_jew,violence_threat,other_body_nonreporters,medical,True,1,90,1578.411789,122047.2016829,169416735.62791994
2024,nonharedi_jew,violence_threat,other_body_nonreporters,mental_health,True,7,90,10367.189773,122047.2016829,169416735.62791994
2024,nonharedi_jew,violence_threat,other_body_nonreporters,ngo,True,2,90,2755.8893399999997,122047.2016829,169416735.62791994
2024,nonharedi_jew,violence_threat,other_body_nonreporters,none,True,37,90,51564.686033000005,122047.2016829,169416735.62791994
2024,nonharedi_jew,violence_threat,other_body_nonreporters,other,True,4,90,4944.1381155,122047.2016829,169416735.62791994
2024,nonharedi_jew,violence_threat,other_body_nonreporters,welfare,True,2,90,2664.902732,122047.2016829,169416735.62791994
2024,nonharedi_jew,violence_threat,other_body_nonreporters,workplace,True,21,90,27950.287959,122047.2016829,169416735.62791994
2024,all_20plus,cyber,reported,yes,True,30,418,35882.98513280001,537622.3013386,708942747.8472252
2024,all_20plus,cyber,reason_not_reported,ashamed,True,46,388,58886.80499139999,501739.3162058,664736379.7163253
2024,all_20plus,cyber,reason_not_reported,didnt_know_police_handles,True,24,388,30283.3714283,501739.3162058,664736379.7163253
2024,all_20plus,cyber,reason_not_reported,fear_revenge,True,0,388,0.0,501739.3162058,664736379.7163253
2024,all_20plus,cyber,reason_not_reported,handled_self,True,36,388,45294.544620399996,501739.3162058,664736379.7163253
2024,all_20plus,cyber,reason_not_reported,not_worth_bothering,True,31,388,40635.39189400001,501739.3162058,664736379.7163253
2024,all_20plus,cyber,reason_not_reported,other,True,8,388,9971.250807,501739.3162058,664736379.7163253
2024,all_20plus,cyber,reason_not_reported,personal_time,True,12,388,14017.690209800001,501739.3162058,664736379.7163253
2024,all_20plus,cyber,reason_not_reported,police_ineffective_past,True,17,388,23730.144524000003,501739.3162058,664736379.7163253
2024,all_20plus,cyber,reason_not_reported,police_unable,True,32,388,41864.9170836,501739.3162058,664736379.7163253
2024,all_20plus,cyber,reason_not_reported,police_unwilling,True,30,388,39122.1707514,501739.3162058,664736379.7163253
2024,all_20plus,cyber,reason_not_reported,turned_elsewhere,True,152,388,197933.0298959,501739.3162058,664736379.7163253
2024,all_20plus,cyber,other_body,acquaintance,True,63,415,81212.87704069998,533256.0518936,702563281.4094756
2024,all_20plus,cyber,other_body,bank,True,220,415,285416.1056732,533256.0518936,702563281.4094756
2024,all_20plus,cyber,other_body,family,True,124,415,161172.47883870002,533256.0518936,702563281.4094756
2024,all_20plus,cyber,other_body,government,True,7,415,8283.3639646,533256.0518936,702563281.4094756
2024,all_20plus,cyber,other_body,isp,True,14,415,17771.177794,533256.0518936,702563281.4094756
2024,all_20plus,cyber,other_body,legal,True,4,415,5750.926678,533256.0518936,702563281.4094756
2024,all_20plus,cyber,other_body,none,True,83,415,104954.0818658,533256.0518936,702563281.4094756
2024,all_20plus,cyber,other_body,other,True,7,415,8527.675495000001,533256.0518936,702563281.4094756
2024,all_20plus,cyber,other_body,professional,True,21,415,26141.686169099998,533256.0518936,702563281.4094756
2024,all_20plus,cyber,other_body,website,True,34,415,42747.430297499996,533256.0518936,702563281.4094756
2024,all_20plus,cyber,other_body_reporters,acquaintance,True,3,30,3433.9762352999996,35882.98513280001,44206368.13089991
2024,all_20plus,cyber,other_body_reporters,bank,True,10,30,12067.4396113,35882.98513280001,44206368.13089991
2024,all_20plus,cyber,other_body_reporters,family,True,6,30,7141.054659299999,35882.98513280001,44206368.13089991
2024,all_20plus,cyber,other_body_reporters,government,True,3,30,4235.653659,35882.98513280001,44206368.13089991
2024,all_20plus,cyber,other_body_reporters,isp,True,1,30,1082.566976,35882.98513280001,44206368.13089991
2024,all_20plus,cyber,other_body_reporters,legal,True,1,30,1455.729934,35882.98513280001,44206368.13089991
2024,all_20plus,cyber,other_body_reporters,none,True,9,30,9877.2509985,35882.98513280001,44206368.13089991
2024,all_20plus,cyber,other_body_reporters,other,True,1,30,1256.62101,35882.98513280001,44206368.13089991
2024,all_20plus,cyber,other_body_reporters,professional,True,2,30,2693.2281000000003,35882.98513280001,44206368.13089991
2024,all_20plus,cyber,other_body_reporters,website,True,3,30,3170.4819530000004,35882.98513280001,44206368.13089991
2024,all_20plus,cyber,other_body_nonreporters,acquaintance,True,60,385,77778.90080539999,497373.06676079996,658356913.2785755
2024,all_20plus,cyber,other_body_nonreporters,bank,True,210,385,273348.6660619,497373.06676079996,658356913.2785755
2024,all_20plus,cyber,other_body_nonreporters,family,True,118,385,154031.4241794,497373.06676079996,658356913.2785755
2024,all_20plus,cyber,other_body_nonreporters,government,True,4,385,4047.7103055999996,497373.06676079996,658356913.2785755
2024,all_20plus,cyber,other_body_nonreporters,isp,True,13,385,16688.610818,497373.06676079996,658356913.2785755
2024,all_20plus,cyber,other_body_nonreporters,legal,True,3,385,4295.196744,497373.06676079996,658356913.2785755
2024,all_20plus,cyber,other_body_nonreporters,none,True,74,385,95076.83086730001,497373.06676079996,658356913.2785755
2024,all_20plus,cyber,other_body_nonreporters,other,True,6,385,7271.054485000001,497373.06676079996,658356913.2785755
2024,all_20plus,cyber,other_body_nonreporters,professional,True,19,385,23448.458069099997,497373.06676079996,658356913.2785755
2024,all_20plus,cyber,other_body_nonreporters,website,True,31,385,39576.9483445,497373.06676079996,658356913.2785755
2024,all_20plus,sexual_harassment,reported,yes,True,4,112,5233.460497,149117.633456,205167400.28373963
2024,all_20plus,sexual_harassment,reason_not_reported,ashamed,True,8,108,10152.718816699999,143884.17295900002,198248369.57797527
2024,all_20plus,sexual_harassment,reason_not_reported,fear_revenge,True,2,108,2579.091414,143884.17295900002,198248369.57797527
2024,all_20plus,sexual_harassment,reason_not_reported,handled_self,True,20,108,25707.4740498,143884.17295900002,198248369.57797527
2024,all_20plus,sexual_harassment,reason_not_reported,not_worth_bothering,True,13,108,17620.2299634,143884.17295900002,198248369.57797527
2024,all_20plus,sexual_harassment,reason_not_reported,other,True,2,108,2756.461663,143884.17295900002,198248369.57797527
2024,all_20plus,sexual_harassment,reason_not_reported,personal_time,True,15,108,19839.145709,143884.17295900002,198248369.57797527
2024,all_20plus,sexual_harassment,reason_not_reported,police_ineffective_past,True,14,108,19512.1705575,143884.17295900002,198248369.57797527
2024,all_20plus,sexual_harassment,reason_not_reported,police_unable,True,11,108,14289.3876947,143884.17295900002,198248369.57797527
2024,all_20plus,sexual_harassment,reason_not_reported,police_unwilling,True,14,108,19166.6670699,143884.17295900002,198248369.57797527
2024,all_20plus,sexual_harassment,reason_not_reported,turned_elsewhere,True,9,108,12260.826020999999,143884.17295900002,198248369.57797527
2024,all_20plus,sexual_harassment,other_body,acquaintance,True,33,112,44287.4932445,149117.633456,205167400.28373963
2024,all_20plus,sexual_harassment,other_body,family,True,39,112,52184.657566300004,149117.633456,205167400.28373963
2024,all_20plus,sexual_harassment,other_body,legal,True,3,112,4028.714142,149117.633456,205167400.28373963
2024,all_20plus,sexual_harassment,other_body,medical,True,2,112,2535.834871,149117.633456,205167400.28373963
2024,all_20plus,sexual_harassment,other_body,mental_health,True,13,112,17394.0491562,149117.633456,205167400.28373963
2024,all_20plus,sexual_harassment,other_body,ngo,True,2,112,2750.799761,149117.633456,205167400.28373963
2024,all_20plus,sexual_harassment,other_body,none,True,41,112,53478.79863700001,149117.633456,205167400.28373963
2024,all_20plus,sexual_harassment,other_body,other,True,2,112,3778.289155,149117.633456,205167400.28373963
2024,all_20plus,sexual_harassment,other_body,welfare,True,2,112,2535.834871,149117.633456,205167400.28373963
2024,all_20plus,sexual_harassment,other_body,workplace,True,15,112,19897.456095900005,149117.633456,205167400.28373963
2024,all_20plus,sexual_harassment,other_body_reporters,acquaintance,True,3,4,3915.6322849999997,5233.460497,6919030.705764358
2024,all_20plus,sexual_harassment,other_body_reporters,family,True,3,4,3915.6322849999997,5233.460497,6919030.705764358
2024,all_20plus,sexual_harassment,other_body_reporters,legal,True,1,4,1381.676448,5233.460497,6919030.705764358
2024,all_20plus,sexual_harassment,other_body_reporters,medical,True,0,4,0.0,5233.460497,6919030.705764358
2024,all_20plus,sexual_harassment,other_body_reporters,mental_health,True,1,4,1381.676448,5233.460497,6919030.705764358
2024,all_20plus,sexual_harassment,other_body_reporters,ngo,True,0,4,0.0,5233.460497,6919030.705764358
2024,all_20plus,sexual_harassment,other_body_reporters,none,True,1,4,1317.828212,5233.460497,6919030.705764358
2024,all_20plus,sexual_harassment,other_body_reporters,other,True,0,4,0.0,5233.460497,6919030.705764358
2024,all_20plus,sexual_harassment,other_body_reporters,welfare,True,0,4,0.0,5233.460497,6919030.705764358
2024,all_20plus,sexual_harassment,other_body_reporters,workplace,True,0,4,0.0,5233.460497,6919030.705764358
2024,all_20plus,sexual_harassment,other_body_nonreporters,acquaintance,True,30,108,40371.8609595,143884.17295900002,198248369.57797527
2024,all_20plus,sexual_harassment,other_body_nonreporters,family,True,36,108,48269.025281300004,143884.17295900002,198248369.57797527
2024,all_20plus,sexual_harassment,other_body_nonreporters,legal,True,2,108,2647.0376939999996,143884.17295900002,198248369.57797527
2024,all_20plus,sexual_harassment,other_body_nonreporters,medical,True,2,108,2535.834871,143884.17295900002,198248369.57797527
2024,all_20plus,sexual_harassment,other_body_nonreporters,mental_health,True,12,108,16012.372708199999,143884.17295900002,198248369.57797527
2024,all_20plus,sexual_harassment,other_body_nonreporters,ngo,True,2,108,2750.799761,143884.17295900002,198248369.57797527
2024,all_20plus,sexual_harassment,other_body_nonreporters,none,True,40,108,52160.97042500001,143884.17295900002,198248369.57797527
2024,all_20plus,sexual_harassment,other_body_nonreporters,other,True,2,108,3778.289155,143884.17295900002,198248369.57797527
2024,all_20plus,sexual_harassment,other_body_nonreporters,welfare,True,2,108,2535.834871,143884.17295900002,198248369.57797527
2024,all_20plus,sexual_harassment,other_body_nonreporters,workplace,True,15,108,19897.456095900005,143884.17295900002,198248369.57797527
2024,all_20plus,theft,reported,yes,True,44,109,55864.59433569999,142713.14131479998,193643460.04109415
2024,all_20plus,theft,reason_not_reported,handled_self,True,8,65,11701.9488944,86848.54697909999,119997732.94641207
2024,all_20plus,theft,reason_not_reported,not_worth_bothering,True,5,65,6867.861548,86848.54697909999,119997732.94641207
2024,all_20plus,theft,reason_not_reported,other,True,1,65,1566.714686,86848.54697909999,119997732.94641207
2024,all_20plus,theft,reason_not_reported,personal_time,True,10,65,11789.1015609,86848.54697909999,119997732.94641207
2024,all_20plus,theft,reason_not_reported,police_ineffective_past,True,12,65,15948.958520299999,86848.54697909999,119997732.94641207
2024,all_20plus,theft,reason_not_reported,police_unable,True,11,65,14953.186699,86848.54697909999,119997732.94641207
2024,all_20plus,theft,reason_not_reported,police_unwilling,True,10,65,13432.6088145,86848.54697909999,119997732.94641207
2024,all_20plus,theft,reason_not_reported,turned_elsewhere,True,8,65,10588.166256,86848.54697909999,119997732.94641207
2024,all_20plus,violence_threat,reported,yes,True,62,190,80498.38585030001,250826.71129140002,341654212.49776506
2024,all_20plus,violence_threat,reason_not_reported,ashamed,True,3,128,3863.5269345,170328.3254411,233815920.2534415
2024,all_20plus,violence_threat,reason_not_reported,fear_revenge,True,9,128,11610.925889999999,170328.3254411,233815920.2534415
2024,all_20plus,violence_threat,reason_not_reported,handled_self,True,14,128,18267.3129809,170328.3254411,233815920.2534415
2024,all_20plus,violence_threat,reason_not_reported,not_worth_bothering,True,13,128,16948.0870797,170328.3254411,233815920.2534415
2024,all_20plus,violence_threat,reason_not_reported,other,True,5,128,6520.448355399999,170328.3254411,233815920.2534415
2024,all_20plus,violence_threat,reason_not_reported,personal_time,True,22,128,29766.665386599998,170328.3254411,233815920.2534415
2024,all_20plus,violence_threat,reason_not_reported,police_ineffective_past,True,20,128,26335.256909,170328.3254411,233815920.2534415
2024,all_20plus,violence_threat,reason_not_reported,police_unable,True,13,128,18077.322524000003,170328.3254411,233815920.2534415
2024,all_20plus,violence_threat,reason_not_reported,police_unwilling,True,22,128,29120.892881,170328.3254411,233815920.2534415
2024,all_20plus,violence_threat,reason_not_reported,turned_elsewhere,True,7,128,9817.8865,170328.3254411,233815920.2534415
2024,all_20plus,violence_threat,other_body,acquaintance,True,42,164,54279.963074399995,216875.43322220002,295625752.5361581
2024,all_20plus,violence_threat,other_body,family,True,64,164,85423.2246567,216875.43322220002,295625752.5361581
2024,all_20plus,violence_threat,other_body,legal,True,7,164,9733.294389,216875.43322220002,295625752.5361581
2024,all_20plus,violence_threat,other_body,medical,True,11,164,15199.195797999997,216875.43322220002,295625752.5361581
2024,all_20plus,violence_threat,other_body,mental_health,True,22,164,29968.485697,216875.43322220002,295625752.5361581
2024,all_20plus,violence_threat,other_body,ngo,True,4,164,4761.446633,216875.43322220002,295625752.5361581
2024,all_20plus,violence_threat,other_body,none,True,58,164,76126.342824,216875.43322220002,295625752.5361581
2024,all_20plus,violence_threat,other_body,other,True,7,164,8792.0856845,216875.43322220002,295625752.5361581
2024,all_20plus,violence_threat,other_body,welfare,True,7,164,8526.551774,216875.43322220002,295625752.5361581
2024,all_20plus,violence_threat,other_body,workplace,True,36,164,46846.447526,216875.43322220002,295625752.5361581
2024,all_20plus,violence_threat,other_body_reporters,acquaintance,True,15,37,19343.994515,47986.5896641,63881940.37420179
2024,all_20plus,violence_threat,other_body_reporters,family,True,19,37,24240.6147823,47986.5896641,63881940.37420179
2024,all_20plus,violence_threat,other_body_reporters,legal,True,4,37,5110.569023,47986.5896641,63881940.37420179
2024,all_20plus,violence_threat,other_body_reporters,medical,True,10,37,13620.784008999997,47986.5896641,63881940.37420179
2024,all_20plus,violence_threat,other_body_reporters,mental_health,True,12,37,15133.273470999999,47986.5896641,63881940.37420179
2024,all_20plus,violence_threat,other_body_reporters,ngo,True,1,37,957.423082,47986.5896641,63881940.37420179
2024,all_20plus,violence_threat,other_body_reporters,none,True,9,37,12065.4902588,47986.5896641,63881940.37420179
2024,all_20plus,violence_threat,other_body_reporters,other,True,1,37,957.423082,47986.5896641,63881940.37420179
2024,all_20plus,violence_threat,other_body_reporters,welfare,True,5,37,5861.649042,47986.5896641,63881940.37420179
2024,all_20plus,violence_threat,other_body_reporters,workplace,True,10,37,12229.699132,47986.5896641,63881940.37420179
2024,all_20plus,violence_threat,other_body_nonreporters,acquaintance,True,27,127,34935.9685594,168888.84355810002,231743812.16195625
2024,all_20plus,violence_threat,other_body_nonreporters,family,True,45,127,61182.6098744,168888.84355810002,231743812.16195625
2024,all_20plus,violence_threat,other_body_nonreporters,legal,True,3,127,4622.725366,168888.84355810002,231743812.16195625
2024,all_20plus,violence_threat,other_body_nonreporters,medical,True,1,127,1578.411789,168888.84355810002,231743812.16195625
2024,all_20plus,violence_threat,other_body_nonreporters,mental_health,True,10,127,14835.212226000001,168888.84355810002,231743812.16195625
2024,all_20plus,violence_threat,other_body_nonreporters,ngo,True,3,127,3804.0235509999998,168888.84355810002,231743812.16195625
2024,all_20plus,violence_threat,other_body_nonreporters,none,True,49,127,64060.852565199995,168888.84355810002,231743812.16195625
2024,all_20plus,violence_threat,other_body_nonreporters,other,True,6,127,7834.6626025,168888.84355810002,231743812.16195625
2024,all_20plus,violence_threat,other_body_nonreporters,welfare,True,2,127,2664.902732,168888.84355810002,231743812.16195625
2024,all_20plus,violence_threat,other_body_nonreporters,workplace,True,26,127,34616.748394,168888.84355810002,231743812.16195625
2025,haredi,cyber,reported,yes,True,0,26,0.0,34553.726803800004,46791733.22367073
2025,haredi,cyber,reason_not_reported,ashamed,True,3,26,3719.4070202000003,34553.726803800004,46791733.22367073
2025,haredi,cyber,reason_not_reported,didnt_know_police_handles,True,2,26,2513.3526475,34553.726803800004,46791733.22367073
2025,haredi,cyber,reason_not_reported,fear_revenge,True,0,26,0.0,34553.726803800004,46791733.22367073
2025,haredi,cyber,reason_not_reported,handled_self,True,5,26,6724.458649999999,34553.726803800004,46791733.22367073
2025,haredi,cyber,reason_not_reported,not_worth_bothering,True,2,26,2741.1922094,34553.726803800004,46791733.22367073
2025,haredi,cyber,reason_not_reported,other,True,4,26,5349.254735799999,34553.726803800004,46791733.22367073
2025,haredi,cyber,reason_not_reported,personal_time,True,1,26,1424.5717618,34553.726803800004,46791733.22367073
2025,haredi,cyber,reason_not_reported,police_ineffective_past,True,0,26,0.0,34553.726803800004,46791733.22367073
2025,haredi,cyber,reason_not_reported,police_unable,True,1,26,1318.770133,34553.726803800004,46791733.22367073
2025,haredi,cyber,reason_not_reported,police_unwilling,True,0,26,0.0,34553.726803800004,46791733.22367073
2025,haredi,cyber,reason_not_reported,turned_elsewhere,True,8,26,10762.719646099998,34553.726803800004,46791733.22367073
2025,haredi,cyber,other_body,acquaintance,True,4,26,4648.904732199999,34553.726803800004,46791733.22367073
2025,haredi,cyber,other_body,bank,True,13,26,17452.604865200003,34553.726803800004,46791733.22367073
2025,haredi,cyber,other_body,family,True,7,26,8501.2534686,34553.726803800004,46791733.22367073
2025,haredi,cyber,other_body,government,True,0,26,0.0,34553.726803800004,46791733.22367073
2025,haredi,cyber,other_body,isp,True,0,26,0.0,34553.726803800004,46791733.22367073
2025,haredi,cyber,other_body,legal,True,0,26,0.0,34553.726803800004,46791733.22367073
2025,haredi,cyber,other_body,none,True,6,26,8193.2962889,34553.726803800004,46791733.22367073
2025,haredi,cyber,other_body,other,True,4,26,5264.7305957,34553.726803800004,46791733.22367073
2025,haredi,cyber,other_body,professional,True,1,26,1215.034481,34553.726803800004,46791733.22367073
2025,haredi,cyber,other_body,website,True,2,26,2766.274598,34553.726803800004,46791733.22367073
2025,haredi,cyber,other_body_reporters,acquaintance,True,0,0,0.0,0.0,0.0
2025,haredi,cyber,other_body_reporters,bank,True,0,0,0.0,0.0,0.0
2025,haredi,cyber,other_body_reporters,family,True,0,0,0.0,0.0,0.0
2025,haredi,cyber,other_body_reporters,government,True,0,0,0.0,0.0,0.0
2025,haredi,cyber,other_body_reporters,isp,True,0,0,0.0,0.0,0.0
2025,haredi,cyber,other_body_reporters,legal,True,0,0,0.0,0.0,0.0
2025,haredi,cyber,other_body_reporters,none,True,0,0,0.0,0.0,0.0
2025,haredi,cyber,other_body_reporters,other,True,0,0,0.0,0.0,0.0
2025,haredi,cyber,other_body_reporters,professional,True,0,0,0.0,0.0,0.0
2025,haredi,cyber,other_body_reporters,website,True,0,0,0.0,0.0,0.0
2025,haredi,cyber,other_body_nonreporters,acquaintance,True,4,26,4648.904732199999,34553.726803800004,46791733.22367073
2025,haredi,cyber,other_body_nonreporters,bank,True,13,26,17452.604865200003,34553.726803800004,46791733.22367073
2025,haredi,cyber,other_body_nonreporters,family,True,7,26,8501.2534686,34553.726803800004,46791733.22367073
2025,haredi,cyber,other_body_nonreporters,government,True,0,26,0.0,34553.726803800004,46791733.22367073
2025,haredi,cyber,other_body_nonreporters,isp,True,0,26,0.0,34553.726803800004,46791733.22367073
2025,haredi,cyber,other_body_nonreporters,legal,True,0,26,0.0,34553.726803800004,46791733.22367073
2025,haredi,cyber,other_body_nonreporters,none,True,6,26,8193.2962889,34553.726803800004,46791733.22367073
2025,haredi,cyber,other_body_nonreporters,other,True,4,26,5264.7305957,34553.726803800004,46791733.22367073
2025,haredi,cyber,other_body_nonreporters,professional,True,1,26,1215.034481,34553.726803800004,46791733.22367073
2025,haredi,cyber,other_body_nonreporters,website,True,2,26,2766.274598,34553.726803800004,46791733.22367073
2025,haredi,sexual_harassment,reported,yes,True,1,5,1286.8648297,6158.461978,7650940.792922335
2025,haredi,sexual_harassment,reason_not_reported,ashamed,True,0,4,0.0,4871.5971483,5994919.703003524
2025,haredi,sexual_harassment,reason_not_reported,fear_revenge,True,0,4,0.0,4871.5971483,5994919.703003524
2025,haredi,sexual_harassment,reason_not_reported,handled_self,True,0,4,0.0,4871.5971483,5994919.703003524
2025,haredi,sexual_harassment,reason_not_reported,not_worth_bothering,True,0,4,0.0,4871.5971483,5994919.703003524
2025,haredi,sexual_harassment,reason_not_reported,other,True,0,4,0.0,4871.5971483,5994919.703003524
2025,haredi,sexual_harassment,reason_not_reported,personal_time,True,3,4,3646.3439940999997,4871.5971483,5994919.703003524
2025,haredi,sexual_harassment,reason_not_reported,police_ineffective_past,True,0,4,0.0,4871.5971483,5994919.703003524
2025,haredi,sexual_harassment,reason_not_reported,police_unable,True,1,4,1225.2531542,4871.5971483,5994919.703003524
2025,haredi,sexual_harassment,reason_not_reported,police_unwilling,True,0,4,0.0,4871.5971483,5994919.703003524
2025,haredi,sexual_harassment,reason_not_reported,turned_elsewhere,True,0,4,0.0,4871.5971483,5994919.703003524
2025,haredi,sexual_harassment,other_body,acquaintance,True,1,5,1395.6451795,6158.461978,7650940.792922335
2025,haredi,sexual_harassment,other_body,family,True,3,5,3646.3439940999997,6158.461978,7650940.792922335
2025,haredi,sexual_harassment,other_body,legal,True,0,5,0.0,6158.461978,7650940.792922335
2025,haredi,sexual_harassment,other_body,medical,True,0,5,0.0,6158.461978,7650940.792922335
2025,haredi,sexual_harassment,other_body,mental_health,True,1,5,1395.6451795,6158.461978,7650940.792922335
2025,haredi,sexual_harassment,other_body,ngo,True,0,5,0.0,6158.461978,7650940.792922335
2025,haredi,sexual_harassment,other_body,none,True,2,5,2512.1179838999997,6158.461978,7650940.792922335
2025,haredi,sexual_harassment,other_body,other,True,0,5,0.0,6158.461978,7650940.792922335
2025,haredi,sexual_harassment,other_body,welfare,True,0,5,0.0,6158.461978,7650940.792922335
2025,haredi,sexual_harassment,other_body,workplace,True,1,5,1044.6451105,6158.461978,7650940.792922335
2025,haredi,sexual_harassment,other_body_reporters,acquaintance,True,0,1,0.0,1286.8648297,1656021.08991881
2025,haredi,sexual_harassment,other_body_reporters,family,True,0,1,0.0,1286.8648297,1656021.08991881
2025,haredi,sexual_harassment,other_body_reporters,legal,True,0,1,0.0,1286.8648297,1656021.08991881
2025,haredi,sexual_harassment,other_body_reporters,medical,True,0,1,0.0,1286.8648297,1656021.08991881
2025,haredi,sexual_harassment,other_body_reporters,mental_health,True,0,1,0.0,1286.8648297,1656021.08991881
2025,haredi,sexual_harassment,other_body_reporters,ngo,True,0,1,0.0,1286.8648297,1656021.08991881
2025,haredi,sexual_harassment,other_body_reporters,none,True,1,1,1286.8648297,1286.8648297,1656021.08991881
2025,haredi,sexual_harassment,other_body_reporters,other,True,0,1,0.0,1286.8648297,1656021.08991881
2025,haredi,sexual_harassment,other_body_reporters,welfare,True,0,1,0.0,1286.8648297,1656021.08991881
2025,haredi,sexual_harassment,other_body_reporters,workplace,True,0,1,0.0,1286.8648297,1656021.08991881
2025,haredi,sexual_harassment,other_body_nonreporters,acquaintance,True,1,4,1395.6451795,4871.5971483,5994919.703003524
2025,haredi,sexual_harassment,other_body_nonreporters,family,True,3,4,3646.3439940999997,4871.5971483,5994919.703003524
2025,haredi,sexual_harassment,other_body_nonreporters,legal,True,0,4,0.0,4871.5971483,5994919.703003524
2025,haredi,sexual_harassment,other_body_nonreporters,medical,True,0,4,0.0,4871.5971483,5994919.703003524
2025,haredi,sexual_harassment,other_body_nonreporters,mental_health,True,1,4,1395.6451795,4871.5971483,5994919.703003524
2025,haredi,sexual_harassment,other_body_nonreporters,ngo,True,0,4,0.0,4871.5971483,5994919.703003524
2025,haredi,sexual_harassment,other_body_nonreporters,none,True,1,4,1225.2531542,4871.5971483,5994919.703003524
2025,haredi,sexual_harassment,other_body_nonreporters,other,True,0,4,0.0,4871.5971483,5994919.703003524
2025,haredi,sexual_harassment,other_body_nonreporters,welfare,True,0,4,0.0,4871.5971483,5994919.703003524
2025,haredi,sexual_harassment,other_body_nonreporters,workplace,True,1,4,1044.6451105,4871.5971483,5994919.703003524
2025,haredi,theft,reported,yes,True,3,16,3459.6131112000003,19434.51267931,23846345.009755086
2025,haredi,theft,reason_not_reported,handled_self,True,2,13,2360.7285513,15974.89956811,19833853.868742377
2025,haredi,theft,reason_not_reported,not_worth_bothering,True,0,13,0.0,15974.89956811,19833853.868742377
2025,haredi,theft,reason_not_reported,other,True,0,13,0.0,15974.89956811,19833853.868742377
2025,haredi,theft,reason_not_reported,personal_time,True,3,13,3781.8189340999998,15974.89956811,19833853.868742377
2025,haredi,theft,reason_not_reported,police_ineffective_past,True,1,13,1249.1907402,15974.89956811,19833853.868742377
2025,haredi,theft,reason_not_reported,police_unable,True,3,13,3916.5824165,15974.89956811,19833853.868742377
2025,haredi,theft,reason_not_reported,police_unwilling,True,2,13,2422.00621,15974.89956811,19833853.868742377
2025,haredi,theft,reason_not_reported,turned_elsewhere,True,2,13,2244.57271601,15974.89956811,19833853.868742377
2025,haredi,violence_threat,reported,yes,True,2,13,2527.0553251,15195.775897129999,18459594.97954527
2025,haredi,violence_threat,reason_not_reported,ashamed,True,0,11,0.0,12668.72057203,15264797.740435194
2025,haredi,violence_threat,reason_not_reported,fear_revenge,True,0,11,0.0,12668.72057203,15264797.740435194
2025,haredi,violence_threat,reason_not_reported,handled_self,True,3,11,3386.2344267999997,12668.72057203,15264797.740435194
2025,haredi,violence_threat,reason_not_reported,not_worth_bothering,True,2,11,1902.61166423,12668.72057203,15264797.740435194
2025,haredi,violence_threat,reason_not_reported,other,True,0,11,0.0,12668.72057203,15264797.740435194
2025,haredi,violence_threat,reason_not_reported,personal_time,True,0,11,0.0,12668.72057203,15264797.740435194
2025,haredi,violence_threat,reason_not_reported,police_ineffective_past,True,3,11,3576.9091369000002,12668.72057203,15264797.740435194
2025,haredi,violence_threat,reason_not_reported,police_unable,True,0,11,0.0,12668.72057203,15264797.740435194
2025,haredi,violence_threat,reason_not_reported,police_unwilling,True,3,11,3802.9653441000005,12668.72057203,15264797.740435194
2025,haredi,violence_threat,reason_not_reported,turned_elsewhere,True,0,11,0.0,12668.72057203,15264797.740435194
2025,haredi,violence_threat,other_body,acquaintance,True,1,13,1233.5866284,15195.775897129999,18459594.97954527
2025,haredi,violence_threat,other_body,family,True,3,13,3487.8704742,15195.775897129999,18459594.97954527
2025,haredi,violence_threat,other_body,legal,True,0,13,0.0,15195.775897129999,18459594.97954527
2025,haredi,violence_threat,other_body,medical,True,0,13,0.0,15195.775897129999,18459594.97954527
2025,haredi,violence_threat,other_body,mental_health,True,0,13,0.0,15195.775897129999,18459594.97954527
2025,haredi,violence_threat,other_body,ngo,True,0,13,0.0,15195.775897129999,18459594.97954527
2025,haredi,violence_threat,other_body,none,True,9,13,10414.43672623,15195.775897129999,18459594.97954527
2025,haredi,violence_threat,other_body,other,True,0,13,0.0,15195.775897129999,18459594.97954527
2025,haredi,violence_threat,other_body,welfare,True,0,13,0.0,15195.775897129999,18459594.97954527
2025,haredi,violence_threat,other_body,workplace,True,1,13,1293.4686967,15195.775897129999,18459594.97954527
2025,haredi,violence_threat,other_body_reporters,acquaintance,True,1,2,1233.5866284,2527.0553251,3194797.239110077
2025,haredi,violence_threat,other_body_reporters,family,True,1,2,1233.5866284,2527.0553251,3194797.239110077
2025,haredi,violence_threat,other_body_reporters,legal,True,0,2,0.0,2527.0553251,3194797.239110077
2025,haredi,violence_threat,other_body_reporters,medical,True,0,2,0.0,2527.0553251,3194797.239110077
2025,haredi,violence_threat,other_body_reporters,mental_health,True,0,2,0.0,2527.0553251,3194797.239110077
2025,haredi,violence_threat,other_body_reporters,ngo,True,0,2,0.0,2527.0553251,3194797.239110077
2025,haredi,violence_threat,other_body_reporters,none,True,0,2,0.0,2527.0553251,3194797.239110077
2025,haredi,violence_threat,other_body_reporters,other,True,0,2,0.0,2527.0553251,3194797.239110077
2025,haredi,violence_threat,other_body_reporters,welfare,True,0,2,0.0,2527.0553251,3194797.239110077
2025,haredi,violence_threat,other_body_reporters,workplace,True,1,2,1293.4686967,2527.0553251,3194797.239110077
2025,haredi,violence_threat,other_body_nonreporters,acquaintance,True,0,11,0.0,12668.72057203,15264797.740435194
2025,haredi,violence_threat,other_body_nonreporters,family,True,2,11,2254.2838458,12668.72057203,15264797.740435194
2025,haredi,violence_threat,other_body_nonreporters,legal,True,0,11,0.0,12668.72057203,15264797.740435194
2025,haredi,violence_threat,other_body_nonreporters,medical,True,0,11,0.0,12668.72057203,15264797.740435194
2025,haredi,violence_threat,other_body_nonreporters,mental_health,True,0,11,0.0,12668.72057203,15264797.740435194
2025,haredi,violence_threat,other_body_nonreporters,ngo,True,0,11,0.0,12668.72057203,15264797.740435194
2025,haredi,violence_threat,other_body_nonreporters,none,True,9,11,10414.43672623,12668.72057203,15264797.740435194
2025,haredi,violence_threat,other_body_nonreporters,other,True,0,11,0.0,12668.72057203,15264797.740435194
2025,haredi,violence_threat,other_body_nonreporters,welfare,True,0,11,0.0,12668.72057203,15264797.740435194
2025,haredi,violence_threat,other_body_nonreporters,workplace,True,0,11,0.0,12668.72057203,15264797.740435194
2025,nonharedi_jew,cyber,reported,yes,True,29,328,37631.445213909996,419293.09837431996,553633821.9161757
2025,nonharedi_jew,cyber,reason_not_reported,ashamed,True,30,299,38050.7503258,381661.65316041,503523413.9640472
2025,nonharedi_jew,cyber,reason_not_reported,didnt_know_police_handles,True,17,299,21278.713657300003,381661.65316041,503523413.9640472
2025,nonharedi_jew,cyber,reason_not_reported,fear_revenge,True,1,299,1272.0978756,381661.65316041,503523413.9640472
2025,nonharedi_jew,cyber,reason_not_reported,handled_self,True,45,299,57267.99693063,381661.65316041,503523413.9640472
2025,nonharedi_jew,cyber,reason_not_reported,not_worth_bothering,True,15,299,19399.8775092,381661.65316041,503523413.9640472
2025,nonharedi_jew,cyber,reason_not_reported,other,True,10,299,13425.990400100001,381661.65316041,503523413.9640472
2025,nonharedi_jew,cyber,reason_not_reported,personal_time,True,14,299,17621.0502186,381661.65316041,503523413.9640472
2025,nonharedi_jew,cyber,reason_not_reported,police_ineffective_past,True,20,299,26643.999081620004,381661.65316041,503523413.9640472
2025,nonharedi_jew,cyber,reason_not_reported,police_unable,True,31,299,40288.48143405,381661.65316041,503523413.9640472
2025,nonharedi_jew,cyber,reason_not_reported,police_unwilling,True,21,299,27829.79465646,381661.65316041,503523413.9640472
2025,nonharedi_jew,cyber,reason_not_reported,turned_elsewhere,True,95,299,118582.90107105,381661.65316041,503523413.9640472
2025,nonharedi_jew,cyber,other_body,acquaintance,True,45,328,58906.994007099995,419293.09837431996,553633821.9161757
2025,nonharedi_jew,cyber,other_body,bank,True,135,328,170314.37377229,419293.09837431996,553633821.9161757
2025,nonharedi_jew,cyber,other_body,family,True,97,328,123433.40718602002,419293.09837431996,553633821.9161757
2025,nonharedi_jew,cyber,other_body,government,True,12,328,15619.6578682,419293.09837431996,553633821.9161757
2025,nonharedi_jew,cyber,other_body,isp,True,13,328,16638.8175205,419293.09837431996,553633821.9161757
2025,nonharedi_jew,cyber,other_body,legal,True,2,328,2045.66709511,419293.09837431996,553633821.9161757
2025,nonharedi_jew,cyber,other_body,none,True,94,328,121755.92602919001,419293.09837431996,553633821.9161757
2025,nonharedi_jew,cyber,other_body,other,True,16,328,21031.7602592,419293.09837431996,553633821.9161757
2025,nonharedi_jew,cyber,other_body,professional,True,15,328,19679.0777676,419293.09837431996,553633821.9161757
2025,nonharedi_jew,cyber,other_body,website,True,20,328,26073.524420370002,419293.09837431996,553633821.9161757
2025,nonharedi_jew,cyber,other_body_reporters,acquaintance,True,4,29,5265.2580318,37631.445213909996,50110407.952128515
2025,nonharedi_jew,cyber,other_body_reporters,bank,True,9,29,11031.93375441,37631.445213909996,50110407.952128515
2025,nonharedi_jew,cyber,other_body_reporters,family,True,9,29,11923.1228032,37631.445213909996,50110407.952128515
2025,nonharedi_jew,cyber,other_body_reporters,government,True,6,29,7743.3737448,37631.445213909996,50110407.952128515
2025,nonharedi_jew,cyber,other_body_reporters,isp,True,0,29,0.0,37631.445213909996,50110407.952128515
2025,nonharedi_jew,cyber,other_body_reporters,legal,True,1,29,880.42543181,37631.445213909996,50110407.952128515
2025,nonharedi_jew,cyber,other_body_reporters,none,True,7,29,9301.7636784,37631.445213909996,50110407.952128515
2025,nonharedi_jew,cyber,other_body_reporters,other,True,3,29,3796.1663594,37631.445213909996,50110407.952128515
2025,nonharedi_jew,cyber,other_body_reporters,professional,True,1,29,1226.5052841,37631.445213909996,50110407.952128515
2025,nonharedi_jew,cyber,other_body_reporters,website,True,3,29,3825.9947607000004,37631.445213909996,50110407.952128515
2025,nonharedi_jew,cyber,other_body_nonreporters,acquaintance,True,41,299,53641.7359753,381661.65316041,503523413.9640472
2025,nonharedi_jew,cyber,other_body_nonreporters,bank,True,126,299,159282.44001788,381661.65316041,503523413.9640472
2025,nonharedi_jew,cyber,other_body_nonreporters,family,True,88,299,111510.28438282,381661.65316041,503523413.9640472
2025,nonharedi_jew,cyber,other_body_nonreporters,government,True,6,299,7876.284123400001,381661.65316041,503523413.9640472
2025,nonharedi_jew,cyber,other_body_nonreporters,isp,True,13,299,16638.8175205,381661.65316041,503523413.9640472
2025,nonharedi_jew,cyber,other_body_nonreporters,legal,True,1,299,1165.2416633,381661.65316041,503523413.9640472
2025,nonharedi_jew,cyber,other_body_nonreporters,none,True,87,299,112454.16235079001,381661.65316041,503523413.9640472
2025,nonharedi_jew,cyber,other_body_nonreporters,other,True,13,299,17235.593899800002,381661.65316041,503523413.9640472
2025,nonharedi_jew,cyber,other_body_nonreporters,professional,True,14,299,18452.5724835,381661.65316041,503523413.9640472
2025,nonharedi_jew,cyber,other_body_nonreporters,website,True,17,299,22247.52965967,381661.65316041,503523413.9640472
2025,nonharedi_jew,sexual_harassment,reported,yes,True,6,99,7636.291141379999,126222.47486456999,167460120.2145089
2025,nonharedi_jew,sexual_harassment,reason_not_reported,ashamed,True,4,93,5046.4017221,118586.18372319,157482068.6606075
2025,nonharedi_jew,sexual_harassment,reason_not_reported,fear_revenge,True,2,93,3050.6448926000003,118586.18372319,157482068.6606075
2025,nonharedi_jew,sexual_harassment,reason_not_reported,handled_self,True,18,93,24015.40791492,118586.18372319,157482068.6606075
2025,nonharedi_jew,sexual_harassment,reason_not_reported,not_worth_bothering,True,16,93,20457.68992998,118586.18372319,157482068.6606075
2025,nonharedi_jew,sexual_harassment,reason_not_reported,other,True,2,93,2216.6162195999996,118586.18372319,157482068.6606075
2025,nonharedi_jew,sexual_harassment,reason_not_reported,personal_time,True,17,93,21758.26108512,118586.18372319,157482068.6606075
2025,nonharedi_jew,sexual_harassment,reason_not_reported,police_ineffective_past,True,12,93,15090.17080987,118586.18372319,157482068.6606075
2025,nonharedi_jew,sexual_harassment,reason_not_reported,police_unable,True,10,93,10747.2375316,118586.18372319,157482068.6606075
2025,nonharedi_jew,sexual_harassment,reason_not_reported,police_unwilling,True,9,93,12303.011276700001,118586.18372319,157482068.6606075
2025,nonharedi_jew,sexual_harassment,reason_not_reported,turned_elsewhere,True,3,93,3900.7423406999997,118586.18372319,157482068.6606075
2025,nonharedi_jew,sexual_harassment,other_body,acquaintance,True,26,99,35167.03989118,126222.47486456999,167460120.2145089
2025,nonharedi_jew,sexual_harassment,other_body,family,True,25,99,32607.42117012,126222.47486456999,167460120.2145089
2025,nonharedi_jew,sexual_harassment,other_body,legal,True,1,99,1190.3238258,126222.47486456999,167460120.2145089
2025,nonharedi_jew,sexual_harassment,other_body,medical,True,3,99,3753.7248621999997,126222.47486456999,167460120.2145089
2025,nonharedi_jew,sexual_harassment,other_body,mental_health,True,10,99,14162.003663,126222.47486456999,167460120.2145089
2025,nonharedi_jew,sexual_harassment,other_body,ngo,True,4,99,4674.159218700001,126222.47486456999,167460120.2145089
2025,nonharedi_jew,sexual_harassment,other_body,none,True,49,99,59755.42100507,126222.47486456999,167460120.2145089
2025,nonharedi_jew,sexual_harassment,other_body,other,True,1,99,1432.3918425,126222.47486456999,167460120.2145089
2025,nonharedi_jew,sexual_harassment,other_body,welfare,True,3,99,4240.6282618000005,126222.47486456999,167460120.2145089
2025,nonharedi_jew,sexual_harassment,other_body,workplace,True,9,99,11217.4899247,126222.47486456999,167460120.2145089
2025,nonharedi_jew,sexual_harassment,other_body_reporters,acquaintance,True,1,6,1609.0390453,7636.291141379999,9978051.553901397
2025,nonharedi_jew,sexual_harassment,other_body_reporters,family,True,2,6,2531.8619761,7636.291141379999,9978051.553901397
2025,nonharedi_jew,sexual_harassment,other_body_reporters,legal,True,0,6,0.0,7636.291141379999,9978051.553901397
2025,nonharedi_jew,sexual_harassment,other_body_reporters,medical,True,0,6,0.0,7636.291141379999,9978051.553901397
2025,nonharedi_jew,sexual_harassment,other_body_reporters,mental_health,True,0,6,0.0,7636.291141379999,9978051.553901397
2025,nonharedi_jew,sexual_harassment,other_body_reporters,ngo,True,0,6,0.0,7636.291141379999,9978051.553901397
2025,nonharedi_jew,sexual_harassment,other_body_reporters,none,True,3,6,3495.3901199800002,7636.291141379999,9978051.553901397
2025,nonharedi_jew,sexual_harassment,other_body_reporters,other,True,0,6,0.0,7636.291141379999,9978051.553901397
2025,nonharedi_jew,sexual_harassment,other_body_reporters,welfare,True,0,6,0.0,7636.291141379999,9978051.553901397
2025,nonharedi_jew,sexual_harassment,other_body_reporters,workplace,True,0,6,0.0,7636.291141379999,9978051.553901397
2025,nonharedi_jew,sexual_harassment,other_body_nonreporters,acquaintance,True,25,93,33558.00084588,118586.18372319,157482068.6606075
2025,nonharedi_jew,sexual_harassment,other_body_nonreporters,family,True,23,93,30075.559194020003,118586.18372319,157482068.6606075
2025,nonharedi_jew,sexual_harassment,other_body_nonreporters,legal,True,1,93,1190.3238258,118586.18372319,157482068.6606075
2025,nonharedi_jew,sexual_harassment,other_body_nonreporters,medical,True,3,93,3753.7248621999997,118586.18372319,157482068.6606075
2025,nonharedi_jew,sexual_harassment,other_body_nonreporters,mental_health,True,10,93,14162.003663,118586.18372319,157482068.6606075
2025,nonharedi_jew,sexual_harassment,other_body_nonreporters,ngo,True,4,93,4674.159218700001,118586.18372319,157482068.6606075
2025,nonharedi_jew,sexual_harassment,other_body_nonreporters,none,True,46,93,56260.030885090004,118586.18372319,157482068.6606075
2025,nonharedi_jew,sexual_harassment,other_body_nonreporters,other,True,1,93,1432.3918425,118586.18372319,157482068.6606075
2025,nonharedi_jew,sexual_harassment,other_body_nonreporters,welfare,True,3,93,4240.6282618000005,118586.18372319,157482068.6606075
2025,nonharedi_jew,sexual_harassment,other_body_nonreporters,workplace,True,9,93,11217.4899247,118586.18372319,157482068.6606075
2025,nonharedi_jew,theft,reported,yes,True,26,93,34341.54105683001,124885.85659313001,176437320.23246554
2025,nonharedi_jew,theft,reason_not_reported,handled_self,True,7,66,8628.22684277,89148.62613470003,126754234.94973871
2025,nonharedi_jew,theft,reason_not_reported,not_worth_bothering,True,6,66,8822.1092705,89148.62613470003,126754234.94973871
2025,nonharedi_jew,theft,reason_not_reported,other,True,1,66,1206.5338445,89148.62613470003,126754234.94973871
2025,nonharedi_jew,theft,reason_not_reported,personal_time,True,13,66,18163.78907593,89148.62613470003,126754234.94973871
2025,nonharedi_jew,theft,reason_not_reported,police_ineffective_past,True,8,66,11955.6341393,89148.62613470003,126754234.94973871
2025,nonharedi_jew,theft,reason_not_reported,police_unable,True,11,66,14803.518069200001,89148.62613470003,126754234.94973871
2025,nonharedi_jew,theft,reason_not_reported,police_unwilling,True,15,66,19529.414424100003,89148.62613470003,126754234.94973871
2025,nonharedi_jew,theft,reason_not_reported,turned_elsewhere,True,5,66,6039.400468399999,89148.62613470003,126754234.94973871
2025,nonharedi_jew,violence_threat,reported,yes,True,47,127,57591.17704720999,159978.80144304998,207503959.8806353
2025,nonharedi_jew,violence_threat,reason_not_reported,ashamed,True,1,79,1296.4453272,100885.04060594,132215234.73395059
2025,nonharedi_jew,violence_threat,reason_not_reported,fear_revenge,True,5,79,6573.2937502,100885.04060594,132215234.73395059
2025,nonharedi_jew,violence_threat,reason_not_reported,handled_self,True,11,79,14517.316234900001,100885.04060594,132215234.73395059
2025,nonharedi_jew,violence_threat,reason_not_reported,not_worth_bothering,True,6,79,7365.434336599999,100885.04060594,132215234.73395059
2025,nonharedi_jew,violence_threat,reason_not_reported,other,True,5,79,6869.5788785,100885.04060594,132215234.73395059
2025,nonharedi_jew,violence_threat,reason_not_reported,personal_time,True,13,79,17567.7836713,100885.04060594,132215234.73395059
2025,nonharedi_jew,violence_threat,reason_not_reported,police_ineffective_past,True,10,79,12245.88910561,100885.04060594,132215234.73395059
2025,nonharedi_jew,violence_threat,reason_not_reported,police_unable,True,9,79,11098.579375329999,100885.04060594,132215234.73395059
2025,nonharedi_jew,violence_threat,reason_not_reported,police_unwilling,True,16,79,19017.6115614,100885.04060594,132215234.73395059
2025,nonharedi_jew,violence_threat,reason_not_reported,turned_elsewhere,True,3,79,4333.1083649,100885.04060594,132215234.73395059
2025,nonharedi_jew,violence_threat,other_body,acquaintance,True,21,109,26471.177774570002,138304.61217458997,180631547.89964768
2025,nonharedi_jew,violence_threat,other_body,family,True,27,109,33940.46953136999,138304.61217458997,180631547.89964768
2025,nonharedi_jew,violence_threat,other_body,legal,True,6,109,7054.86553086,138304.61217458997,180631547.89964768
2025,nonharedi_jew,violence_threat,other_body,medical,True,2,109,2637.13963941,138304.61217458997,180631547.89964768
2025,nonharedi_jew,violence_threat,other_body,mental_health,True,2,109,2850.8125829,138304.61217458997,180631547.89964768
2025,nonharedi_jew,violence_threat,other_body,ngo,True,0,109,0.0,138304.61217458997,180631547.89964768
2025,nonharedi_jew,violence_threat,other_body,none,True,68,109,85437.46247603999,138304.61217458997,180631547.89964768
2025,nonharedi_jew,violence_threat,other_body,other,True,3,109,4250.6775198000005,138304.61217458997,180631547.89964768
2025,nonharedi_jew,violence_threat,other_body,welfare,True,3,109,3653.70489518,138304.61217458997,180631547.89964768
2025,nonharedi_jew,violence_threat,other_body,workplace,True,12,109,15332.861894270001,138304.61217458997,180631547.89964768
2025,nonharedi_jew,violence_threat,other_body_reporters,acquaintance,True,8,30,9587.827159370001,37019.51793814999,47374127.87241345
2025,nonharedi_jew,violence_threat,other_body_reporters,family,True,8,30,9590.79922967,37019.51793814999,47374127.87241345
2025,nonharedi_jew,violence_threat,other_body_reporters,legal,True,3,30,3066.03600576,37019.51793814999,47374127.87241345
2025,nonharedi_jew,violence_threat,other_body_reporters,medical,True,1,30,994.04945441,37019.51793814999,47374127.87241345
2025,nonharedi_jew,violence_threat,other_body_reporters,mental_health,True,0,30,0.0,37019.51793814999,47374127.87241345
2025,nonharedi_jew,violence_threat,other_body_reporters,ngo,True,0,30,0.0,37019.51793814999,47374127.87241345
2025,nonharedi_jew,violence_threat,other_body_reporters,none,True,18,30,22583.4619016,37019.51793814999,47374127.87241345
2025,nonharedi_jew,violence_threat,other_body_reporters,other,True,2,30,2772.9330462,37019.51793814999,47374127.87241345
2025,nonharedi_jew,violence_threat,other_body_reporters,welfare,True,3,30,3653.70489518,37019.51793814999,47374127.87241345
2025,nonharedi_jew,violence_threat,other_body_reporters,workplace,True,5,30,5981.849858570001,37019.51793814999,47374127.87241345
2025,nonharedi_jew,violence_threat,other_body_nonreporters,acquaintance,True,13,79,16883.350615199997,101285.09423644,133257420.02723423
2025,nonharedi_jew,violence_threat,other_body_nonreporters,family,True,19,79,24349.6703017,101285.09423644,133257420.02723423
2025,nonharedi_jew,violence_threat,other_body_nonreporters,legal,True,3,79,3988.8295251,101285.09423644,133257420.02723423
2025,nonharedi_jew,violence_threat,other_body_nonreporters,medical,True,1,79,1643.090185,101285.09423644,133257420.02723423
2025,nonharedi_jew,violence_threat,other_body_nonreporters,mental_health,True,2,79,2850.8125829,101285.09423644,133257420.02723423
2025,nonharedi_jew,violence_threat,other_body_nonreporters,ngo,True,0,79,0.0,101285.09423644,133257420.02723423
2025,nonharedi_jew,violence_threat,other_body_nonreporters,none,True,50,79,62854.00057444,101285.09423644,133257420.02723423
2025,nonharedi_jew,violence_threat,other_body_nonreporters,other,True,1,79,1477.7444736,101285.09423644,133257420.02723423
2025,nonharedi_jew,violence_threat,other_body_nonreporters,welfare,True,0,79,0.0,101285.09423644,133257420.02723423
2025,nonharedi_jew,violence_threat,other_body_nonreporters,workplace,True,7,79,9351.0120357,101285.09423644,133257420.02723423
2025,all_20plus,cyber,reported,yes,True,40,412,50206.712706340004,521442.2663805,684203029.824975
2025,all_20plus,cyber,reason_not_reported,ashamed,True,38,372,47786.24577233999,471235.55367416,618607389.7167604
2025,all_20plus,cyber,reason_not_reported,didnt_know_police_handles,True,20,372,24878.635631999998,471235.55367416,618607389.7167604
2025,all_20plus,cyber,reason_not_reported,fear_revenge,True,3,372,3360.80821666,471235.55367416,618607389.7167604
2025,all_20plus,cyber,reason_not_reported,handled_self,True,58,372,73338.75883995,471235.55367416,618607389.7167604
2025,all_20plus,cyber,reason_not_reported,not_worth_bothering,True,17,372,22141.0697186,471235.55367416,618607389.7167604
2025,all_20plus,cyber,reason_not_reported,other,True,14,372,18775.2451359,471235.55367416,618607389.7167604
2025,all_20plus,cyber,reason_not_reported,personal_time,True,17,372,21659.0127436,471235.55367416,618607389.7167604
2025,all_20plus,cyber,reason_not_reported,police_ineffective_past,True,21,372,27925.821192420004,471235.55367416,618607389.7167604
2025,all_20plus,cyber,reason_not_reported,police_unable,True,36,372,47103.885814249996,471235.55367416,618607389.7167604
2025,all_20plus,cyber,reason_not_reported,police_unwilling,True,25,372,32765.860708109998,471235.55367416,618607389.7167604
2025,all_20plus,cyber,reason_not_reported,turned_elsewhere,True,123,372,151500.20990033,471235.55367416,618607389.7167604
2025,all_20plus,cyber,other_body,acquaintance,True,59,411,75965.59994825999,520256.763845,682797613.563298
2025,all_20plus,cyber,other_body,bank,True,176,411,217922.95984232,520256.763845,682797613.563298
2025,all_20plus,cyber,other_body,family,True,118,411,149351.79601159,520256.763845,682797613.563298
2025,all_20plus,cyber,other_body,government,True,14,411,18113.1235809,520256.763845,682797613.563298
2025,all_20plus,cyber,other_body,isp,True,19,411,23900.57489522,520256.763845,682797613.563298
2025,all_20plus,cyber,other_body,legal,True,2,411,2045.66709511,520256.763845,682797613.563298
2025,all_20plus,cyber,other_body,none,True,110,411,142607.51371578997,520256.763845,682797613.563298
2025,all_20plus,cyber,other_body,other,True,23,411,29585.4780024,520256.763845,682797613.563298
2025,all_20plus,cyber,other_body,professional,True,20,411,25678.08499042,520256.763845,682797613.563298
2025,all_20plus,cyber,other_body,website,True,27,411,33956.783849449996,520256.763845,682797613.563298
2025,all_20plus,cyber,other_body_reporters,acquaintance,True,7,40,8050.46805476,50206.712706340004,65595640.108214445
2025,all_20plus,cyber,other_body_reporters,bank,True,14,40,16864.680224919997,50206.712706340004,65595640.108214445
2025,all_20plus,cyber,other_body_reporters,family,True,12,40,15326.85099214,50206.712706340004,65595640.108214445
2025,all_20plus,cyber,other_body_reporters,government,True,6,40,7743.3737448,50206.712706340004,65595640.108214445
2025,all_20plus,cyber,other_body_reporters,isp,True,1,40,588.68864472,50206.712706340004,65595640.108214445
2025,all_20plus,cyber,other_body_reporters,legal,True,1,40,880.42543181,50206.712706340004,65595640.108214445
2025,all_20plus,cyber,other_body_reporters,none,True,8,40,10844.158027500001,50206.712706340004,65595640.108214445
2025,all_20plus,cyber,other_body_reporters,other,True,4,40,4996.6033231,50206.712706340004,65595640.108214445
2025,all_20plus,cyber,other_body_reporters,professional,True,2,40,1815.1939288199999,50206.712706340004,65595640.108214445
2025,all_20plus,cyber,other_body_reporters,website,True,4,40,4421.95628088,50206.712706340004,65595640.108214445
2025,all_20plus,cyber,other_body_nonreporters,acquaintance,True,52,371,67915.13189349999,470050.05113866,617201973.4550836
2025,all_20plus,cyber,other_body_nonreporters,bank,True,162,371,201058.27961739997,470050.05113866,617201973.4550836
2025,all_20plus,cyber,other_body_nonreporters,family,True,106,371,134024.94501945,470050.05113866,617201973.4550836
2025,all_20plus,cyber,other_body_nonreporters,government,True,8,371,10369.7498361,470050.05113866,617201973.4550836
2025,all_20plus,cyber,other_body_nonreporters,isp,True,18,371,23311.8862505,470050.05113866,617201973.4550836
2025,all_20plus,cyber,other_body_nonreporters,legal,True,1,371,1165.2416633,470050.05113866,617201973.4550836
2025,all_20plus,cyber,other_body_nonreporters,none,True,102,371,131763.35568829,470050.05113866,617201973.4550836
2025,all_20plus,cyber,other_body_nonreporters,other,True,19,371,24588.8746793,470050.05113866,617201973.4550836
2025,all_20plus,cyber,other_body_nonreporters,professional,True,18,371,23862.8910616,470050.05113866,617201973.4550836
2025,all_20plus,cyber,other_body_nonreporters,website,True,23,371,29534.827568569995,470050.05113866,617201973.4550836
2025,all_20plus,sexual_harassment,reported,yes,True,10,125,11646.803974670001,156733.50439162998,205628802.4415845
2025,all_20plus,sexual_harassment,reason_not_reported,ashamed,True,6,115,7443.8147816,145086.70041696,191290531.0557066
2025,all_20plus,sexual_harassment,reason_not_reported,fear_revenge,True,2,115,3050.6448926000003,145086.70041696,191290531.0557066
2025,all_20plus,sexual_harassment,reason_not_reported,handled_self,True,23,115,30583.844205120004,145086.70041696,191290531.0557066
2025,all_20plus,sexual_harassment,reason_not_reported,not_worth_bothering,True,17,115,21683.55344778,145086.70041696,191290531.0557066
2025,all_20plus,sexual_harassment,reason_not_reported,other,True,4,115,5151.6223185,145086.70041696,191290531.0557066
2025,all_20plus,sexual_harassment,reason_not_reported,personal_time,True,25,115,30833.54128895,145086.70041696,191290531.0557066
2025,all_20plus,sexual_harassment,reason_not_reported,police_ineffective_past,True,12,115,15090.17080987,145086.70041696,191290531.0557066
2025,all_20plus,sexual_harassment,reason_not_reported,police_unable,True,12,115,13048.2542544,145086.70041696,191290531.0557066
2025,all_20plus,sexual_harassment,reason_not_reported,police_unwilling,True,10,115,13286.990723540002,145086.70041696,191290531.0557066
2025,all_20plus,sexual_harassment,reason_not_reported,turned_elsewhere,True,4,115,4914.263694599999,145086.70041696,191290531.0557066
2025,all_20plus,sexual_harassment,other_body,acquaintance,True,30,125,40723.55468738,156733.50439162998,205628802.4415845
2025,all_20plus,sexual_harassment,other_body,family,True,32,125,40357.38284326,156733.50439162998,205628802.4415845
2025,all_20plus,sexual_harassment,other_body,legal,True,1,125,1190.3238258,156733.50439162998,205628802.4415845
2025,all_20plus,sexual_harassment,other_body,medical,True,3,125,3753.7248621999997,156733.50439162998,205628802.4415845
2025,all_20plus,sexual_harassment,other_body,mental_health,True,14,125,18914.225836429996,156733.50439162998,205628802.4415845
2025,all_20plus,sexual_harassment,other_body,ngo,True,4,125,4674.159218700001,156733.50439162998,205628802.4415845
2025,all_20plus,sexual_harassment,other_body,none,True,64,125,77323.37313079,156733.50439162998,205628802.4415845
2025,all_20plus,sexual_harassment,other_body,other,True,1,125,1432.3918425,156733.50439162998,205628802.4415845
2025,all_20plus,sexual_harassment,other_body,welfare,True,4,125,4859.744419230001,156733.50439162998,205628802.4415845
2025,all_20plus,sexual_harassment,other_body,workplace,True,11,125,13275.6563891,156733.50439162998,205628802.4415845
2025,all_20plus,sexual_harassment,other_body_reporters,acquaintance,True,1,10,1609.0390453,11646.803974670001,14338271.385877956
2025,all_20plus,sexual_harassment,other_body_reporters,family,True,2,10,2531.8619761,11646.803974670001,14338271.385877956
2025,all_20plus,sexual_harassment,other_body_reporters,legal,True,0,10,0.0,11646.803974670001,14338271.385877956
2025,all_20plus,sexual_harassment,other_body_reporters,medical,True,0,10,0.0,11646.803974670001,14338271.385877956
2025,all_20plus,sexual_harassment,other_body_reporters,mental_health,True,0,10,0.0,11646.803974670001,14338271.385877956
2025,all_20plus,sexual_harassment,other_body_reporters,ngo,True,0,10,0.0,11646.803974670001,14338271.385877956
2025,all_20plus,sexual_harassment,other_body_reporters,none,True,7,10,7505.90295327,11646.803974670001,14338271.385877956
2025,all_20plus,sexual_harassment,other_body_reporters,other,True,0,10,0.0,11646.803974670001,14338271.385877956
2025,all_20plus,sexual_harassment,other_body_reporters,welfare,True,0,10,0.0,11646.803974670001,14338271.385877956
2025,all_20plus,sexual_harassment,other_body_reporters,workplace,True,0,10,0.0,11646.803974670001,14338271.385877956
2025,all_20plus,sexual_harassment,other_body_nonreporters,acquaintance,True,29,115,39114.51564208,145086.70041696,191290531.0557066
2025,all_20plus,sexual_harassment,other_body_nonreporters,family,True,30,115,37825.52086716,145086.70041696,191290531.0557066
2025,all_20plus,sexual_harassment,other_body_nonreporters,legal,True,1,115,1190.3238258,145086.70041696,191290531.0557066
2025,all_20plus,sexual_harassment,other_body_nonreporters,medical,True,3,115,3753.7248621999997,145086.70041696,191290531.0557066
2025,all_20plus,sexual_harassment,other_body_nonreporters,mental_health,True,14,115,18914.225836429996,145086.70041696,191290531.0557066
2025,all_20plus,sexual_harassment,other_body_nonreporters,ngo,True,4,115,4674.159218700001,145086.70041696,191290531.0557066
2025,all_20plus,sexual_harassment,other_body_nonreporters,none,True,57,115,69817.47017752001,145086.70041696,191290531.0557066
2025,all_20plus,sexual_harassment,other_body_nonreporters,other,True,1,115,1432.3918425,145086.70041696,191290531.0557066
2025,all_20plus,sexual_harassment,other_body_nonreporters,welfare,True,4,115,4859.744419230001,145086.70041696,191290531.0557066
2025,all_20plus,sexual_harassment,other_body_nonreporters,workplace,True,11,115,13275.6563891,145086.70041696,191290531.0557066
2025,all_20plus,theft,reported,yes,True,44,138,56399.27871481001,178053.56325227,242050433.714042
2025,all_20plus,theft,reason_not_reported,handled_self,True,14,93,15468.41642609,120258.59513586,163869499.28789407
2025,all_20plus,theft,reason_not_reported,not_worth_bothering,True,6,93,8822.1092705,120258.59513586,163869499.28789407
2025,all_20plus,theft,reason_not_reported,other,True,2,93,2233.7143985000002,120258.59513586,163869499.28789407
2025,all_20plus,theft,reason_not_reported,personal_time,True,17,93,23531.01676403,120258.59513586,163869499.28789407
2025,all_20plus,theft,reason_not_reported,police_ineffective_past,True,10,93,14498.0171056,120258.59513586,163869499.28789407
2025,all_20plus,theft,reason_not_reported,police_unable,True,18,93,22984.197245429998,120258.59513586,163869499.28789407
2025,all_20plus,theft,reason_not_reported,police_unwilling,True,19,93,24437.1507413,120258.59513586,163869499.28789407
2025,all_20plus,theft,reason_not_reported,turned_elsewhere,True,7,93,8283.97318441,120258.59513586,163869499.28789407
2025,all_20plus,violence_threat,reported,yes,True,67,183,77645.80093707998,222002.61578321998,280022345.51012945
2025,all_20plus,violence_threat,reason_not_reported,ashamed,True,1,114,1296.4453272,141052.68029483999,180528904.11576465
2025,all_20plus,violence_threat,reason_not_reported,fear_revenge,True,6,114,8239.643550800001,141052.68029483999,180528904.11576465
2025,all_20plus,violence_threat,reason_not_reported,handled_self,True,21,114,25941.80642685,141052.68029483999,180528904.11576465
2025,all_20plus,violence_threat,reason_not_reported,not_worth_bothering,True,9,114,10570.27184353,141052.68029483999,180528904.11576465
2025,all_20plus,violence_threat,reason_not_reported,other,True,6,114,8005.0365022000005,141052.68029483999,180528904.11576465
2025,all_20plus,violence_threat,reason_not_reported,personal_time,True,16,114,20745.8406294,141052.68029483999,180528904.11576465
2025,all_20plus,violence_threat,reason_not_reported,police_ineffective_past,True,14,114,16788.90189877,141052.68029483999,180528904.11576465
2025,all_20plus,violence_threat,reason_not_reported,police_unable,True,13,114,16216.642427429999,141052.68029483999,180528904.11576465
2025,all_20plus,violence_threat,reason_not_reported,police_unwilling,True,24,114,27940.85432431,141052.68029483999,180528904.11576465
2025,all_20plus,violence_threat,reason_not_reported,turned_elsewhere,True,4,114,5307.2373643500005,141052.68029483999,180528904.11576465
2025,all_20plus,violence_threat,other_body,acquaintance,True,28,158,34502.54624526,193497.39642404002,246385976.63234
2025,all_20plus,violence_threat,other_body,family,True,38,158,46677.55299071999,193497.39642404002,246385976.63234
2025,all_20plus,violence_threat,other_body,legal,True,7,158,7830.112485120001,193497.39642404002,246385976.63234
2025,all_20plus,violence_threat,other_body,medical,True,7,158,8031.49538182,193497.39642404002,246385976.63234
2025,all_20plus,violence_threat,other_body,mental_health,True,8,158,8534.63494256,193497.39642404002,246385976.63234
2025,all_20plus,violence_threat,other_body,ngo,True,0,158,0.0,193497.39642404002,246385976.63234
2025,all_20plus,violence_threat,other_body,none,True,94,158,115437.24643325,193497.39642404002,246385976.63234
2025,all_20plus,violence_threat,other_body,other,True,4,158,5386.4565016,193497.39642404002,246385976.63234
2025,all_20plus,violence_threat,other_body,welfare,True,7,158,7623.9083108800005,193497.39642404002,246385976.63234
2025,all_20plus,violence_threat,other_body,workplace,True,14,158,17600.45959042,193497.39642404002,246385976.63234
2025,all_20plus,violence_threat,other_body_reporters,acquaintance,True,11,43,12658.208435859999,50243.1117373,61569302.07739086
2025,all_20plus,violence_threat,other_body_reporters,family,True,10,43,11860.04983977,50243.1117373,61569302.07739086
2025,all_20plus,violence_threat,other_body_reporters,legal,True,3,43,3066.03600576,50243.1117373,61569302.07739086
2025,all_20plus,violence_threat,other_body_reporters,medical,True,4,43,4477.70061886,50243.1117373,61569302.07739086
2025,all_20plus,violence_threat,other_body_reporters,mental_health,True,2,43,2244.0891592499997,50243.1117373,61569302.07739086
2025,all_20plus,violence_threat,other_body_reporters,ngo,True,0,43,0.0,50243.1117373,61569302.07739086
2025,all_20plus,violence_threat,other_body_reporters,none,True,22,43,26130.925017269998,50243.1117373,61569302.07739086
2025,all_20plus,violence_threat,other_body_reporters,other,True,2,43,2772.9330462,50243.1117373,61569302.07739086
2025,all_20plus,violence_threat,other_body_reporters,welfare,True,6,43,6848.66135662,50243.1117373,61569302.07739086
2025,all_20plus,violence_threat,other_body_reporters,workplace,True,6,43,7275.318555270001,50243.1117373,61569302.07739086
2025,all_20plus,violence_threat,other_body_nonreporters,acquaintance,True,17,115,21844.3378094,143254.28468674,184816674.55494922
2025,all_20plus,violence_threat,other_body_nonreporters,family,True,28,115,34817.503150950004,143254.28468674,184816674.55494922
2025,all_20plus,violence_threat,other_body_nonreporters,legal,True,4,115,4764.07647936,143254.28468674,184816674.55494922
2025,all_20plus,violence_threat,other_body_nonreporters,medical,True,3,115,3553.7947629600003,143254.28468674,184816674.55494922
2025,all_20plus,violence_threat,other_body_nonreporters,mental_health,True,6,115,6290.545783310001,143254.28468674,184816674.55494922
2025,all_20plus,violence_threat,other_body_nonreporters,ngo,True,0,115,0.0,143254.28468674,184816674.55494922
2025,all_20plus,violence_threat,other_body_nonreporters,none,True,72,115,89306.32141598,143254.28468674,184816674.55494922
2025,all_20plus,violence_threat,other_body_nonreporters,other,True,2,115,2613.5234554,143254.28468674,184816674.55494922
2025,all_20plus,violence_threat,other_body_nonreporters,welfare,True,1,115,775.24695426,143254.28468674,184816674.55494922
2025,all_20plus,violence_threat,other_body_nonreporters,workplace,True,8,115,10325.14103515,143254.28468674,184816674.55494922
2015,all_20plus,cyber,reason_broad,handled_otherwise,False,0,178,0.0,203785.32137175003,248009750.4869793
2015,all_20plus,cyber,reason_broad,not_worth_it,True,24,178,28708.06044697,203785.32137175003,248009750.4869793
2015,all_20plus,cyber,reason_broad,other,True,40,178,44148.2654207,203785.32137175003,248009750.4869793
2015,all_20plus,cyber,reason_broad,police_wont_help,True,107,178,122152.53907542999,203785.32137175003,248009750.4869793
2015,all_20plus,cyber,reason_broad,shame_fear,True,7,178,8776.456428649999,203785.32137175003,248009750.4869793
2015,all_20plus,sexual_harassment,reason_broad,handled_otherwise,False,0,110,0.0,129117.54644785002,163705152.28242072
2015,all_20plus,sexual_harassment,reason_broad,not_worth_it,True,39,110,43272.177245449995,129117.54644785002,163705152.28242072
2015,all_20plus,sexual_harassment,reason_broad,other,True,18,110,23354.560913899997,129117.54644785002,163705152.28242072
2015,all_20plus,sexual_harassment,reason_broad,police_wont_help,True,38,110,44232.693707909995,129117.54644785002,163705152.28242072
2015,all_20plus,sexual_harassment,reason_broad,shame_fear,True,15,110,18258.11458059,129117.54644785002,163705152.28242072
2015,all_20plus,theft,reason_broad,handled_otherwise,False,0,129,0.0,151776.86957422,189725000.65970358
2015,all_20plus,theft,reason_broad,not_worth_it,True,24,129,28066.97536014,151776.86957422,189725000.65970358
2015,all_20plus,theft,reason_broad,other,True,22,129,23662.121772370003,151776.86957422,189725000.65970358
2015,all_20plus,theft,reason_broad,police_wont_help,True,83,129,100047.77244171,151776.86957422,189725000.65970358
2015,all_20plus,violence_threat,reason_broad,handled_otherwise,False,0,124,0.0,138649.4608486,166306377.4528696
2015,all_20plus,violence_threat,reason_broad,not_worth_it,True,8,124,8009.731330730001,138649.4608486,166306377.4528696
2015,all_20plus,violence_threat,reason_broad,other,True,26,124,29254.54033477,138649.4608486,166306377.4528696
2015,all_20plus,violence_threat,reason_broad,police_wont_help,True,81,124,90870.29438914,138649.4608486,166306377.4528696
2015,all_20plus,violence_threat,reason_broad,shame_fear,True,9,124,10514.89479396,138649.4608486,166306377.4528696
2015,haredi,cyber,reason_broad,handled_otherwise,False,0,5,0.0,5301.07216494,5685060.429444145
2015,haredi,cyber,reason_broad,not_worth_it,True,0,5,0.0,5301.07216494,5685060.429444145
2015,haredi,cyber,reason_broad,other,True,0,5,0.0,5301.07216494,5685060.429444145
2015,haredi,cyber,reason_broad,police_wont_help,True,3,5,3127.82248743,5301.07216494,5685060.429444145
2015,haredi,cyber,reason_broad,shame_fear,True,2,5,2173.24967751,5301.07216494,5685060.429444145
2015,haredi,sexual_harassment,reason_broad,handled_otherwise,False,0,7,0.0,7855.80424284,9354819.892688712
2015,haredi,sexual_harassment,reason_broad,not_worth_it,True,2,7,1804.98346769,7855.80424284,9354819.892688712
2015,haredi,sexual_harassment,reason_broad,other,True,2,7,2446.9873521,7855.80424284,9354819.892688712
2015,haredi,sexual_harassment,reason_broad,police_wont_help,True,3,7,3603.8334230500004,7855.80424284,9354819.892688712
2015,haredi,sexual_harassment,reason_broad,shame_fear,True,0,7,0.0,7855.80424284,9354819.892688712
2015,haredi,theft,reason_broad,handled_otherwise,False,0,8,0.0,9976.9357509,12913410.522807527
2015,haredi,theft,reason_broad,not_worth_it,True,0,8,0.0,9976.9357509,12913410.522807527
2015,haredi,theft,reason_broad,other,True,3,8,3011.7521213,9976.9357509,12913410.522807527
2015,haredi,theft,reason_broad,police_wont_help,True,5,8,6965.1836296,9976.9357509,12913410.522807527
2015,haredi,violence_threat,reason_broad,handled_otherwise,False,0,8,0.0,8268.4610098,8747297.020164097
2015,haredi,violence_threat,reason_broad,not_worth_it,True,2,8,2084.5371633,8268.4610098,8747297.020164097
2015,haredi,violence_threat,reason_broad,other,True,1,8,974.12772337,8268.4610098,8747297.020164097
2015,haredi,violence_threat,reason_broad,police_wont_help,True,5,8,5209.79612313,8268.4610098,8747297.020164097
2015,haredi,violence_threat,reason_broad,shame_fear,True,0,8,0.0,8268.4610098,8747297.020164097
2015,nonharedi_jew,cyber,reason_broad,handled_otherwise,False,0,149,0.0,167570.83681805,199184068.81323206
2015,nonharedi_jew,cyber,reason_broad,not_worth_it,True,20,149,23146.05925707,167570.83681805,199184068.81323206
2015,nonharedi_jew,cyber,reason_broad,other,True,35,149,37968.14138988,167570.83681805,199184068.81323206
2015,nonharedi_jew,cyber,reason_broad,police_wont_help,True,90,149,102469.25143756,167570.83681805,199184068.81323206
2015,nonharedi_jew,cyber,reason_broad,shame_fear,True,4,149,3987.38473354,167570.83681805,199184068.81323206
2015,nonharedi_jew,sexual_harassment,reason_broad,handled_otherwise,False,0,92,0.0,104407.99817798001,125561449.40137479
2015,nonharedi_jew,sexual_harassment,reason_broad,not_worth_it,True,34,92,37298.70092958999,104407.99817798001,125561449.40137479
2015,nonharedi_jew,sexual_harassment,reason_broad,other,True,11,92,12563.415439040002,104407.99817798001,125561449.40137479
2015,nonharedi_jew,sexual_harassment,reason_broad,police_wont_help,True,33,92,38536.91465386,104407.99817798001,125561449.40137479
2015,nonharedi_jew,sexual_harassment,reason_broad,shame_fear,True,14,92,16008.967155490001,104407.99817798001,125561449.40137479
2015,nonharedi_jew,theft,reason_broad,handled_otherwise,False,0,98,0.0,109725.59520068,127171882.4022283
2015,nonharedi_jew,theft,reason_broad,not_worth_it,True,18,98,20350.53690643,109725.59520068,127171882.4022283
2015,nonharedi_jew,theft,reason_broad,other,True,16,98,17383.15499576,109725.59520068,127171882.4022283
2015,nonharedi_jew,theft,reason_broad,police_wont_help,True,64,98,71991.90329849,109725.59520068,127171882.4022283
2015,nonharedi_jew,violence_threat,reason_broad,handled_otherwise,False,0,97,0.0,105364.62833159999,120037783.51482932
2015,nonharedi_jew,violence_threat,reason_broad,not_worth_it,True,6,97,5925.194167430001,105364.62833159999,120037783.51482932
2015,nonharedi_jew,violence_threat,reason_broad,other,True,21,97,21913.282150699997,105364.62833159999,120037783.51482932
2015,nonharedi_jew,violence_threat,reason_broad,police_wont_help,True,62,97,68269.87374831,105364.62833159999,120037783.51482932
2015,nonharedi_jew,violence_threat,reason_broad,shame_fear,True,8,97,9256.27826516,105364.62833159999,120037783.51482932
2016,all_20plus,cyber,reason_broad,handled_otherwise,True,46,160,50369.791700179994,186490.8862075,226484147.77021247
2016,all_20plus,cyber,reason_broad,not_worth_it,True,43,160,49816.67485053,186490.8862075,226484147.77021247
2016,all_20plus,cyber,reason_broad,other,True,20,160,24109.240245510002,186490.8862075,226484147.77021247
2016,all_20plus,cyber,reason_broad,police_wont_help,True,45,160,53858.38247398,186490.8862075,226484147.77021247
2016,all_20plus,cyber,reason_broad,shame_fear,True,6,160,8336.7969373,186490.8862075,226484147.77021247
2016,all_20plus,sexual_harassment,reason_broad,handled_otherwise,True,6,95,7337.7055801999995,115271.97031553001,145267862.0535748
2016,all_20plus,sexual_harassment,reason_broad,not_worth_it,True,33,95,39607.53829144,115271.97031553001,145267862.0535748
2016,all_20plus,sexual_harassment,reason_broad,other,True,23,95,28104.482035189998,115271.97031553001,145267862.0535748
2016,all_20plus,sexual_harassment,reason_broad,police_wont_help,True,29,95,35623.80194151,115271.97031553001,145267862.0535748
2016,all_20plus,sexual_harassment,reason_broad,shame_fear,True,4,95,4598.44246719,115271.97031553001,145267862.0535748
2016,all_20plus,theft,reason_broad,handled_otherwise,True,14,126,17150.694409959997,146280.50954159998,177787463.8445309
2016,all_20plus,theft,reason_broad,not_worth_it,True,30,126,31657.26990658,146280.50954159998,177787463.8445309
2016,all_20plus,theft,reason_broad,other,True,13,126,15299.480255659999,146280.50954159998,177787463.8445309
2016,all_20plus,theft,reason_broad,police_wont_help,True,69,126,82173.0649694,146280.50954159998,177787463.8445309
2016,all_20plus,violence_threat,reason_broad,handled_otherwise,True,12,86,13723.660495430002,103662.57074836,129281850.76340191
2016,all_20plus,violence_threat,reason_broad,not_worth_it,True,19,86,21230.998128,103662.57074836,129281850.76340191
2016,all_20plus,violence_threat,reason_broad,other,True,11,86,14119.461145129999,103662.57074836,129281850.76340191
2016,all_20plus,violence_threat,reason_broad,police_wont_help,True,39,86,48961.9762375,103662.57074836,129281850.76340191
2016,all_20plus,violence_threat,reason_broad,shame_fear,True,5,86,5626.4747423,103662.57074836,129281850.76340191
2016,haredi,cyber,reason_broad,handled_otherwise,True,1,5,883.35317771,5828.801483110001,6965392.467540874
2016,haredi,cyber,reason_broad,not_worth_it,True,2,5,2239.6961269,5828.801483110001,6965392.467540874
2016,haredi,cyber,reason_broad,other,True,0,5,0.0,5828.801483110001,6965392.467540874
2016,haredi,cyber,reason_broad,police_wont_help,True,2,5,2705.7521785,5828.801483110001,6965392.467540874
2016,haredi,cyber,reason_broad,shame_fear,True,0,5,0.0,5828.801483110001,6965392.467540874
2016,haredi,sexual_harassment,reason_broad,handled_otherwise,True,0,3,0.0,3735.390389,4751928.951431438
2016,haredi,sexual_harassment,reason_broad,not_worth_it,True,0,3,0.0,3735.390389,4751928.951431438
2016,haredi,sexual_harassment,reason_broad,other,True,2,3,2556.0210404,3735.390389,4751928.951431438
2016,haredi,sexual_harassment,reason_broad,police_wont_help,True,1,3,1179.3693486,3735.390389,4751928.951431438
2016,haredi,sexual_harassment,reason_broad,shame_fear,True,0,3,0.0,3735.390389,4751928.951431438
2016,haredi,theft,reason_broad,handled_otherwise,True,2,11,2269.6203932999997,13129.465128169999,16043297.345215494
2016,haredi,theft,reason_broad,not_worth_it,True,4,11,4811.4583366,13129.465128169999,16043297.345215494
2016,haredi,theft,reason_broad,other,True,1,11,1697.6490252,13129.465128169999,16043297.345215494
2016,haredi,theft,reason_broad,police_wont_help,True,4,11,4350.73737307,13129.465128169999,16043297.345215494
2016,haredi,violence_threat,reason_broad,handled_otherwise,True,1,7,998.18140427,7702.6131493699995,8516306.423687894
2016,haredi,violence_threat,reason_broad,not_worth_it,True,2,7,2134.1810226,7702.6131493699995,8516306.423687894
2016,haredi,violence_threat,reason_broad,other,True,0,7,0.0,7702.6131493699995,8516306.423687894
2016,haredi,violence_threat,reason_broad,police_wont_help,True,3,7,3480.1270562,7702.6131493699995,8516306.423687894
2016,haredi,violence_threat,reason_broad,shame_fear,True,1,7,1090.1236663,7702.6131493699995,8516306.423687894
2016,nonharedi_jew,cyber,reason_broad,handled_otherwise,True,36,123,38737.90041157999,141320.37002022,168133010.2523296
2016,nonharedi_jew,cyber,reason_broad,not_worth_it,True,33,123,37904.72888134001,141320.37002022,168133010.2523296
2016,nonharedi_jew,cyber,reason_broad,other,True,16,123,18951.460013570002,141320.37002022,168133010.2523296
2016,nonharedi_jew,cyber,reason_broad,police_wont_help,True,36,123,43015.139693829995,141320.37002022,168133010.2523296
2016,nonharedi_jew,cyber,reason_broad,shame_fear,True,2,123,2711.1410199,141320.37002022,168133010.2523296
2016,nonharedi_jew,sexual_harassment,reason_broad,handled_otherwise,True,4,78,4616.4737559000005,93999.57436336,117609118.89720684
2016,nonharedi_jew,sexual_harassment,reason_broad,not_worth_it,True,31,78,37435.46763326,93999.57436336,117609118.89720684
2016,nonharedi_jew,sexual_harassment,reason_broad,other,True,18,78,21743.652824989997,93999.57436336,117609118.89720684
2016,nonharedi_jew,sexual_harassment,reason_broad,police_wont_help,True,21,78,25605.53768202,93999.57436336,117609118.89720684
2016,nonharedi_jew,sexual_harassment,reason_broad,shame_fear,True,4,78,4598.44246719,93999.57436336,117609118.89720684
2016,nonharedi_jew,theft,reason_broad,handled_otherwise,True,9,87,10987.820692059999,100829.06899639998,122239091.31590593
2016,nonharedi_jew,theft,reason_broad,not_worth_it,True,19,87,20393.07595844,100829.06899639998,122239091.31590593
2016,nonharedi_jew,theft,reason_broad,other,True,9,87,10606.90199174,100829.06899639998,122239091.31590593
2016,nonharedi_jew,theft,reason_broad,police_wont_help,True,50,87,58841.270354160006,100829.06899639998,122239091.31590593
2016,nonharedi_jew,violence_threat,reason_broad,handled_otherwise,True,8,64,9452.456821669999,76907.82462552,95346906.38889858
2016,nonharedi_jew,violence_threat,reason_broad,not_worth_it,True,12,64,13570.15089802,76907.82462552,95346906.38889858
2016,nonharedi_jew,violence_threat,reason_broad,other,True,9,64,11518.861898329998,76907.82462552,95346906.38889858
2016,nonharedi_jew,violence_threat,reason_broad,police_wont_help,True,31,64,37830.0039315,76907.82462552,95346906.38889858
2016,nonharedi_jew,violence_threat,reason_broad,shame_fear,True,4,64,4536.351076,76907.82462552,95346906.38889858
2017,all_20plus,cyber,reason_broad,handled_otherwise,True,38,149,47151.309215479996,183667.76681003,237342012.621504
2017,all_20plus,cyber,reason_broad,not_worth_it,True,42,149,52891.812450900004,183667.76681003,237342012.621504
2017,all_20plus,cyber,reason_broad,other,True,20,149,25114.372702340002,183667.76681003,237342012.621504
2017,all_20plus,cyber,reason_broad,police_wont_help,True,48,149,56883.862098009995,183667.76681003,237342012.621504
2017,all_20plus,cyber,reason_broad,shame_fear,True,1,149,1626.4103433,183667.76681003,237342012.621504
2017,all_20plus,sexual_harassment,reason_broad,handled_otherwise,True,4,94,4761.40572497,117637.14258105001,155282766.05203423
2017,all_20plus,sexual_harassment,reason_broad,not_worth_it,True,36,94,44670.18779922,117637.14258105001,155282766.05203423
2017,all_20plus,sexual_harassment,reason_broad,other,True,17,94,22290.2590753,117637.14258105001,155282766.05203423
2017,all_20plus,sexual_harassment,reason_broad,police_wont_help,True,29,94,37979.14532224,117637.14258105001,155282766.05203423
2017,all_20plus,sexual_harassment,reason_broad,shame_fear,True,8,94,7936.14465932,117637.14258105001,155282766.05203423
2017,all_20plus,theft,reason_broad,handled_otherwise,True,13,93,15228.937877909999,111001.67167973,137601178.7679028
2017,all_20plus,theft,reason_broad,not_worth_it,True,23,93,25252.81979407,111001.67167973,137601178.7679028
2017,all_20plus,theft,reason_broad,other,True,4,93,4164.1092250500005,111001.67167973,137601178.7679028
2017,all_20plus,theft,reason_broad,police_wont_help,True,53,93,66355.8047827,111001.67167973,137601178.7679028
2017,all_20plus,violence_threat,reason_broad,handled_otherwise,True,15,93,16574.013992199998,110555.37888321001,136078039.77336356
2017,all_20plus,violence_threat,reason_broad,not_worth_it,True,19,93,23022.43957751,110555.37888321001,136078039.77336356
2017,all_20plus,violence_threat,reason_broad,other,True,6,93,7481.02335287,110555.37888321001,136078039.77336356
2017,all_20plus,violence_threat,reason_broad,police_wont_help,True,45,93,54380.779650569995,110555.37888321001,136078039.77336356
2017,all_20plus,violence_threat,reason_broad,shame_fear,True,8,93,9097.12231006,110555.37888321001,136078039.77336356
2017,haredi,cyber,reason_broad,handled_otherwise,True,1,6,1199.4606159,6853.5349649,7848325.936384871
2017,haredi,cyber,reason_broad,not_worth_it,True,3,6,3360.4511401000004,6853.5349649,7848325.936384871
2017,haredi,cyber,reason_broad,other,True,1,6,1090.7721985,6853.5349649,7848325.936384871
2017,haredi,cyber,reason_broad,police_wont_help,True,1,6,1202.8510104,6853.5349649,7848325.936384871
2017,haredi,cyber,reason_broad,shame_fear,True,0,6,0.0,6853.5349649,7848325.936384871
2017,haredi,sexual_harassment,reason_broad,handled_otherwise,True,0,1,0.0,1092.1325403,1192753.4855821312
2017,haredi,sexual_harassment,reason_broad,not_worth_it,True,1,1,1092.1325403,1092.1325403,1192753.4855821312
2017,haredi,sexual_harassment,reason_broad,other,True,0,1,0.0,1092.1325403,1192753.4855821312
2017,haredi,sexual_harassment,reason_broad,police_wont_help,True,0,1,0.0,1092.1325403,1192753.4855821312
2017,haredi,sexual_harassment,reason_broad,shame_fear,True,0,1,0.0,1092.1325403,1192753.4855821312
2017,haredi,theft,reason_broad,handled_otherwise,True,0,6,0.0,6944.01056778,8166847.144969804
2017,haredi,theft,reason_broad,not_worth_it,True,4,6,4427.67794038,6944.01056778,8166847.144969804
2017,haredi,theft,reason_broad,other,True,0,6,0.0,6944.01056778,8166847.144969804
2017,haredi,theft,reason_broad,police_wont_help,True,2,6,2516.3326274,6944.01056778,8166847.144969804
2017,haredi,violence_threat,reason_broad,handled_otherwise,True,3,12,3368.4138744,14678.99323852,18290080.90995982
2017,haredi,violence_threat,reason_broad,not_worth_it,True,4,12,5109.7474033,14678.99323852,18290080.90995982
2017,haredi,violence_threat,reason_broad,other,True,0,12,0.0,14678.99323852,18290080.90995982
2017,haredi,violence_threat,reason_broad,police_wont_help,True,4,12,4974.83550492,14678.99323852,18290080.90995982
2017,haredi,violence_threat,reason_broad,shame_fear,True,1,12,1225.9964559,14678.99323852,18290080.90995982
2017,nonharedi_jew,cyber,reason_broad,handled_otherwise,True,33,117,39883.17573058,142368.87597744,178093251.98776606
2017,nonharedi_jew,cyber,reason_broad,not_worth_it,True,30,117,37054.41671698,142368.87597744,178093251.98776606
2017,nonharedi_jew,cyber,reason_broad,other,True,17,117,21448.87501294,142368.87597744,178093251.98776606
2017,nonharedi_jew,cyber,reason_broad,police_wont_help,True,37,117,43982.40851693999,142368.87597744,178093251.98776606
2017,nonharedi_jew,cyber,reason_broad,shame_fear,True,0,117,0.0,142368.87597744,178093251.98776606
2017,nonharedi_jew,sexual_harassment,reason_broad,handled_otherwise,True,3,73,3806.2998502,93002.70245167999,122136477.85364363
2017,nonharedi_jew,sexual_harassment,reason_broad,not_worth_it,True,28,73,36140.488851019996,93002.70245167999,122136477.85364363
2017,nonharedi_jew,sexual_harassment,reason_broad,other,True,13,73,16760.47601026,93002.70245167999,122136477.85364363
2017,nonharedi_jew,sexual_harassment,reason_broad,police_wont_help,True,23,73,29732.301231729998,93002.70245167999,122136477.85364363
2017,nonharedi_jew,sexual_harassment,reason_broad,shame_fear,True,6,73,6563.13650847,93002.70245167999,122136477.85364363
2017,nonharedi_jew,theft,reason_broad,handled_otherwise,True,10,62,11521.6599245,72913.95242630999,87379262.36365837
2017,nonharedi_jew,theft,reason_broad,not_worth_it,True,11,62,12563.89341074,72913.95242630999,87379262.36365837
2017,nonharedi_jew,theft,reason_broad,other,True,3,62,3441.2858302000004,72913.95242630999,87379262.36365837
2017,nonharedi_jew,theft,reason_broad,police_wont_help,True,38,62,45387.11326087,72913.95242630999,87379262.36365837
2017,nonharedi_jew,violence_threat,reason_broad,handled_otherwise,True,11,68,12124.562269700002,83116.98158843,103999543.79818778
2017,nonharedi_jew,violence_threat,reason_broad,not_worth_it,True,13,68,16155.108488200001,83116.98158843,103999543.79818778
2017,nonharedi_jew,violence_threat,reason_broad,other,True,5,68,6714.7604159,83116.98158843,103999543.79818778
2017,nonharedi_jew,violence_threat,reason_broad,police_wont_help,True,34,68,42114.77221417,83116.98158843,103999543.79818778
2017,nonharedi_jew,violence_threat,reason_broad,shame_fear,True,5,68,6007.778200459999,83116.98158843,103999543.79818778
2018,all_20plus,cyber,reason_broad,handled_otherwise,True,23,157,25466.703253130003,170810.70408867,190766433.4214924
2018,all_20plus,cyber,reason_broad,not_worth_it,True,40,157,42314.87027235,170810.70408867,190766433.4214924
2018,all_20plus,cyber,reason_broad,other,True,30,157,34096.449330639996,170810.70408867,190766433.4214924
2018,all_20plus,cyber,reason_broad,police_wont_help,True,62,157,66588.15709031001,170810.70408867,190766433.4214924
2018,all_20plus,cyber,reason_broad,shame_fear,True,2,157,2344.52414224,170810.70408867,190766433.4214924
2018,all_20plus,sexual_harassment,reason_broad,handled_otherwise,True,8,127,8998.82980285,142614.23494436996,164418091.535367
2018,all_20plus,sexual_harassment,reason_broad,not_worth_it,True,48,127,53376.72271693,142614.23494436996,164418091.535367
2018,all_20plus,sexual_harassment,reason_broad,other,True,22,127,25169.507314980005,142614.23494436996,164418091.535367
2018,all_20plus,sexual_harassment,reason_broad,police_wont_help,True,36,127,39182.40893137,142614.23494436996,164418091.535367
2018,all_20plus,sexual_harassment,reason_broad,shame_fear,True,13,127,15886.76617824,142614.23494436996,164418091.535367
2018,all_20plus,theft,reason_broad,handled_otherwise,True,7,97,7683.3453114799995,112283.02029314001,134121593.36989135
2018,all_20plus,theft,reason_broad,not_worth_it,True,29,97,35657.2588583,112283.02029314001,134121593.36989135
2018,all_20plus,theft,reason_broad,other,True,14,97,15996.50261433,112283.02029314001,134121593.36989135
2018,all_20plus,theft,reason_broad,police_wont_help,True,47,97,52945.91350903,112283.02029314001,134121593.36989135
2018,all_20plus,violence_threat,reason_broad,handled_otherwise,True,11,94,12329.22948477,104731.53604452999,119535989.53106764
2018,all_20plus,violence_threat,reason_broad,not_worth_it,True,25,94,28052.63588252,104731.53604452999,119535989.53106764
2018,all_20plus,violence_threat,reason_broad,other,True,8,94,8265.15043637,104731.53604452999,119535989.53106764
2018,all_20plus,violence_threat,reason_broad,police_wont_help,True,43,94,48049.34637353,104731.53604452999,119535989.53106764
2018,all_20plus,violence_threat,reason_broad,shame_fear,True,7,94,8035.1738673400005,104731.53604452999,119535989.53106764
2018,haredi,cyber,reason_broad,handled_otherwise,True,2,5,2073.2957773,5485.545471799999,6042238.465360057
2018,haredi,cyber,reason_broad,not_worth_it,True,1,5,1091.6974862,5485.545471799999,6042238.465360057
2018,haredi,cyber,reason_broad,other,True,1,5,1094.5065782,5485.545471799999,6042238.465360057
2018,haredi,cyber,reason_broad,police_wont_help,True,1,5,1226.0456301,5485.545471799999,6042238.465360057
2018,haredi,cyber,reason_broad,shame_fear,True,0,5,0.0,5485.545471799999,6042238.465360057
2018,haredi,sexual_harassment,reason_broad,handled_otherwise,True,0,1,0.0,1275.4970183,1626892.6436921905
2018,haredi,sexual_harassment,reason_broad,not_worth_it,True,1,1,1275.4970183,1275.4970183,1626892.6436921905
2018,haredi,sexual_harassment,reason_broad,other,True,0,1,0.0,1275.4970183,1626892.6436921905
2018,haredi,sexual_harassment,reason_broad,police_wont_help,True,0,1,0.0,1275.4970183,1626892.6436921905
2018,haredi,sexual_harassment,reason_broad,shame_fear,True,0,1,0.0,1275.4970183,1626892.6436921905
2018,haredi,theft,reason_broad,handled_otherwise,True,0,8,0.0,8708.83313749,9636094.19472428
2018,haredi,theft,reason_broad,not_worth_it,True,5,8,5813.89975281,8708.83313749,9636094.19472428
2018,haredi,theft,reason_broad,other,True,0,8,0.0,8708.83313749,9636094.19472428
2018,haredi,theft,reason_broad,police_wont_help,True,3,8,2894.93338468,8708.83313749,9636094.19472428
2018,haredi,violence_threat,reason_broad,handled_otherwise,True,1,5,1162.9021838,5407.5983315,5950559.629265323
2018,haredi,violence_threat,reason_broad,not_worth_it,True,2,5,1850.2331805,5407.5983315,5950559.629265323
2018,haredi,violence_threat,reason_broad,other,True,0,5,0.0,5407.5983315,5950559.629265323
2018,haredi,violence_threat,reason_broad,police_wont_help,True,2,5,2394.4629672,5407.5983315,5950559.629265323
2018,haredi,violence_threat,reason_broad,shame_fear,True,0,5,0.0,5407.5983315,5950559.629265323
2018,nonharedi_jew,cyber,reason_broad,handled_otherwise,True,19,133,21184.22637083,143316.48176358,158439583.73046464
2018,nonharedi_jew,cyber,reason_broad,not_worth_it,True,36,133,37652.14902915,143316.48176358,158439583.73046464
2018,nonharedi_jew,cyber,reason_broad,other,True,25,133,27811.42816114,143316.48176358,158439583.73046464
2018,nonharedi_jew,cyber,reason_broad,police_wont_help,True,52,133,55191.35528916,143316.48176358,158439583.73046464
2018,nonharedi_jew,cyber,reason_broad,shame_fear,True,1,133,1477.3229133,143316.48176358,158439583.73046464
2018,nonharedi_jew,sexual_harassment,reason_broad,handled_otherwise,True,8,112,8998.82980285,125824.23019297,144785491.09189427
2018,nonharedi_jew,sexual_harassment,reason_broad,not_worth_it,True,45,112,50127.70831233999,125824.23019297,144785491.09189427
2018,nonharedi_jew,sexual_harassment,reason_broad,other,True,19,112,22494.5507778,125824.23019297,144785491.09189427
2018,nonharedi_jew,sexual_harassment,reason_broad,police_wont_help,True,29,112,31462.52847874,125824.23019297,144785491.09189427
2018,nonharedi_jew,sexual_harassment,reason_broad,shame_fear,True,11,112,12740.61282124,125824.23019297,144785491.09189427
2018,nonharedi_jew,theft,reason_broad,handled_otherwise,True,5,68,5116.66525068,77577.34323278,90502427.32844032
2018,nonharedi_jew,theft,reason_broad,not_worth_it,True,15,68,17682.25792476,77577.34323278,90502427.32844032
2018,nonharedi_jew,theft,reason_broad,other,True,13,68,14906.614284430001,77577.34323278,90502427.32844032
2018,nonharedi_jew,theft,reason_broad,police_wont_help,True,35,68,39871.80577291,77577.34323278,90502427.32844032
2018,nonharedi_jew,violence_threat,reason_broad,handled_otherwise,True,10,77,11166.32730097,86639.65114268,99660149.26103124
2018,nonharedi_jew,violence_threat,reason_broad,not_worth_it,True,20,77,23219.198511959996,86639.65114268,99660149.26103124
2018,nonharedi_jew,violence_threat,reason_broad,other,True,7,77,7173.28885027,86639.65114268,99660149.26103124
2018,nonharedi_jew,violence_threat,reason_broad,police_wont_help,True,35,77,39526.147146539995,86639.65114268,99660149.26103124
2018,nonharedi_jew,violence_threat,reason_broad,shame_fear,True,5,77,5554.68933294,86639.65114268,99660149.26103124
2019,all_20plus,cyber,reason_broad,handled_otherwise,True,50,173,56761.61730209,192833.27448666,221798449.40136358
2019,all_20plus,cyber,reason_broad,not_worth_it,True,43,173,46747.80908183,192833.27448666,221798449.40136358
2019,all_20plus,cyber,reason_broad,other,True,17,173,20084.511105089998,192833.27448666,221798449.40136358
2019,all_20plus,cyber,reason_broad,police_wont_help,True,58,173,64087.651272660005,192833.27448666,221798449.40136358
2019,all_20plus,cyber,reason_broad,shame_fear,True,5,173,5151.68572499,192833.27448666,221798449.40136358
2019,all_20plus,sexual_harassment,reason_broad,handled_otherwise,True,6,120,7129.600617030001,132256.19902681,149523685.80421042
2019,all_20plus,sexual_harassment,reason_broad,not_worth_it,True,57,120,63346.81821436,132256.19902681,149523685.80421042
2019,all_20plus,sexual_harassment,reason_broad,other,True,7,120,7260.250989450001,132256.19902681,149523685.80421042
2019,all_20plus,sexual_harassment,reason_broad,police_wont_help,True,42,120,45797.01741173,132256.19902681,149523685.80421042
2019,all_20plus,sexual_harassment,reason_broad,shame_fear,True,8,120,8722.51179424,132256.19902681,149523685.80421042
2019,all_20plus,theft,reason_broad,handled_otherwise,True,5,106,5514.6497703800005,123113.82773850001,148181208.8496644
2019,all_20plus,theft,reason_broad,not_worth_it,True,32,106,35918.35204706,123113.82773850001,148181208.8496644
2019,all_20plus,theft,reason_broad,other,True,4,106,4071.6700522700003,123113.82773850001,148181208.8496644
2019,all_20plus,theft,reason_broad,police_wont_help,True,65,106,77609.15586879,123113.82773850001,148181208.8496644
2019,all_20plus,violence_threat,reason_broad,handled_otherwise,True,10,89,12317.79504553,99756.71007366001,115554679.9584669
2019,all_20plus,violence_threat,reason_broad,not_worth_it,True,25,89,28317.11467627,99756.71007366001,115554679.9584669
2019,all_20plus,violence_threat,reason_broad,other,True,0,89,0.0,99756.71007366001,115554679.9584669
2019,all_20plus,violence_threat,reason_broad,police_wont_help,True,47,89,50763.73255768,99756.71007366001,115554679.9584669
2019,all_20plus,violence_threat,reason_broad,shame_fear,True,7,89,8358.06779418,99756.71007366001,115554679.9584669
2019,haredi,cyber,reason_broad,handled_otherwise,True,1,10,1051.3099071,10794.022992709999,11900572.651700705
2019,haredi,cyber,reason_broad,not_worth_it,True,4,10,4135.71976276,10794.022992709999,11900572.651700705
2019,haredi,cyber,reason_broad,other,True,1,10,1349.667484,10794.022992709999,11900572.651700705
2019,haredi,cyber,reason_broad,police_wont_help,True,3,10,3128.4370687500004,10794.022992709999,11900572.651700705
2019,haredi,cyber,reason_broad,shame_fear,True,1,10,1128.8887701,10794.022992709999,11900572.651700705
2019,haredi,sexual_harassment,reason_broad,handled_otherwise,True,0,7,0.0,7117.9421003,7351244.888900328
2019,haredi,sexual_harassment,reason_broad,not_worth_it,True,4,7,4118.12090576,7117.9421003,7351244.888900328
2019,haredi,sexual_harassment,reason_broad,other,True,0,7,0.0,7117.9421003,7351244.888900328
2019,haredi,sexual_harassment,reason_broad,police_wont_help,True,2,7,1869.44205284,7117.9421003,7351244.888900328
2019,haredi,sexual_harassment,reason_broad,shame_fear,True,1,7,1130.3791417,7117.9421003,7351244.888900328
2019,haredi,theft,reason_broad,handled_otherwise,True,0,15,0.0,16029.555404760002,17463183.636226304
2019,haredi,theft,reason_broad,not_worth_it,True,8,15,8295.16590551,16029.555404760002,17463183.636226304
2019,haredi,theft,reason_broad,other,True,0,15,0.0,16029.555404760002,17463183.636226304
2019,haredi,theft,reason_broad,police_wont_help,True,7,15,7734.38949925,16029.555404760002,17463183.636226304
2019,haredi,violence_threat,reason_broad,handled_otherwise,True,0,5,0.0,5114.35656736,5338326.031207862
2019,haredi,violence_threat,reason_broad,not_worth_it,True,0,5,0.0,5114.35656736,5338326.031207862
2019,haredi,violence_threat,reason_broad,other,True,0,5,0.0,5114.35656736,5338326.031207862
2019,haredi,violence_threat,reason_broad,police_wont_help,True,4,5,4213.90335438,5114.35656736,5338326.031207862
2019,haredi,violence_threat,reason_broad,shame_fear,True,1,5,900.45321298,5114.35656736,5338326.031207862
2019,nonharedi_jew,cyber,reason_broad,handled_otherwise,True,46,140,52569.876514580006,157982.04203597998,182209137.9920919
2019,nonharedi_jew,cyber,reason_broad,not_worth_it,True,36,140,40170.84015677,157982.04203597998,182209137.9920919
2019,nonharedi_jew,cyber,reason_broad,other,True,12,140,13304.82148544,157982.04203597998,182209137.9920919
2019,nonharedi_jew,cyber,reason_broad,police_wont_help,True,44,140,50161.38534283,157982.04203597998,182209137.9920919
2019,nonharedi_jew,cyber,reason_broad,shame_fear,True,2,140,1775.11853636,157982.04203597998,182209137.9920919
2019,nonharedi_jew,sexual_harassment,reason_broad,handled_otherwise,True,4,93,4141.99540363,102556.81016338,115669782.5679561
2019,nonharedi_jew,sexual_harassment,reason_broad,not_worth_it,True,43,93,48276.177126990005,102556.81016338,115669782.5679561
2019,nonharedi_jew,sexual_harassment,reason_broad,other,True,6,93,6524.7353018,102556.81016338,115669782.5679561
2019,nonharedi_jew,sexual_harassment,reason_broad,police_wont_help,True,36,93,39391.564396279995,102556.81016338,115669782.5679561
2019,nonharedi_jew,sexual_harassment,reason_broad,shame_fear,True,4,93,4222.337934679999,102556.81016338,115669782.5679561
2019,nonharedi_jew,theft,reason_broad,handled_otherwise,True,3,73,3165.4986139800003,83678.40443145999,98894458.15619615
2019,nonharedi_jew,theft,reason_broad,not_worth_it,True,20,73,22253.93146675,83678.40443145999,98894458.15619615
2019,nonharedi_jew,theft,reason_broad,other,True,4,73,4071.6700522700003,83678.40443145999,98894458.15619615
2019,nonharedi_jew,theft,reason_broad,police_wont_help,True,46,73,54187.30429846,83678.40443145999,98894458.15619615
2019,nonharedi_jew,violence_threat,reason_broad,handled_otherwise,True,9,73,11131.17898983,83440.02841171,98415374.621024
2019,nonharedi_jew,violence_threat,reason_broad,not_worth_it,True,22,73,25067.69626651,83440.02841171,98415374.621024
2019,nonharedi_jew,violence_threat,reason_broad,other,True,0,73,0.0,83440.02841171,98415374.621024
2019,nonharedi_jew,violence_threat,reason_broad,police_wont_help,True,38,73,42149.393981170004,83440.02841171,98415374.621024
2019,nonharedi_jew,violence_threat,reason_broad,shame_fear,True,4,73,5091.7591742,83440.02841171,98415374.621024
2020,all_20plus,cyber,reason_broad,handled_otherwise,True,62,174,67621.43114397,190374.8802373,215388431.54254034
2020,all_20plus,cyber,reason_broad,not_worth_it,True,41,174,44762.15570329,190374.8802373,215388431.54254034
2020,all_20plus,cyber,reason_broad,other,True,6,174,7715.55113272,190374.8802373,215388431.54254034
2020,all_20plus,cyber,reason_broad,police_wont_help,True,64,174,69163.06005812,190374.8802373,215388431.54254034
2020,all_20plus,cyber,reason_broad,shame_fear,True,1,174,1112.6821992,190374.8802373,215388431.54254034
2020,all_20plus,sexual_harassment,reason_broad,handled_otherwise,True,22,104,23728.796007489997,108947.6114967,119022063.11146602
2020,all_20plus,sexual_harassment,reason_broad,not_worth_it,True,25,104,26778.92230635,108947.6114967,119022063.11146602
2020,all_20plus,sexual_harassment,reason_broad,other,True,3,104,3405.8327030600003,108947.6114967,119022063.11146602
2020,all_20plus,sexual_harassment,reason_broad,police_wont_help,True,43,104,44988.27317326,108947.6114967,119022063.11146602
2020,all_20plus,sexual_harassment,reason_broad,shame_fear,True,11,104,10045.78730654,108947.6114967,119022063.11146602
2020,all_20plus,theft,reason_broad,handled_otherwise,True,10,72,10352.86833425,79235.77766353,89891584.51855382
2020,all_20plus,theft,reason_broad,not_worth_it,True,22,72,24989.60245836,79235.77766353,89891584.51855382
2020,all_20plus,theft,reason_broad,other,True,1,72,1143.6740534,79235.77766353,89891584.51855382
2020,all_20plus,theft,reason_broad,police_wont_help,True,39,72,42749.63281752,79235.77766353,89891584.51855382
2020,all_20plus,violence_threat,reason_broad,handled_otherwise,True,10,78,10440.63102516,85846.95194220002,97463936.26785463
2020,all_20plus,violence_threat,reason_broad,not_worth_it,True,17,78,19982.62998051,85846.95194220002,97463936.26785463
2020,all_20plus,violence_threat,reason_broad,other,True,6,78,6701.23222768,85846.95194220002,97463936.26785463
2020,all_20plus,violence_threat,reason_broad,police_wont_help,True,33,78,36913.78540173,85846.95194220002,97463936.26785463
2020,all_20plus,violence_threat,reason_broad,shame_fear,True,12,78,11808.67330712,85846.95194220002,97463936.26785463
2020,haredi,cyber,reason_broad,handled_otherwise,True,1,2,750.18459722,1936.78158712,1970789.346345874
2020,haredi,cyber,reason_broad,not_worth_it,True,0,2,0.0,1936.78158712,1970789.346345874
2020,haredi,cyber,reason_broad,other,True,0,2,0.0,1936.78158712,1970789.346345874
2020,haredi,cyber,reason_broad,police_wont_help,True,1,2,1186.5969899,1936.78158712,1970789.346345874
2020,haredi,cyber,reason_broad,shame_fear,True,0,2,0.0,1936.78158712,1970789.346345874
2020,haredi,sexual_harassment,reason_broad,handled_otherwise,True,0,2,0.0,1994.12411131,1994487.5491890416
2020,haredi,sexual_harassment,reason_broad,not_worth_it,True,1,2,1052.8386795,1994.12411131,1994487.5491890416
2020,haredi,sexual_harassment,reason_broad,other,True,0,2,0.0,1994.12411131,1994487.5491890416
2020,haredi,sexual_harassment,reason_broad,police_wont_help,True,1,2,941.28543181,1994.12411131,1994487.5491890416
2020,haredi,sexual_harassment,reason_broad,shame_fear,True,0,2,0.0,1994.12411131,1994487.5491890416
2020,haredi,theft,reason_broad,handled_otherwise,True,1,7,902.24970523,6982.11612911,7065637.09517791
2020,haredi,theft,reason_broad,not_worth_it,True,1,7,1052.8386795,6982.11612911,7065637.09517791
2020,haredi,theft,reason_broad,other,True,0,7,0.0,6982.11612911,7065637.09517791
2020,haredi,theft,reason_broad,police_wont_help,True,5,7,5027.02774438,6982.11612911,7065637.09517791
2020,haredi,violence_threat,reason_broad,handled_otherwise,True,0,7,0.0,6787.067959659999,6650836.215258231
2020,haredi,violence_threat,reason_broad,not_worth_it,True,1,7,898.56613838,6787.067959659999,6650836.215258231
2020,haredi,violence_threat,reason_broad,other,True,0,7,0.0,6787.067959659999,6650836.215258231
2020,haredi,violence_threat,reason_broad,police_wont_help,True,4,7,4159.1202435,6787.067959659999,6650836.215258231
2020,haredi,violence_threat,reason_broad,shame_fear,True,2,7,1729.38157778,6787.067959659999,6650836.215258231
2020,nonharedi_jew,cyber,reason_broad,handled_otherwise,True,52,151,56299.679107799995,165801.77098569,186942087.79548192
2020,nonharedi_jew,cyber,reason_broad,not_worth_it,True,38,151,41382.625549000004,165801.77098569,186942087.79548192
2020,nonharedi_jew,cyber,reason_broad,other,True,5,151,6627.63145402,165801.77098569,186942087.79548192
2020,nonharedi_jew,cyber,reason_broad,police_wont_help,True,55,151,60379.152675670004,165801.77098569,186942087.79548192
2020,nonharedi_jew,cyber,reason_broad,shame_fear,True,1,151,1112.6821992,165801.77098569,186942087.79548192
2020,nonharedi_jew,sexual_harassment,reason_broad,handled_otherwise,True,20,83,22125.47073548,88110.0131953,96522501.79522768
2020,nonharedi_jew,sexual_harassment,reason_broad,not_worth_it,True,19,83,19897.96681658,88110.0131953,96522501.79522768
2020,nonharedi_jew,sexual_harassment,reason_broad,other,True,2,83,2248.72609766,88110.0131953,96522501.79522768
2020,nonharedi_jew,sexual_harassment,reason_broad,police_wont_help,True,36,83,37915.04279504,88110.0131953,96522501.79522768
2020,nonharedi_jew,sexual_harassment,reason_broad,shame_fear,True,6,83,5922.80675054,88110.0131953,96522501.79522768
2020,nonharedi_jew,theft,reason_broad,handled_otherwise,True,8,53,8366.92770392,58210.90044840999,65722738.814625286
2020,nonharedi_jew,theft,reason_broad,not_worth_it,True,15,53,17477.56653782,58210.90044840999,65722738.814625286
2020,nonharedi_jew,theft,reason_broad,other,True,1,53,1143.6740534,58210.90044840999,65722738.814625286
2020,nonharedi_jew,theft,reason_broad,police_wont_help,True,29,53,31222.73215327,58210.90044840999,65722738.814625286
2020,nonharedi_jew,violence_threat,reason_broad,handled_otherwise,True,10,60,10440.63102516,66525.17607113,75779239.47282566
2020,nonharedi_jew,violence_threat,reason_broad,not_worth_it,True,13,60,15436.14210063,66525.17607113,75779239.47282566
2020,nonharedi_jew,violence_threat,reason_broad,other,True,4,60,4047.56300628,66525.17607113,75779239.47282566
2020,nonharedi_jew,violence_threat,reason_broad,police_wont_help,True,25,60,27978.22359843,66525.17607113,75779239.47282566
2020,nonharedi_jew,violence_threat,reason_broad,shame_fear,True,8,60,8622.61634063,66525.17607113,75779239.47282566
2021,all_20plus,cyber,reason_broad,handled_otherwise,True,118,323,131106.91772347,354261.84035331,401277703.76351464
2021,all_20plus,cyber,reason_broad,not_worth_it,True,68,323,73700.85877522001,354261.84035331,401277703.76351464
2021,all_20plus,cyber,reason_broad,other,True,21,323,22060.26353022,354261.84035331,401277703.76351464
2021,all_20plus,cyber,reason_broad,police_wont_help,True,113,323,123788.06131989999,354261.84035331,401277703.76351464
2021,all_20plus,cyber,reason_broad,shame_fear,True,3,323,3605.7390044999997,354261.84035331,401277703.76351464
2021,all_20plus,sexual_harassment,reason_broad,handled_otherwise,True,23,144,27298.91071796,163452.1012244,190543824.3575797
2021,all_20plus,sexual_harassment,reason_broad,not_worth_it,True,50,144,57392.93839217001,163452.1012244,190543824.3575797
2021,all_20plus,sexual_harassment,reason_broad,other,True,8,144,9510.95939956,163452.1012244,190543824.3575797
2021,all_20plus,sexual_harassment,reason_broad,police_wont_help,True,56,144,61109.44370208001,163452.1012244,190543824.3575797
2021,all_20plus,sexual_harassment,reason_broad,shame_fear,True,7,144,8139.84901263,163452.1012244,190543824.3575797
2021,all_20plus,theft,reason_broad,handled_otherwise,True,15,64,16183.74268295,72046.49743629,85415023.3865647
2021,all_20plus,theft,reason_broad,not_worth_it,True,15,64,16844.09636399,72046.49743629,85415023.3865647
2021,all_20plus,theft,reason_broad,other,True,2,64,2333.4334406999997,72046.49743629,85415023.3865647
2021,all_20plus,theft,reason_broad,police_wont_help,True,32,64,36685.22494865,72046.49743629,85415023.3865647
2021,all_20plus,violence_threat,reason_broad,handled_otherwise,True,13,116,14623.79232447,130943.58165053,153321531.12671325
2021,all_20plus,violence_threat,reason_broad,not_worth_it,True,32,116,36532.6520966,130943.58165053,153321531.12671325
2021,all_20plus,violence_threat,reason_broad,other,True,6,116,6060.266143090001,130943.58165053,153321531.12671325
2021,all_20plus,violence_threat,reason_broad,police_wont_help,True,59,116,67341.02992435,130943.58165053,153321531.12671325
2021,all_20plus,violence_threat,reason_broad,shame_fear,True,6,116,6385.84116202,130943.58165053,153321531.12671325
2021,haredi,cyber,reason_broad,handled_otherwise,True,9,22,10044.42538796,24840.82530732,28451951.497596204
2021,haredi,cyber,reason_broad,not_worth_it,True,4,22,4504.3911696,24840.82530732,28451951.497596204
2021,haredi,cyber,reason_broad,other,True,2,22,2578.5322999,24840.82530732,28451951.497596204
2021,haredi,cyber,reason_broad,police_wont_help,True,7,22,7713.47644986,24840.82530732,28451951.497596204
2021,haredi,cyber,reason_broad,shame_fear,True,0,22,0.0,24840.82530732,28451951.497596204
2021,haredi,sexual_harassment,reason_broad,handled_otherwise,True,3,6,3402.3003105000003,6141.02779214,6491785.620384956
2021,haredi,sexual_harassment,reason_broad,not_worth_it,True,1,6,731.92007173,6141.02779214,6491785.620384956
2021,haredi,sexual_harassment,reason_broad,other,True,0,6,0.0,6141.02779214,6491785.620384956
2021,haredi,sexual_harassment,reason_broad,police_wont_help,True,2,6,2006.80740991,6141.02779214,6491785.620384956
2021,haredi,sexual_harassment,reason_broad,shame_fear,True,0,6,0.0,6141.02779214,6491785.620384956
2021,haredi,theft,reason_broad,handled_otherwise,True,2,7,2326.8990454,8389.5264112,10066611.37910808
2021,haredi,theft,reason_broad,not_worth_it,True,3,7,3690.5489459,8389.5264112,10066611.37910808
2021,haredi,theft,reason_broad,other,True,0,7,0.0,8389.5264112,10066611.37910808
2021,haredi,theft,reason_broad,police_wont_help,True,2,7,2372.0784199,8389.5264112,10066611.37910808
2021,haredi,violence_threat,reason_broad,handled_otherwise,True,1,11,1062.8332235,12545.21576165,14444876.674931895
2021,haredi,violence_threat,reason_broad,not_worth_it,True,3,11,3581.1882835000006,12545.21576165,14444876.674931895
2021,haredi,violence_threat,reason_broad,other,True,0,11,0.0,12545.21576165,14444876.674931895
2021,haredi,violence_threat,reason_broad,police_wont_help,True,6,11,7006.077956800001,12545.21576165,14444876.674931895
2021,haredi,violence_threat,reason_broad,shame_fear,True,1,11,895.11629785,12545.21576165,14444876.674931895
2021,nonharedi_jew,cyber,reason_broad,handled_otherwise,True,100,270,109475.4152088,294627.80489732,329308123.02925146
2021,nonharedi_jew,cyber,reason_broad,not_worth_it,True,61,270,66367.62791925,294627.80489732,329308123.02925146
2021,nonharedi_jew,cyber,reason_broad,other,True,14,270,14196.684655549998,294627.80489732,329308123.02925146
2021,nonharedi_jew,cyber,reason_broad,police_wont_help,True,92,270,100982.33810922,294627.80489732,329308123.02925146
2021,nonharedi_jew,cyber,reason_broad,shame_fear,True,3,270,3605.7390044999997,294627.80489732,329308123.02925146
2021,nonharedi_jew,sexual_harassment,reason_broad,handled_otherwise,True,20,124,23896.610407459997,142489.59052628,167685304.06891155
2021,nonharedi_jew,sexual_harassment,reason_broad,not_worth_it,True,43,124,49842.13007436,142489.59052628,167685304.06891155
2021,nonharedi_jew,sexual_harassment,reason_broad,other,True,8,124,9510.95939956,142489.59052628,167685304.06891155
2021,nonharedi_jew,sexual_harassment,reason_broad,police_wont_help,True,46,124,51100.041632270004,142489.59052628,167685304.06891155
2021,nonharedi_jew,sexual_harassment,reason_broad,shame_fear,True,7,124,8139.84901263,142489.59052628,167685304.06891155
2021,nonharedi_jew,theft,reason_broad,handled_otherwise,True,10,47,10272.023290269999,51044.00199512,57458842.83880146
2021,nonharedi_jew,theft,reason_broad,not_worth_it,True,11,47,12376.561487500001,51044.00199512,57458842.83880146
2021,nonharedi_jew,theft,reason_broad,other,True,1,47,1120.4466576,51044.00199512,57458842.83880146
2021,nonharedi_jew,theft,reason_broad,police_wont_help,True,25,47,27274.97055975,51044.00199512,57458842.83880146
2021,nonharedi_jew,violence_threat,reason_broad,handled_otherwise,True,11,84,12534.99283427,93180.65551611,106009115.9091368
2021,nonharedi_jew,violence_threat,reason_broad,not_worth_it,True,19,84,20861.95415167,93180.65551611,106009115.9091368
2021,nonharedi_jew,violence_threat,reason_broad,other,True,5,84,4969.50607749,93180.65551611,106009115.9091368
2021,nonharedi_jew,violence_threat,reason_broad,police_wont_help,True,45,84,50419.75038931001,93180.65551611,106009115.9091368
2021,nonharedi_jew,violence_threat,reason_broad,shame_fear,True,4,84,4394.452063369999,93180.65551611,106009115.9091368
2022,all_20plus,cyber,reason_broad,handled_otherwise,True,132,362,164282.32024633,447824.41817526997,566661044.3140323
2022,all_20plus,cyber,reason_broad,not_worth_it,True,48,362,59882.515839520005,447824.41817526997,566661044.3140323
2022,all_20plus,cyber,reason_broad,other,True,17,362,19740.412980959998,447824.41817526997,566661044.3140323
2022,all_20plus,cyber,reason_broad,police_wont_help,True,131,362,161904.97098147002,447824.41817526997,566661044.3140323
2022,all_20plus,cyber,reason_broad,shame_fear,True,34,362,42014.19812699,447824.41817526997,566661044.3140323
2022,all_20plus,sexual_harassment,reason_broad,handled_otherwise,True,13,125,15367.33621963,154256.38902739,195040469.7032776
2022,all_20plus,sexual_harassment,reason_broad,not_worth_it,True,43,125,53764.58752120001,154256.38902739,195040469.7032776
2022,all_20plus,sexual_harassment,reason_broad,other,True,7,125,8803.725176599999,154256.38902739,195040469.7032776
2022,all_20plus,sexual_harassment,reason_broad,police_wont_help,True,56,125,68914.55531786,154256.38902739,195040469.7032776
2022,all_20plus,sexual_harassment,reason_broad,shame_fear,True,6,125,7406.184792100001,154256.38902739,195040469.7032776
2022,all_20plus,theft,reason_broad,handled_otherwise,True,3,71,4271.6599699,88122.89303400998,112219398.97682476
2022,all_20plus,theft,reason_broad,not_worth_it,True,20,71,24160.82595149,88122.89303400998,112219398.97682476
2022,all_20plus,theft,reason_broad,other,True,5,71,5556.941820580001,88122.89303400998,112219398.97682476
2022,all_20plus,theft,reason_broad,police_wont_help,True,43,71,54133.46529204,88122.89303400998,112219398.97682476
2022,all_20plus,violence_threat,reason_broad,handled_otherwise,True,10,104,12267.17299749,129792.12125218,166047165.37857863
2022,all_20plus,violence_threat,reason_broad,not_worth_it,True,22,104,26107.05385292,129792.12125218,166047165.37857863
2022,all_20plus,violence_threat,reason_broad,other,True,6,104,7344.4195986800005,129792.12125218,166047165.37857863
2022,all_20plus,violence_threat,reason_broad,police_wont_help,True,56,104,71553.81738691,129792.12125218,166047165.37857863
2022,all_20plus,violence_threat,reason_broad,shame_fear,True,10,104,12519.65741618,129792.12125218,166047165.37857863
2022,haredi,cyber,reason_broad,handled_otherwise,True,10,24,12142.29556879,28565.58388451,35292462.095873006
2022,haredi,cyber,reason_broad,not_worth_it,True,4,24,4775.5119817899995,28565.58388451,35292462.095873006
2022,haredi,cyber,reason_broad,other,True,1,24,1242.4730883,28565.58388451,35292462.095873006
2022,haredi,cyber,reason_broad,police_wont_help,True,7,24,8067.672613679999,28565.58388451,35292462.095873006
2022,haredi,cyber,reason_broad,shame_fear,True,2,24,2337.63063195,28565.58388451,35292462.095873006
2022,haredi,sexual_harassment,reason_broad,handled_otherwise,True,1,4,1292.1953269,4839.554036900001,5879726.876210271
2022,haredi,sexual_harassment,reason_broad,not_worth_it,True,0,4,0.0,4839.554036900001,5879726.876210271
2022,haredi,sexual_harassment,reason_broad,other,True,0,4,0.0,4839.554036900001,5879726.876210271
2022,haredi,sexual_harassment,reason_broad,police_wont_help,True,3,4,3547.3587100000004,4839.554036900001,5879726.876210271
2022,haredi,sexual_harassment,reason_broad,shame_fear,True,0,4,0.0,4839.554036900001,5879726.876210271
2022,haredi,theft,reason_broad,handled_otherwise,True,0,9,0.0,10946.017877780001,13719721.922249261
2022,haredi,theft,reason_broad,not_worth_it,True,2,9,2442.3835819,10946.017877780001,13719721.922249261
2022,haredi,theft,reason_broad,other,True,2,9,1781.0842842800002,10946.017877780001,13719721.922249261
2022,haredi,theft,reason_broad,police_wont_help,True,5,9,6722.5500116,10946.017877780001,13719721.922249261
2022,haredi,violence_threat,reason_broad,handled_otherwise,True,0,8,0.0,10048.4589412,12693479.907318702
2022,haredi,violence_threat,reason_broad,not_worth_it,True,3,8,3857.2409523000006,10048.4589412,12693479.907318702
2022,haredi,violence_threat,reason_broad,other,True,1,8,1236.5965146,10048.4589412,12693479.907318702
2022,haredi,violence_threat,reason_broad,police_wont_help,True,4,8,4954.6214743,10048.4589412,12693479.907318702
2022,haredi,violence_threat,reason_broad,shame_fear,True,0,8,0.0,10048.4589412,12693479.907318702
2022,nonharedi_jew,cyber,reason_broad,handled_otherwise,True,106,299,130316.66520294001,367756.17433184996,461565199.23782563
2022,nonharedi_jew,cyber,reason_broad,not_worth_it,True,39,299,48349.25826883,367756.17433184996,461565199.23782563
2022,nonharedi_jew,cyber,reason_broad,other,True,15,299,17217.02335576,367756.17433184996,461565199.23782563
2022,nonharedi_jew,cyber,reason_broad,police_wont_help,True,111,299,138007.83030538,367756.17433184996,461565199.23782563
2022,nonharedi_jew,cyber,reason_broad,shame_fear,True,28,299,33865.39719894,367756.17433184996,461565199.23782563
2022,nonharedi_jew,sexual_harassment,reason_broad,handled_otherwise,True,12,106,14075.140892730002,130426.56792422,164311377.01021394
2022,nonharedi_jew,sexual_harassment,reason_broad,not_worth_it,True,39,106,48265.5713789,130426.56792422,164311377.01021394
2022,nonharedi_jew,sexual_harassment,reason_broad,other,True,7,106,8803.725176599999,130426.56792422,164311377.01021394
2022,nonharedi_jew,sexual_harassment,reason_broad,police_wont_help,True,43,106,53360.489040989996,130426.56792422,164311377.01021394
2022,nonharedi_jew,sexual_harassment,reason_broad,shame_fear,True,5,106,5921.6414350000005,130426.56792422,164311377.01021394
2022,nonharedi_jew,theft,reason_broad,handled_otherwise,True,2,45,2494.4083077,55924.36495944,70786031.63489376
2022,nonharedi_jew,theft,reason_broad,not_worth_it,True,10,45,12627.332598,55924.36495944,70786031.63489376
2022,nonharedi_jew,theft,reason_broad,other,True,2,45,2413.5636729,55924.36495944,70786031.63489376
2022,nonharedi_jew,theft,reason_broad,police_wont_help,True,31,45,38389.06038084,55924.36495944,70786031.63489376
2022,nonharedi_jew,violence_threat,reason_broad,handled_otherwise,True,8,78,9896.885337939999,96965.58059848,123385353.1173065
2022,nonharedi_jew,violence_threat,reason_broad,not_worth_it,True,16,78,19079.09140161,96965.58059848,123385353.1173065
2022,nonharedi_jew,violence_threat,reason_broad,other,True,4,78,4592.05533078,96965.58059848,123385353.1173065
2022,nonharedi_jew,violence_threat,reason_broad,police_wont_help,True,40,78,50877.89111197,96965.58059848,123385353.1173065
2022,nonharedi_jew,violence_threat,reason_broad,shame_fear,True,10,78,12519.65741618,96965.58059848,123385353.1173065
2023,all_20plus,cyber,reason_broad,handled_otherwise,True,139,421,182244.41704288,546186.14480563,728353244.6943669
2023,all_20plus,cyber,reason_broad,not_worth_it,True,65,421,83854.87463105001,546186.14480563,728353244.6943669
2023,all_20plus,cyber,reason_broad,other,True,18,421,23441.9412464,546186.14480563,728353244.6943669
2023,all_20plus,cyber,reason_broad,police_wont_help,True,155,421,198426.74694598,546186.14480563,728353244.6943669
2023,all_20plus,cyber,reason_broad,shame_fear,True,44,421,58218.16493932,546186.14480563,728353244.6943669
2023,all_20plus,sexual_harassment,reason_broad,handled_otherwise,True,28,143,38037.672778529995,191340.96027697998,262956351.23964185
2023,all_20plus,sexual_harassment,reason_broad,not_worth_it,True,50,143,65779.73751847,191340.96027697998,262956351.23964185
2023,all_20plus,sexual_harassment,reason_broad,other,True,7,143,9303.91559894,191340.96027697998,262956351.23964185
2023,all_20plus,sexual_harassment,reason_broad,police_wont_help,True,52,143,68914.78563164,191340.96027697998,262956351.23964185
2023,all_20plus,sexual_harassment,reason_broad,shame_fear,True,6,143,9304.848749399998,191340.96027697998,262956351.23964185
2023,all_20plus,theft,reason_broad,handled_otherwise,True,12,95,15239.97033311,121503.08797302998,160807581.58312997
2023,all_20plus,theft,reason_broad,not_worth_it,True,18,95,23257.3037153,121503.08797302998,160807581.58312997
2023,all_20plus,theft,reason_broad,other,True,5,95,6957.6654914,121503.08797302998,160807581.58312997
2023,all_20plus,theft,reason_broad,police_wont_help,True,60,95,76048.14843322,121503.08797302998,160807581.58312997
2023,all_20plus,violence_threat,reason_broad,handled_otherwise,True,24,158,30396.34683412,207616.40054317,280419242.7180175
2023,all_20plus,violence_threat,reason_broad,not_worth_it,True,33,158,43391.63438088,207616.40054317,280419242.7180175
2023,all_20plus,violence_threat,reason_broad,other,True,4,158,5263.0033505,207616.40054317,280419242.7180175
2023,all_20plus,violence_threat,reason_broad,police_wont_help,True,87,158,115105.27526532,207616.40054317,280419242.7180175
2023,all_20plus,violence_threat,reason_broad,shame_fear,True,10,158,13460.140712350001,207616.40054317,280419242.7180175
2023,haredi,cyber,reason_broad,handled_otherwise,True,8,29,9947.8724942,34709.623245179995,42148712.30533092
2023,haredi,cyber,reason_broad,not_worth_it,True,5,29,6397.1351628,34709.623245179995,42148712.30533092
2023,haredi,cyber,reason_broad,other,True,1,29,1120.8444425,34709.623245179995,42148712.30533092
2023,haredi,cyber,reason_broad,police_wont_help,True,10,29,11359.35491878,34709.623245179995,42148712.30533092
2023,haredi,cyber,reason_broad,shame_fear,True,5,29,5884.416226900001,34709.623245179995,42148712.30533092
2023,haredi,sexual_harassment,reason_broad,handled_otherwise,True,1,7,878.62817272,8154.98257152,9750586.12664853
2023,haredi,sexual_harassment,reason_broad,not_worth_it,True,1,7,1288.1016649,8154.98257152,9750586.12664853
2023,haredi,sexual_harassment,reason_broad,other,True,0,7,0.0,8154.98257152,9750586.12664853
2023,haredi,sexual_harassment,reason_broad,police_wont_help,True,4,7,4639.0708283,8154.98257152,9750586.12664853
2023,haredi,sexual_harassment,reason_broad,shame_fear,True,1,7,1349.1819056,8154.98257152,9750586.12664853
2023,haredi,theft,reason_broad,handled_otherwise,True,2,13,1919.74248592,16018.256524839999,20889663.721252598
2023,haredi,theft,reason_broad,not_worth_it,True,3,13,3843.924247,16018.256524839999,20889663.721252598
2023,haredi,theft,reason_broad,other,True,1,13,1521.9415545,16018.256524839999,20889663.721252598
2023,haredi,theft,reason_broad,police_wont_help,True,7,13,8732.64823742,16018.256524839999,20889663.721252598
2023,haredi,violence_threat,reason_broad,handled_otherwise,True,4,19,4707.3546858,23692.094418499997,30464014.78402971
2023,haredi,violence_threat,reason_broad,not_worth_it,True,3,19,3561.2430759999997,23692.094418499997,30464014.78402971
2023,haredi,violence_threat,reason_broad,other,True,0,19,0.0,23692.094418499997,30464014.78402971
2023,haredi,violence_threat,reason_broad,police_wont_help,True,12,19,15423.496656700001,23692.094418499997,30464014.78402971
2023,haredi,violence_threat,reason_broad,shame_fear,True,0,19,0.0,23692.094418499997,30464014.78402971
2023,nonharedi_jew,cyber,reason_broad,handled_otherwise,True,117,338,153055.83802039002,439073.49731276,582869807.7948852
2023,nonharedi_jew,cyber,reason_broad,not_worth_it,True,50,338,65013.062521960004,439073.49731276,582869807.7948852
2023,nonharedi_jew,cyber,reason_broad,other,True,14,338,17230.033381700003,439073.49731276,582869807.7948852
2023,nonharedi_jew,cyber,reason_broad,police_wont_help,True,126,338,161866.58375583997,439073.49731276,582869807.7948852
2023,nonharedi_jew,cyber,reason_broad,shame_fear,True,31,338,41907.97963287,439073.49731276,582869807.7948852
2023,nonharedi_jew,sexual_harassment,reason_broad,handled_otherwise,True,21,117,29437.668496799997,157541.98260105,217197839.12555408
2023,nonharedi_jew,sexual_harassment,reason_broad,not_worth_it,True,44,117,57813.342721470006,157541.98260105,217197839.12555408
2023,nonharedi_jew,sexual_harassment,reason_broad,other,True,6,117,8041.083693140001,157541.98260105,217197839.12555408
2023,nonharedi_jew,sexual_harassment,reason_broad,police_wont_help,True,43,117,57349.43385564,157541.98260105,217197839.12555408
2023,nonharedi_jew,sexual_harassment,reason_broad,shame_fear,True,3,117,4900.453834,157541.98260105,217197839.12555408
2023,nonharedi_jew,theft,reason_broad,handled_otherwise,True,7,62,9271.02045412,78478.16618552,102342836.52369328
2023,nonharedi_jew,theft,reason_broad,not_worth_it,True,9,62,11118.7586742,78478.16618552,102342836.52369328
2023,nonharedi_jew,theft,reason_broad,other,True,3,62,3885.2291151,78478.16618552,102342836.52369328
2023,nonharedi_jew,theft,reason_broad,police_wont_help,True,43,62,54203.1579421,78478.16618552,102342836.52369328
2023,nonharedi_jew,violence_threat,reason_broad,handled_otherwise,True,15,114,19144.3715935,150801.34896885,204632998.03008428
2023,nonharedi_jew,violence_threat,reason_broad,not_worth_it,True,26,114,33847.27504398,150801.34896885,204632998.03008428
2023,nonharedi_jew,violence_threat,reason_broad,other,True,3,114,3995.6926874,150801.34896885,204632998.03008428
2023,nonharedi_jew,violence_threat,reason_broad,police_wont_help,True,64,114,86206.60363422,150801.34896885,204632998.03008428
2023,nonharedi_jew,violence_threat,reason_broad,shame_fear,True,6,114,7607.4060097500005,150801.34896885,204632998.03008428
2024,all_20plus,cyber,reason_broad,handled_otherwise,True,188,388,243227.5745163,501739.3162058,664736379.7163253
2024,all_20plus,cyber,reason_broad,not_worth_it,True,43,388,54653.08210380001,501739.3162058,664736379.7163253
2024,all_20plus,cyber,reason_broad,other,True,8,388,9971.250807,501739.3162058,664736379.7163253
2024,all_20plus,cyber,reason_broad,police_wont_help,True,103,388,135000.6037873,501739.3162058,664736379.7163253
2024,all_20plus,cyber,reason_broad,shame_fear,True,46,388,58886.80499139999,501739.3162058,664736379.7163253
2024,all_20plus,sexual_harassment,reason_broad,handled_otherwise,True,29,108,37968.300070799996,143884.17295900002,198248369.57797527
2024,all_20plus,sexual_harassment,reason_broad,not_worth_it,True,28,108,37459.3756724,143884.17295900002,198248369.57797527
2024,all_20plus,sexual_harassment,reason_broad,other,True,2,108,2756.461663,143884.17295900002,198248369.57797527
2024,all_20plus,sexual_harassment,reason_broad,police_wont_help,True,39,108,52968.2253221,143884.17295900002,198248369.57797527
2024,all_20plus,sexual_harassment,reason_broad,shame_fear,True,10,108,12731.810230699999,143884.17295900002,198248369.57797527
2024,all_20plus,theft,reason_broad,handled_otherwise,True,16,65,22290.1151504,86848.54697909999,119997732.94641207
2024,all_20plus,theft,reason_broad,not_worth_it,True,15,65,18656.9631089,86848.54697909999,119997732.94641207
2024,all_20plus,theft,reason_broad,other,True,1,65,1566.714686,86848.54697909999,119997732.94641207
2024,all_20plus,theft,reason_broad,police_wont_help,True,33,65,44334.754033799996,86848.54697909999,119997732.94641207
2024,all_20plus,violence_threat,reason_broad,handled_otherwise,True,21,128,28085.1994809,170328.3254411,233815920.2534415
2024,all_20plus,violence_threat,reason_broad,not_worth_it,True,35,128,46714.75246629999,170328.3254411,233815920.2534415
2024,all_20plus,violence_threat,reason_broad,other,True,5,128,6520.448355399999,170328.3254411,233815920.2534415
2024,all_20plus,violence_threat,reason_broad,police_wont_help,True,55,128,73533.472314,170328.3254411,233815920.2534415
2024,all_20plus,violence_threat,reason_broad,shame_fear,True,12,128,15474.452824499998,170328.3254411,233815920.2534415
2024,haredi,cyber,reason_broad,handled_otherwise,True,8,24,9983.682820999999,28008.949979799996,33071009.074382152
2024,haredi,cyber,reason_broad,not_worth_it,True,4,24,4486.8364845,28008.949979799996,33071009.074382152
2024,haredi,cyber,reason_broad,other,True,1,24,1131.148724,28008.949979799996,33071009.074382152
2024,haredi,cyber,reason_broad,police_wont_help,True,5,24,5706.3503439999995,28008.949979799996,33071009.074382152
2024,haredi,cyber,reason_broad,shame_fear,True,6,24,6700.931606299999,28008.949979799996,33071009.074382152
2024,haredi,sexual_harassment,reason_broad,handled_otherwise,True,2,7,2394.551714,8468.626660999998,10299423.552295342
2024,haredi,sexual_harassment,reason_broad,not_worth_it,True,1,7,1290.530033,8468.626660999998,10299423.552295342
2024,haredi,sexual_harassment,reason_broad,other,True,0,7,0.0,8468.626660999998,10299423.552295342
2024,haredi,sexual_harassment,reason_broad,police_wont_help,True,4,7,4783.544914,8468.626660999998,10299423.552295342
2024,haredi,sexual_harassment,reason_broad,shame_fear,True,0,7,0.0,8468.626660999998,10299423.552295342
2024,haredi,theft,reason_broad,handled_otherwise,True,0,10,0.0,13397.137282999998,18132090.44682095
2024,haredi,theft,reason_broad,not_worth_it,True,3,10,3963.321801,13397.137282999998,18132090.44682095
2024,haredi,theft,reason_broad,other,True,1,10,1566.714686,13397.137282999998,18132090.44682095
2024,haredi,theft,reason_broad,police_wont_help,True,6,10,7867.100795999999,13397.137282999998,18132090.44682095
2024,haredi,violence_threat,reason_broad,handled_otherwise,True,5,22,6553.002026,28315.766947,36933278.00582909
2024,haredi,violence_threat,reason_broad,not_worth_it,True,6,22,8154.663462,28315.766947,36933278.00582909
2024,haredi,violence_threat,reason_broad,other,True,1,22,1380.601819,28315.766947,36933278.00582909
2024,haredi,violence_threat,reason_broad,police_wont_help,True,8,22,9952.936064000001,28315.766947,36933278.00582909
2024,haredi,violence_threat,reason_broad,shame_fear,True,2,22,2274.563576,28315.766947,36933278.00582909
2024,nonharedi_jew,cyber,reason_broad,handled_otherwise,True,167,329,216857.7269588,428388.68776470004,568591609.7162266
2024,nonharedi_jew,cyber,reason_broad,not_worth_it,True,36,329,46445.811088,428388.68776470004,568591609.7162266
2024,nonharedi_jew,cyber,reason_broad,other,True,6,329,7828.151218,428388.68776470004,568591609.7162266
2024,nonharedi_jew,cyber,reason_broad,police_wont_help,True,84,329,110773.97464580002,428388.68776470004,568591609.7162266
2024,nonharedi_jew,cyber,reason_broad,shame_fear,True,36,329,46483.0238541,428388.68776470004,568591609.7162266
2024,nonharedi_jew,sexual_harassment,reason_broad,handled_otherwise,True,24,92,32672.310321000004,125770.5911243,176746135.58587894
2024,nonharedi_jew,sexual_harassment,reason_broad,not_worth_it,True,27,92,36168.845639399995,125770.5911243,176746135.58587894
2024,nonharedi_jew,sexual_harassment,reason_broad,other,True,1,92,1799.038581,125770.5911243,176746135.58587894
2024,nonharedi_jew,sexual_harassment,reason_broad,police_wont_help,True,31,92,43315.619685900005,125770.5911243,176746135.58587894
2024,nonharedi_jew,sexual_harassment,reason_broad,shame_fear,True,9,92,11814.776897000002,125770.5911243,176746135.58587894
2024,nonharedi_jew,theft,reason_broad,handled_otherwise,True,8,41,10390.163467,53886.42848360001,72504928.72047837
2024,nonharedi_jew,theft,reason_broad,not_worth_it,True,9,41,11411.7036668,53886.42848360001,72504928.72047837
2024,nonharedi_jew,theft,reason_broad,other,True,0,41,0.0,53886.42848360001,72504928.72047837
2024,nonharedi_jew,theft,reason_broad,police_wont_help,True,24,41,32084.561349800002,53886.42848360001,72504928.72047837
2024,nonharedi_jew,violence_threat,reason_broad,handled_otherwise,True,13,91,17761.342753999998,123486.6835659,171488843.71940517
2024,nonharedi_jew,violence_threat,reason_broad,not_worth_it,True,23,91,32585.194635,123486.6835659,171488843.71940517
2024,nonharedi_jew,violence_threat,reason_broad,other,True,3,91,3800.9383054,123486.6835659,171488843.71940517
2024,nonharedi_jew,violence_threat,reason_broad,police_wont_help,True,44,91,59085.254389,123486.6835659,171488843.71940517
2024,nonharedi_jew,violence_threat,reason_broad,shame_fear,True,8,91,10253.9534825,123486.6835659,171488843.71940517
2025,all_20plus,cyber,reason_broad,handled_otherwise,True,181,372,224838.96874028,471235.55367416,618607389.7167604
2025,all_20plus,cyber,reason_broad,not_worth_it,True,34,372,43800.0824622,471235.55367416,618607389.7167604
2025,all_20plus,cyber,reason_broad,other,True,14,372,18775.2451359,471235.55367416,618607389.7167604
2025,all_20plus,cyber,reason_broad,police_wont_help,True,102,372,132674.20334678,471235.55367416,618607389.7167604
2025,all_20plus,cyber,reason_broad,shame_fear,True,41,372,51147.05398899999,471235.55367416,618607389.7167604
2025,all_20plus,sexual_harassment,reason_broad,handled_otherwise,True,27,115,35498.10789972,145086.70041696,191290531.0557066
2025,all_20plus,sexual_harassment,reason_broad,not_worth_it,True,42,115,52517.094736729996,145086.70041696,191290531.0557066
2025,all_20plus,sexual_harassment,reason_broad,other,True,4,115,5151.6223185,145086.70041696,191290531.0557066
2025,all_20plus,sexual_harassment,reason_broad,police_wont_help,True,34,115,41425.41578781,145086.70041696,191290531.0557066
2025,all_20plus,sexual_harassment,reason_broad,shame_fear,True,8,115,10494.4596742,145086.70041696,191290531.0557066
2025,all_20plus,theft,reason_broad,handled_otherwise,True,21,93,23752.389610500002,120258.59513586,163869499.28789407
2025,all_20plus,theft,reason_broad,not_worth_it,True,23,93,32353.126034529996,120258.59513586,163869499.28789407
2025,all_20plus,theft,reason_broad,other,True,2,93,2233.7143985000002,120258.59513586,163869499.28789407
2025,all_20plus,theft,reason_broad,police_wont_help,True,47,93,61919.36509233,120258.59513586,163869499.28789407
2025,all_20plus,violence_threat,reason_broad,handled_otherwise,True,25,114,31249.043791199998,141052.68029483999,180528904.11576465
2025,all_20plus,violence_threat,reason_broad,not_worth_it,True,25,114,31316.11247293,141052.68029483999,180528904.11576465
2025,all_20plus,violence_threat,reason_broad,other,True,6,114,8005.0365022000005,141052.68029483999,180528904.11576465
2025,all_20plus,violence_threat,reason_broad,police_wont_help,True,51,114,60946.39865051,141052.68029483999,180528904.11576465
2025,all_20plus,violence_threat,reason_broad,shame_fear,True,7,114,9536.088878000002,141052.68029483999,180528904.11576465
2025,haredi,cyber,reason_broad,handled_otherwise,True,13,26,17487.1782961,34553.726803800004,46791733.22367073
2025,haredi,cyber,reason_broad,not_worth_it,True,3,26,4165.7639712,34553.726803800004,46791733.22367073
2025,haredi,cyber,reason_broad,other,True,4,26,5349.254735799999,34553.726803800004,46791733.22367073
2025,haredi,cyber,reason_broad,police_wont_help,True,3,26,3832.1227805,34553.726803800004,46791733.22367073
2025,haredi,cyber,reason_broad,shame_fear,True,3,26,3719.4070202000003,34553.726803800004,46791733.22367073
2025,haredi,sexual_harassment,reason_broad,handled_otherwise,True,0,4,0.0,4871.5971483,5994919.703003524
2025,haredi,sexual_harassment,reason_broad,not_worth_it,True,3,4,3646.3439940999997,4871.5971483,5994919.703003524
2025,haredi,sexual_harassment,reason_broad,other,True,0,4,0.0,4871.5971483,5994919.703003524
2025,haredi,sexual_harassment,reason_broad,police_wont_help,True,1,4,1225.2531542,4871.5971483,5994919.703003524
2025,haredi,sexual_harassment,reason_broad,shame_fear,True,0,4,0.0,4871.5971483,5994919.703003524
2025,haredi,theft,reason_broad,handled_otherwise,True,4,13,4605.30126731,15974.89956811,19833853.868742377
2025,haredi,theft,reason_broad,not_worth_it,True,3,13,3781.8189340999998,15974.89956811,19833853.868742377
2025,haredi,theft,reason_broad,other,True,0,13,0.0,15974.89956811,19833853.868742377
2025,haredi,theft,reason_broad,police_wont_help,True,6,13,7587.7793667,15974.89956811,19833853.868742377
2025,haredi,violence_threat,reason_broad,handled_otherwise,True,3,11,3386.2344267999997,12668.72057203,15264797.740435194
2025,haredi,violence_threat,reason_broad,not_worth_it,True,2,11,1902.61166423,12668.72057203,15264797.740435194
2025,haredi,violence_threat,reason_broad,other,True,0,11,0.0,12668.72057203,15264797.740435194
2025,haredi,violence_threat,reason_broad,police_wont_help,True,6,11,7379.874481000001,12668.72057203,15264797.740435194
2025,haredi,violence_threat,reason_broad,shame_fear,True,0,11,0.0,12668.72057203,15264797.740435194
2025,nonharedi_jew,cyber,reason_broad,handled_otherwise,True,140,299,175850.89800168,381661.65316041,503523413.9640472
2025,nonharedi_jew,cyber,reason_broad,not_worth_it,True,29,299,37020.9277278,381661.65316041,503523413.9640472
2025,nonharedi_jew,cyber,reason_broad,other,True,10,299,13425.990400100001,381661.65316041,503523413.9640472
2025,nonharedi_jew,cyber,reason_broad,police_wont_help,True,89,299,116040.98882943,381661.65316041,503523413.9640472
2025,nonharedi_jew,cyber,reason_broad,shame_fear,True,31,299,39322.8482014,381661.65316041,503523413.9640472
2025,nonharedi_jew,sexual_harassment,reason_broad,handled_otherwise,True,21,93,27916.15025562,118586.18372319,157482068.6606075
2025,nonharedi_jew,sexual_harassment,reason_broad,not_worth_it,True,33,93,42215.9510151,118586.18372319,157482068.6606075
2025,nonharedi_jew,sexual_harassment,reason_broad,other,True,2,93,2216.6162195999996,118586.18372319,157482068.6606075
2025,nonharedi_jew,sexual_harassment,reason_broad,police_wont_help,True,31,93,38140.41961817,118586.18372319,157482068.6606075
2025,nonharedi_jew,sexual_harassment,reason_broad,shame_fear,True,6,93,8097.046614700001,118586.18372319,157482068.6606075
2025,nonharedi_jew,theft,reason_broad,handled_otherwise,True,12,66,14667.62731117,89148.62613470003,126754234.94973871
2025,nonharedi_jew,theft,reason_broad,not_worth_it,True,19,66,26985.898346429996,89148.62613470003,126754234.94973871
2025,nonharedi_jew,theft,reason_broad,other,True,1,66,1206.5338445,89148.62613470003,126754234.94973871
2025,nonharedi_jew,theft,reason_broad,police_wont_help,True,34,66,46288.56663260001,89148.62613470003,126754234.94973871
2025,nonharedi_jew,violence_threat,reason_broad,handled_otherwise,True,14,79,18850.4245998,100885.04060594,132215234.73395059
2025,nonharedi_jew,violence_threat,reason_broad,not_worth_it,True,19,79,24933.2180079,100885.04060594,132215234.73395059
2025,nonharedi_jew,violence_threat,reason_broad,other,True,5,79,6869.5788785,100885.04060594,132215234.73395059
2025,nonharedi_jew,violence_threat,reason_broad,police_wont_help,True,35,79,42362.08004234,100885.04060594,132215234.73395059
2025,nonharedi_jew,violence_threat,reason_broad,shame_fear,True,6,79,7869.7390774000005,100885.04060594,132215234.73395059
2015,all_20plus,all_personal,reported,yes,True,148,689,166954.11581932,790283.31406174,967363266.1238275
2015,haredi,all_personal,reported,yes,True,13,41,15943.08282138,47345.35598986001,58268798.878702834
2015,nonharedi_jew,all_personal,reported,yes,True,109,545,120515.57592311001,607584.63445142,712342839.0484388
2016,all_20plus,all_personal,reported,yes,True,143,615,167423.44559404,725341.96912623,891811574.4833901
2016,haredi,all_personal,reported,yes,True,9,35,9920.086770539998,40316.35692019,47407978.988733456
2016,nonharedi_jew,all_personal,reported,yes,True,110,465,125908.06902678999,542233.88234309,655936639.1967001
2017,all_20plus,all_personal,reported,yes,True,160,594,198542.06779335998,726112.83310488,925531132.3974051
2017,haredi,all_personal,reported,yes,True,8,33,9427.00929934,38995.680610840005,46833846.193113826
2017,nonharedi_jew,all_personal,reported,yes,True,118,441,144672.01506713,539216.89145916,676269885.1776527
2018,all_20plus,all_personal,reported,yes,True,173,653,192503.17227842,728488.60543404,840123383.0357533
2018,haredi,all_personal,reported,yes,True,10,30,11388.370420969999,33540.098959459996,38245536.314561926
2018,nonharedi_jew,all_personal,reported,yes,True,128,522,139334.91623657,576964.30577409,654049033.5312018
2019,all_20plus,all_personal,reported,yes,True,166,662,183274.16210593,739970.27351046,857972000.6993539
2019,haredi,all_personal,reported,yes,True,19,56,19495.60125142,58551.47831655,62255793.87414106
2019,nonharedi_jew,all_personal,reported,yes,True,100,487,111855.80998694,548249.19510837,634811399.1896962
2020,all_20plus,all_personal,reported,yes,True,119,550,134963.56623951002,602365.34805778,684895629.2280593
2020,haredi,all_personal,reported,yes,True,8,26,8211.91432848,25912.00411568,26199797.49197808
2020,nonharedi_jew,all_personal,reported,yes,True,79,429,88844.18673454001,470488.60791361006,530064669.9830084
2021,all_20plus,all_personal,reported,yes,True,132,780,152995.74645128,874396.6753046201,1022075839.2473333
2021,haredi,all_personal,reported,yes,True,7,53,7457.547659430001,59374.14293174,67544049.5672409
2021,nonharedi_jew,all_personal,reported,yes,True,90,616,101554.56955100999,683593.53067465,779130308.309857
2022,all_20plus,all_personal,reported,yes,True,142,810,173003.04975435,999924.8426721899,1265534612.80666
2022,haredi,all_personal,reported,yes,True,9,54,10378.31058849,64777.92532888,79710827.8317888
2022,nonharedi_jew,all_personal,reported,yes,True,93,626,112004.59683001,769214.1951264,966293789.5433772
2023,all_20plus,all_personal,reported,yes,True,165,987,217172.1240744,1289504.0146044502,1735169366.2482162
2023,haredi,all_personal,reported,yes,True,10,79,14152.7512036,97587.51647387998,124894600.90181687
2023,nonharedi_jew,all_personal,reported,yes,True,125,760,165400.11225342003,996120.5957425999,1337015948.994058
2024,all_20plus,all_personal,reported,yes,True,140,829,177479.4258158,1080279.7874008,1449407820.6698241
2024,haredi,all_personal,reported,yes,True,6,69,7575.916529,85766.39739979999,108106812.92124033
2024,nonharedi_jew,all_personal,reported,yes,True,105,658,134014.2420435,865546.632982,1164984477.2077277
2025,all_20plus,all_personal,reported,yes,True,161,858,195898.5963329,1078231.94980762,1411904611.490731
2025,haredi,all_personal,reported,yes,True,6,60,7273.533266,75342.47735824,96748614.00589342
2025,nonharedi_jew,all_personal,reported,yes,True,108,647,137200.45445933,830380.23127507,1105035222.2437854
2015,all_20plus,all_personal_excl_cyber,reported,yes,True,125,488,142746.59896757,562290.47583824,693139993.2800328
2015,haredi,all_personal_excl_cyber,reported,yes,True,10,33,12126.3717961,38227.57279964,47477019.47970707
2015,nonharedi_jew,all_personal_excl_cyber,reported,yes,True,89,376,100124.77009664,419622.9918069,492051966.8479429
2016,all_20plus,all_personal_excl_cyber,reported,yes,True,127,439,149461.97633794002,520889.61366262997,644769956.2384936
2016,haredi,all_personal_excl_cyber,reported,yes,True,9,30,9920.086770539998,34487.55543708,40442586.52119258
2016,nonharedi_jew,all_personal_excl_cyber,reported,yes,True,97,329,111605.37042989,386610.81372597005,471722330.2895481
2017,all_20plus,all_personal_excl_cyber,reported,yes,True,136,420,168140.81927857996,510894.48121046997,647011827.8474767
2017,haredi,all_personal_excl_cyber,reported,yes,True,7,26,8113.51958574,30828.65593234,37260265.028995946
2017,nonharedi_jew,all_personal_excl_cyber,reported,yes,True,101,306,123657.32614939999,374683.98999439005,470290357.973863
2018,all_20plus,all_personal_excl_cyber,reported,yes,True,153,473,171474.65389080998,533078.3835446599,620577927.6844108
2018,haredi,all_personal_excl_cyber,reported,yes,True,10,24,11388.370420969999,26780.298908259996,30579573.116079997
2018,nonharedi_jew,all_personal_excl_cyber,reported,yes,True,112,371,122823.92405934999,414840.0869995899,475550572.25254065
2019,all_20plus,all_personal_excl_cyber,reported,yes,True,139,461,153780.41104084,516596.56089611,599891681.4581672
2019,haredi,all_personal_excl_cyber,reported,yes,True,17,44,17084.13940342,45345.99347584,47440871.82445695
2019,nonharedi_jew,all_personal_excl_cyber,reported,yes,True,85,331,94484.81714030998,371849.47316316003,430250067.4146404
2020,all_20plus,all_personal_excl_cyber,reported,yes,True,102,357,116695.06796164002,391805.20148926997,447501274.5069258
2020,haredi,all_personal_excl_cyber,reported,yes,True,8,24,8211.91432848,23975.22252856,24229008.145632207
2020,nonharedi_jew,all_personal_excl_cyber,reported,yes,True,65,262,73324.07331652,287249.95545656,323821415.05119574
2021,all_20plus,all_personal_excl_cyber,reported,yes,True,113,438,130981.50593987,498120.5944399,594061826.5093068
2021,haredi,all_personal_excl_cyber,reported,yes,True,7,31,7457.547659430001,34533.31762442,39092098.06964469
2021,nonharedi_jew,all_personal_excl_cyber,reported,yes,True,74,330,83749.8624292,371161.01865552005,429394832.9575616
2022,all_20plus,all_personal_excl_cyber,reported,yes,True,116,421,140158.26655743003,517879.75131079997,654407352.454066
2022,haredi,all_personal_excl_cyber,reported,yes,True,9,30,10378.31058849,36212.34144437,44418365.73591579
2022,nonharedi_jew,all_personal_excl_cyber,reported,yes,True,74,307,88324.14711676001,376401.6810921,472697758.00327843
2023,all_20plus,all_personal_excl_cyber,reported,yes,True,129,527,172044.39043507,694448.2575079901,943891784.9849408
2023,haredi,all_personal_excl_cyber,reported,yes,True,9,49,12750.5155169,61475.65754199999,80779623.67543094
2023,nonharedi_jew,all_personal_excl_cyber,reported,yes,True,96,390,128920.76090055001,516825.86842546996,702274356.0527514
2024,all_20plus,all_personal_excl_cyber,reported,yes,True,110,411,141596.440683,542657.4860622,740465072.8225988
2024,haredi,all_personal_excl_cyber,reported,yes,True,5,44,6404.254592,56585.785483,73663012.15224358
2024,nonharedi_jew,all_personal_excl_cyber,reported,yes,True,85,309,109889.6279112,413033.331085,566625186.8991313
2025,all_20plus,all_personal_excl_cyber,reported,yes,True,121,446,145691.88362655998,556789.68342712,727701581.665756
2025,haredi,all_personal_excl_cyber,reported,yes,True,6,34,7273.533266,40788.75055444,49956880.78222269
2025,nonharedi_jew,all_personal_excl_cyber,reported,yes,True,79,319,99569.00924541999,411087.13290075,551401400.3276098
2015,all_20plus,all_personal,reason_not_reported,ashamed,True,19,541,22829.208131,623329.1982424201,767746280.8819733
2015,all_20plus,all_personal,reason_not_reported,didnt_know_police_handles,False,0,541,0.0,623329.1982424201,767746280.8819733
2015,all_20plus,all_personal,reason_not_reported,fear_revenge,True,12,541,14720.257672200001,623329.1982424201,767746280.8819733
2015,all_20plus,all_personal,reason_not_reported,handled_self,False,0,541,0.0,623329.1982424201,767746280.8819733
2015,all_20plus,all_personal,reason_not_reported,not_worth_bothering,True,95,541,108056.94438329,623329.1982424201,767746280.8819733
2015,all_20plus,all_personal,reason_not_reported,other,True,106,541,120419.48844174,623329.1982424201,767746280.8819733
2015,all_20plus,all_personal,reason_not_reported,personal_time,False,0,541,0.0,623329.1982424201,767746280.8819733
2015,all_20plus,all_personal,reason_not_reported,police_ineffective_past,True,107,541,128993.75002802,623329.1982424201,767746280.8819733
2015,all_20plus,all_personal,reason_not_reported,police_unable,True,127,541,143091.02467006,623329.1982424201,767746280.8819733
2015,all_20plus,all_personal,reason_not_reported,police_unwilling,True,75,541,85218.52491611,623329.1982424201,767746280.8819733
2015,all_20plus,all_personal,reason_not_reported,turned_elsewhere,False,0,541,0.0,623329.1982424201,767746280.8819733
2015,haredi,all_personal,reason_not_reported,ashamed,True,1,28,995.07382871,31402.273168480002,36700587.86510448
2015,haredi,all_personal,reason_not_reported,didnt_know_police_handles,False,0,28,0.0,31402.273168480002,36700587.86510448
2015,haredi,all_personal,reason_not_reported,fear_revenge,True,1,28,1178.1758488,31402.273168480002,36700587.86510448
2015,haredi,all_personal,reason_not_reported,handled_self,False,0,28,0.0,31402.273168480002,36700587.86510448
2015,haredi,all_personal,reason_not_reported,not_worth_bothering,True,4,28,3889.52063099,31402.273168480002,36700587.86510448
2015,haredi,all_personal,reason_not_reported,other,True,6,28,6432.86719677,31402.273168480002,36700587.86510448
2015,haredi,all_personal,reason_not_reported,personal_time,False,0,28,0.0,31402.273168480002,36700587.86510448
2015,haredi,all_personal,reason_not_reported,police_ineffective_past,True,6,28,7418.15766305,31402.273168480002,36700587.86510448
2015,haredi,all_personal,reason_not_reported,police_unable,True,7,28,8238.403805130001,31402.273168480002,36700587.86510448
2015,haredi,all_personal,reason_not_reported,police_unwilling,True,3,28,3250.07419503,31402.273168480002,36700587.86510448
2015,haredi,all_personal,reason_not_reported,turned_elsewhere,False,0,28,0.0,31402.273168480002,36700587.86510448
2015,nonharedi_jew,all_personal,reason_not_reported,ashamed,True,15,436,15710.54833079,487069.05852831004,571955184.1316645
2015,nonharedi_jew,all_personal,reason_not_reported,didnt_know_police_handles,False,0,436,0.0,487069.05852831004,571955184.1316645
2015,nonharedi_jew,all_personal,reason_not_reported,fear_revenge,True,11,436,13542.0818234,487069.05852831004,571955184.1316645
2015,nonharedi_jew,all_personal,reason_not_reported,handled_self,False,0,436,0.0,487069.05852831004,571955184.1316645
2015,nonharedi_jew,all_personal,reason_not_reported,not_worth_bothering,True,78,436,86720.49126052,487069.05852831004,571955184.1316645
2015,nonharedi_jew,all_personal,reason_not_reported,other,True,83,436,89827.99397538,487069.05852831004,571955184.1316645
2015,nonharedi_jew,all_personal,reason_not_reported,personal_time,False,0,436,0.0,487069.05852831004,571955184.1316645
2015,nonharedi_jew,all_personal,reason_not_reported,police_ineffective_past,True,86,436,101851.28610559,487069.05852831004,571955184.1316645
2015,nonharedi_jew,all_personal,reason_not_reported,police_unable,True,105,436,115509.93307367,487069.05852831004,571955184.1316645
2015,nonharedi_jew,all_personal,reason_not_reported,police_unwilling,True,58,436,63906.72395896,487069.05852831004,571955184.1316645
2015,nonharedi_jew,all_personal,reason_not_reported,turned_elsewhere,False,0,436,0.0,487069.05852831004,571955184.1316645
2016,all_20plus,all_personal,reason_not_reported,ashamed,True,6,467,7377.30772259,551705.93681299,678821324.4317201
2016,all_20plus,all_personal,reason_not_reported,didnt_know_police_handles,False,0,467,0.0,551705.93681299,678821324.4317201
2016,all_20plus,all_personal,reason_not_reported,fear_revenge,True,9,467,11184.406424199999,551705.93681299,678821324.4317201
2016,all_20plus,all_personal,reason_not_reported,handled_self,False,0,467,0.0,551705.93681299,678821324.4317201
2016,all_20plus,all_personal,reason_not_reported,not_worth_bothering,True,66,467,74172.71493921,551705.93681299,678821324.4317201
2016,all_20plus,all_personal,reason_not_reported,other,True,67,467,81632.66368149,551705.93681299,678821324.4317201
2016,all_20plus,all_personal,reason_not_reported,personal_time,True,59,467,68139.76623734,551705.93681299,678821324.4317201
2016,all_20plus,all_personal,reason_not_reported,police_ineffective_past,True,74,467,86515.30498991,551705.93681299,678821324.4317201
2016,all_20plus,all_personal,reason_not_reported,police_unable,True,69,467,86349.58355565999,551705.93681299,678821324.4317201
2016,all_20plus,all_personal,reason_not_reported,police_unwilling,True,39,467,47752.337076820004,551705.93681299,678821324.4317201
2016,all_20plus,all_personal,reason_not_reported,turned_elsewhere,True,78,467,88581.85218577,551705.93681299,678821324.4317201
2016,haredi,all_personal,reason_not_reported,ashamed,True,0,26,0.0,30396.27014965,36276925.1878757
2016,haredi,all_personal,reason_not_reported,didnt_know_police_handles,False,0,26,0.0,30396.27014965,36276925.1878757
2016,haredi,all_personal,reason_not_reported,fear_revenge,True,1,26,1090.1236663,30396.27014965,36276925.1878757
2016,haredi,all_personal,reason_not_reported,handled_self,False,0,26,0.0,30396.27014965,36276925.1878757
2016,haredi,all_personal,reason_not_reported,not_worth_bothering,True,4,26,4424.518946,30396.27014965,36276925.1878757
2016,haredi,all_personal,reason_not_reported,other,True,3,26,4253.6700656,30396.27014965,36276925.1878757
2016,haredi,all_personal,reason_not_reported,personal_time,True,4,26,4760.8165401,30396.27014965,36276925.1878757
2016,haredi,all_personal,reason_not_reported,police_ineffective_past,True,3,26,3332.0819377,30396.27014965,36276925.1878757
2016,haredi,all_personal,reason_not_reported,police_unable,True,3,26,3854.7418556000002,30396.27014965,36276925.1878757
2016,haredi,all_personal,reason_not_reported,police_unwilling,True,4,26,4529.16216307,30396.27014965,36276925.1878757
2016,haredi,all_personal,reason_not_reported,turned_elsewhere,True,4,26,4151.154975279999,30396.27014965,36276925.1878757
2016,nonharedi_jew,all_personal,reason_not_reported,ashamed,True,5,352,5984.352930589999,413056.8380055,503328126.8543409
2016,nonharedi_jew,all_personal,reason_not_reported,didnt_know_police_handles,False,0,352,0.0,413056.8380055,503328126.8543409
2016,nonharedi_jew,all_personal,reason_not_reported,fear_revenge,True,5,352,5861.5816325,413056.8380055,503328126.8543409
2016,nonharedi_jew,all_personal,reason_not_reported,handled_self,False,0,352,0.0,413056.8380055,503328126.8543409
2016,nonharedi_jew,all_personal,reason_not_reported,not_worth_bothering,True,55,352,61141.96881205001,413056.8380055,503328126.8543409
2016,nonharedi_jew,all_personal,reason_not_reported,other,True,52,352,62820.87672863,413056.8380055,503328126.8543409
2016,nonharedi_jew,all_personal,reason_not_reported,personal_time,True,40,352,48161.45455901,413056.8380055,503328126.8543409
2016,nonharedi_jew,all_personal,reason_not_reported,police_ineffective_past,True,61,352,70601.50816204,413056.8380055,503328126.8543409
2016,nonharedi_jew,all_personal,reason_not_reported,police_unable,True,53,352,65483.29039324,413056.8380055,503328126.8543409
2016,nonharedi_jew,all_personal,reason_not_reported,police_unwilling,True,24,352,29207.15310623,413056.8380055,503328126.8543409
2016,nonharedi_jew,all_personal,reason_not_reported,turned_elsewhere,True,57,352,63794.65168120999,413056.8380055,503328126.8543409
2017,all_20plus,all_personal,reason_not_reported,ashamed,True,8,429,7936.14465932,522861.95995402004,666303997.2148046
2017,all_20plus,all_personal,reason_not_reported,didnt_know_police_handles,False,0,429,0.0,522861.95995402004,666303997.2148046
2017,all_20plus,all_personal,reason_not_reported,fear_revenge,True,9,429,10723.53265336,522861.95995402004,666303997.2148046
2017,all_20plus,all_personal,reason_not_reported,handled_self,False,0,429,0.0,522861.95995402004,666303997.2148046
2017,all_20plus,all_personal,reason_not_reported,not_worth_bothering,True,72,429,88703.02616885,522861.95995402004,666303997.2148046
2017,all_20plus,all_personal,reason_not_reported,other,True,47,429,59049.76435556,522861.95995402004,666303997.2148046
2017,all_20plus,all_personal,reason_not_reported,personal_time,True,48,429,57134.23345285001,522861.95995402004,666303997.2148046
2017,all_20plus,all_personal,reason_not_reported,police_ineffective_past,True,49,429,58931.85038565,522861.95995402004,666303997.2148046
2017,all_20plus,all_personal,reason_not_reported,police_unable,True,74,429,90222.34979986999,522861.95995402004,666303997.2148046
2017,all_20plus,all_personal,reason_not_reported,police_unwilling,True,52,429,66445.391668,522861.95995402004,666303997.2148046
2017,all_20plus,all_personal,reason_not_reported,turned_elsewhere,True,70,429,83715.66681056,522861.95995402004,666303997.2148046
2017,haredi,all_personal,reason_not_reported,ashamed,True,0,25,0.0,29568.671311500002,35498007.47689663
2017,haredi,all_personal,reason_not_reported,didnt_know_police_handles,False,0,25,0.0,29568.671311500002,35498007.47689663
2017,haredi,all_personal,reason_not_reported,fear_revenge,True,1,25,1225.9964559,29568.671311500002,35498007.47689663
2017,haredi,all_personal,reason_not_reported,handled_self,False,0,25,0.0,29568.671311500002,35498007.47689663
2017,haredi,all_personal,reason_not_reported,not_worth_bothering,True,5,25,5689.40022708,29568.671311500002,35498007.47689663
2017,haredi,all_personal,reason_not_reported,other,True,1,25,1090.7721985,29568.671311500002,35498007.47689663
2017,haredi,all_personal,reason_not_reported,personal_time,True,7,25,8300.608797,29568.671311500002,35498007.47689663
2017,haredi,all_personal,reason_not_reported,police_ineffective_past,True,2,25,2535.68174452,29568.671311500002,35498007.47689663
2017,haredi,all_personal,reason_not_reported,police_unable,True,4,25,4723.4330933,29568.671311500002,35498007.47689663
2017,haredi,all_personal,reason_not_reported,police_unwilling,True,1,25,1434.9043049,29568.671311500002,35498007.47689663
2017,haredi,all_personal,reason_not_reported,turned_elsewhere,True,4,25,4567.874490300001,29568.671311500002,35498007.47689663
2017,nonharedi_jew,all_personal,reason_not_reported,ashamed,True,6,320,6563.13650847,391402.51244386,491608536.00325584
2017,nonharedi_jew,all_personal,reason_not_reported,didnt_know_police_handles,False,0,320,0.0,391402.51244386,491608536.00325584
2017,nonharedi_jew,all_personal,reason_not_reported,fear_revenge,True,5,320,6007.778200459999,391402.51244386,491608536.00325584
2017,nonharedi_jew,all_personal,reason_not_reported,handled_self,False,0,320,0.0,391402.51244386,491608536.00325584
2017,nonharedi_jew,all_personal,reason_not_reported,not_worth_bothering,True,53,320,65614.65439384,391402.51244386,491608536.00325584
2017,nonharedi_jew,all_personal,reason_not_reported,other,True,38,320,48365.3972693,391402.51244386,491608536.00325584
2017,nonharedi_jew,all_personal,reason_not_reported,personal_time,True,29,320,36299.2530731,391402.51244386,491608536.00325584
2017,nonharedi_jew,all_personal,reason_not_reported,police_ineffective_past,True,39,320,47025.56923255,391402.51244386,491608536.00325584
2017,nonharedi_jew,all_personal,reason_not_reported,police_unable,True,57,320,69727.50551778,391402.51244386,491608536.00325584
2017,nonharedi_jew,all_personal,reason_not_reported,police_unwilling,True,36,320,44463.52047338,391402.51244386,491608536.00325584
2017,nonharedi_jew,all_personal,reason_not_reported,turned_elsewhere,True,57,320,67335.69777498,391402.51244386,491608536.00325584
2018,all_20plus,all_personal,reason_not_reported,ashamed,True,11,475,12918.635983979999,530439.4953707099,608842107.8578184
2018,all_20plus,all_personal,reason_not_reported,didnt_know_police_handles,False,0,475,0.0,530439.4953707099,608842107.8578184
2018,all_20plus,all_personal,reason_not_reported,fear_revenge,True,11,475,13347.828203840001,530439.4953707099,608842107.8578184
2018,all_20plus,all_personal,reason_not_reported,handled_self,False,0,475,0.0,530439.4953707099,608842107.8578184
2018,all_20plus,all_personal,reason_not_reported,not_worth_bothering,True,70,475,78230.49395336,530439.4953707099,608842107.8578184
2018,all_20plus,all_personal,reason_not_reported,other,True,74,475,83527.60969632,530439.4953707099,608842107.8578184
2018,all_20plus,all_personal,reason_not_reported,personal_time,True,72,475,81170.99377674,530439.4953707099,608842107.8578184
2018,all_20plus,all_personal,reason_not_reported,police_ineffective_past,True,59,475,64481.45164479,530439.4953707099,608842107.8578184
2018,all_20plus,all_personal,reason_not_reported,police_unable,True,61,475,67521.51035178,530439.4953707099,608842107.8578184
2018,all_20plus,all_personal,reason_not_reported,police_unwilling,True,68,475,74762.86390766999,530439.4953707099,608842107.8578184
2018,all_20plus,all_personal,reason_not_reported,turned_elsewhere,True,49,475,54478.10785223,530439.4953707099,608842107.8578184
2018,haredi,all_personal,reason_not_reported,ashamed,True,0,19,0.0,20877.47395909,23255784.933041852
2018,haredi,all_personal,reason_not_reported,didnt_know_police_handles,False,0,19,0.0,20877.47395909,23255784.933041852
2018,haredi,all_personal,reason_not_reported,fear_revenge,True,0,19,0.0,20877.47395909,23255784.933041852
2018,haredi,all_personal,reason_not_reported,handled_self,False,0,19,0.0,20877.47395909,23255784.933041852
2018,haredi,all_personal,reason_not_reported,not_worth_bothering,True,5,19,5365.451421309999,20877.47395909,23255784.933041852
2018,haredi,all_personal,reason_not_reported,other,True,1,19,1094.5065782,20877.47395909,23255784.933041852
2018,haredi,all_personal,reason_not_reported,personal_time,True,4,19,4665.8760165,20877.47395909,23255784.933041852
2018,haredi,all_personal,reason_not_reported,police_ineffective_past,True,2,19,2058.86956627,20877.47395909,23255784.933041852
2018,haredi,all_personal,reason_not_reported,police_unable,True,3,19,3170.98920821,20877.47395909,23255784.933041852
2018,haredi,all_personal,reason_not_reported,police_unwilling,True,1,19,1285.5832075,20877.47395909,23255784.933041852
2018,haredi,all_personal,reason_not_reported,turned_elsewhere,True,3,19,3236.1979610999997,20877.47395909,23255784.933041852
2018,nonharedi_jew,all_personal,reason_not_reported,ashamed,True,8,390,8905.28139804,433357.70633201,493387651.4118305
2018,nonharedi_jew,all_personal,reason_not_reported,didnt_know_police_handles,False,0,390,0.0,433357.70633201,493387651.4118305
2018,nonharedi_jew,all_personal,reason_not_reported,fear_revenge,True,9,390,10867.34366944,433357.70633201,493387651.4118305
2018,nonharedi_jew,all_personal,reason_not_reported,handled_self,False,0,390,0.0,433357.70633201,493387651.4118305
2018,nonharedi_jew,all_personal,reason_not_reported,not_worth_bothering,True,58,390,64860.86976134,433357.70633201,493387651.4118305
2018,nonharedi_jew,all_personal,reason_not_reported,other,True,64,390,72385.88207364,433357.70633201,493387651.4118305
2018,nonharedi_jew,all_personal,reason_not_reported,personal_time,True,58,390,63820.444016869995,433357.70633201,493387651.4118305
2018,nonharedi_jew,all_personal,reason_not_reported,police_ineffective_past,True,50,390,54948.55452149,433357.70633201,493387651.4118305
2018,nonharedi_jew,all_personal,reason_not_reported,police_unable,True,50,390,55721.90489472,433357.70633201,493387651.4118305
2018,nonharedi_jew,all_personal,reason_not_reported,police_unwilling,True,51,390,55381.37727114,433357.70633201,493387651.4118305
2018,nonharedi_jew,all_personal,reason_not_reported,turned_elsewhere,True,42,390,46466.04872533,433357.70633201,493387651.4118305
2019,all_20plus,all_personal,reason_not_reported,ashamed,True,7,488,8067.389872479999,547960.01132563,635058024.0137053
2019,all_20plus,all_personal,reason_not_reported,didnt_know_police_handles,False,0,488,0.0,547960.01132563,635058024.0137053
2019,all_20plus,all_personal,reason_not_reported,fear_revenge,True,13,488,14164.87544093,547960.01132563,635058024.0137053
2019,all_20plus,all_personal,reason_not_reported,handled_self,False,0,488,0.0,547960.01132563,635058024.0137053
2019,all_20plus,all_personal,reason_not_reported,not_worth_bothering,True,90,488,100410.74864402,547960.01132563,635058024.0137053
2019,all_20plus,all_personal,reason_not_reported,other,True,28,488,31416.43214681,547960.01132563,635058024.0137053
2019,all_20plus,all_personal,reason_not_reported,personal_time,True,67,488,73919.3453755,547960.01132563,635058024.0137053
2019,all_20plus,all_personal,reason_not_reported,police_ineffective_past,True,74,488,82242.28980446,547960.01132563,635058024.0137053
2019,all_20plus,all_personal,reason_not_reported,police_unable,True,78,488,87575.30298725,547960.01132563,635058024.0137053
2019,all_20plus,all_personal,reason_not_reported,police_unwilling,True,60,488,68439.96431914999,547960.01132563,635058024.0137053
2019,all_20plus,all_personal,reason_not_reported,turned_elsewhere,True,71,488,81723.66273503,547960.01132563,635058024.0137053
2019,haredi,all_personal,reason_not_reported,ashamed,True,1,37,1128.8887701,39055.87706513,42053327.2080352
2019,haredi,all_personal,reason_not_reported,didnt_know_police_handles,False,0,37,0.0,39055.87706513,42053327.2080352
2019,haredi,all_personal,reason_not_reported,fear_revenge,True,2,37,2030.83235468,39055.87706513,42053327.2080352
2019,haredi,all_personal,reason_not_reported,handled_self,False,0,37,0.0,39055.87706513,42053327.2080352
2019,haredi,all_personal,reason_not_reported,not_worth_bothering,True,11,37,10921.0820982,39055.87706513,42053327.2080352
2019,haredi,all_personal,reason_not_reported,other,True,1,37,1349.667484,39055.87706513,42053327.2080352
2019,haredi,all_personal,reason_not_reported,personal_time,True,5,37,5627.92447583,39055.87706513,42053327.2080352
2019,haredi,all_personal,reason_not_reported,police_ineffective_past,True,4,37,3918.96359094,39055.87706513,42053327.2080352
2019,haredi,all_personal,reason_not_reported,police_unable,True,10,37,11028.76106696,39055.87706513,42053327.2080352
2019,haredi,all_personal,reason_not_reported,police_unwilling,True,2,37,1998.44731732,39055.87706513,42053327.2080352
2019,haredi,all_personal,reason_not_reported,turned_elsewhere,True,1,37,1051.3099071,39055.87706513,42053327.2080352
2019,nonharedi_jew,all_personal,reason_not_reported,ashamed,True,3,379,3103.53225528,427657.2850425299,495188753.3372681
2019,nonharedi_jew,all_personal,reason_not_reported,didnt_know_police_handles,False,0,379,0.0,427657.2850425299,495188753.3372681
2019,nonharedi_jew,all_personal,reason_not_reported,fear_revenge,True,7,379,7985.683389960001,427657.2850425299,495188753.3372681
2019,nonharedi_jew,all_personal,reason_not_reported,handled_self,False,0,379,0.0,427657.2850425299,495188753.3372681
2019,nonharedi_jew,all_personal,reason_not_reported,not_worth_bothering,True,68,379,76721.32654802,427657.2850425299,495188753.3372681
2019,nonharedi_jew,all_personal,reason_not_reported,other,True,22,379,23901.22683951,427657.2850425299,495188753.3372681
2019,nonharedi_jew,all_personal,reason_not_reported,personal_time,True,53,379,59047.318469000005,427657.2850425299,495188753.3372681
2019,nonharedi_jew,all_personal,reason_not_reported,police_ineffective_past,True,62,379,68660.24750292,427657.2850425299,495188753.3372681
2019,nonharedi_jew,all_personal,reason_not_reported,police_unable,True,57,379,64679.609310219996,427657.2850425299,495188753.3372681
2019,nonharedi_jew,all_personal,reason_not_reported,police_unwilling,True,45,379,52549.7912056,427657.2850425299,495188753.3372681
2019,nonharedi_jew,all_personal,reason_not_reported,turned_elsewhere,True,62,379,71008.54952202001,427657.2850425299,495188753.3372681
2020,all_20plus,all_personal,reason_not_reported,ashamed,True,9,428,8931.8813407,464405.22133973,521766015.4404148
2020,all_20plus,all_personal,reason_not_reported,didnt_know_police_handles,False,0,428,0.0,464405.22133973,521766015.4404148
2020,all_20plus,all_personal,reason_not_reported,fear_revenge,True,15,428,14035.26147216,464405.22133973,521766015.4404148
2020,all_20plus,all_personal,reason_not_reported,handled_self,True,61,428,63944.112691539995,464405.22133973,521766015.4404148
2020,all_20plus,all_personal,reason_not_reported,not_worth_bothering,True,57,428,62516.05335783,464405.22133973,521766015.4404148
2020,all_20plus,all_personal,reason_not_reported,other,True,16,428,18966.29011686,464405.22133973,521766015.4404148
2020,all_20plus,all_personal,reason_not_reported,personal_time,True,48,428,53997.25709068,464405.22133973,521766015.4404148
2020,all_20plus,all_personal,reason_not_reported,police_ineffective_past,True,49,428,53639.52604455,464405.22133973,521766015.4404148
2020,all_20plus,all_personal,reason_not_reported,police_unable,True,70,428,74950.62915483,464405.22133973,521766015.4404148
2020,all_20plus,all_personal,reason_not_reported,police_unwilling,True,60,428,65224.59625125,464405.22133973,521766015.4404148
2020,all_20plus,all_personal,reason_not_reported,turned_elsewhere,True,43,428,48199.61381933001,464405.22133973,521766015.4404148
2020,haredi,all_personal,reason_not_reported,ashamed,True,0,18,0.0,17700.0897872,17681750.20597106
2020,haredi,all_personal,reason_not_reported,didnt_know_police_handles,False,0,18,0.0,17700.0897872,17681750.20597106
2020,haredi,all_personal,reason_not_reported,fear_revenge,True,2,18,1729.38157778,17700.0897872,17681750.20597106
2020,haredi,all_personal,reason_not_reported,handled_self,True,2,18,1652.43430245,17700.0897872,17681750.20597106
2020,haredi,all_personal,reason_not_reported,not_worth_bothering,True,3,18,3004.24349738,17700.0897872,17681750.20597106
2020,haredi,all_personal,reason_not_reported,other,True,0,18,0.0,17700.0897872,17681750.20597106
2020,haredi,all_personal,reason_not_reported,personal_time,True,0,18,0.0,17700.0897872,17681750.20597106
2020,haredi,all_personal,reason_not_reported,police_ineffective_past,True,1,18,950.6121907,17700.0897872,17681750.20597106
2020,haredi,all_personal,reason_not_reported,police_unable,True,4,18,4357.41558971,17700.0897872,17681750.20597106
2020,haredi,all_personal,reason_not_reported,police_unwilling,True,6,18,6006.0026291799995,17700.0897872,17681750.20597106
2020,haredi,all_personal,reason_not_reported,turned_elsewhere,True,0,18,0.0,17700.0897872,17681750.20597106
2020,nonharedi_jew,all_personal,reason_not_reported,ashamed,True,5,347,5305.45098819,378647.86070053,424966567.87816054
2020,nonharedi_jew,all_personal,reason_not_reported,didnt_know_police_handles,False,0,347,0.0,378647.86070053,424966567.87816054
2020,nonharedi_jew,all_personal,reason_not_reported,fear_revenge,True,10,347,10352.654302179999,378647.86070053,424966567.87816054
2020,nonharedi_jew,all_personal,reason_not_reported,handled_self,True,52,347,54714.21946528,378647.86070053,424966567.87816054
2020,nonharedi_jew,all_personal,reason_not_reported,not_worth_bothering,True,49,347,54033.80463978,378647.86070053,424966567.87816054
2020,nonharedi_jew,all_personal,reason_not_reported,other,True,12,347,14067.59461136,378647.86070053,424966567.87816054
2020,nonharedi_jew,all_personal,reason_not_reported,personal_time,True,36,347,40160.49636425,378647.86070053,424966567.87816054
2020,nonharedi_jew,all_personal,reason_not_reported,police_ineffective_past,True,42,347,46615.43391756,378647.86070053,424966567.87816054
2020,nonharedi_jew,all_personal,reason_not_reported,police_unable,True,59,347,62302.6742794,378647.86070053,424966567.87816054
2020,nonharedi_jew,all_personal,reason_not_reported,police_unwilling,True,44,347,48577.043025449995,378647.86070053,424966567.87816054
2020,nonharedi_jew,all_personal,reason_not_reported,turned_elsewhere,True,38,347,42518.48910708,378647.86070053,424966567.87816054
2021,all_20plus,all_personal,reason_not_reported,ashamed,True,7,647,8207.119788529999,720704.02066453,830558082.6343722
2021,all_20plus,all_personal,reason_not_reported,didnt_know_police_handles,False,0,647,0.0,720704.02066453,830558082.6343722
2021,all_20plus,all_personal,reason_not_reported,fear_revenge,True,9,647,9924.309390620001,720704.02066453,830558082.6343722
2021,all_20plus,all_personal,reason_not_reported,handled_self,True,79,647,90566.53935915,720704.02066453,830558082.6343722
2021,all_20plus,all_personal,reason_not_reported,not_worth_bothering,True,100,647,114479.43039872001,720704.02066453,830558082.6343722
2021,all_20plus,all_personal,reason_not_reported,other,True,37,647,39964.92251357,720704.02066453,830558082.6343722
2021,all_20plus,all_personal,reason_not_reported,personal_time,True,65,647,69991.11522926,720704.02066453,830558082.6343722
2021,all_20plus,all_personal,reason_not_reported,police_ineffective_past,True,83,647,90076.74594994,720704.02066453,830558082.6343722
2021,all_20plus,all_personal,reason_not_reported,police_unable,True,79,647,90403.87061287,720704.02066453,830558082.6343722
2021,all_20plus,all_personal,reason_not_reported,police_unwilling,True,98,647,108443.14333217,720704.02066453,830558082.6343722
2021,all_20plus,all_personal,reason_not_reported,turned_elsewhere,True,90,647,98646.82408969999,720704.02066453,830558082.6343722
2021,haredi,all_personal,reason_not_reported,ashamed,True,0,46,0.0,51916.595272310005,59455225.172021136
2021,haredi,all_personal,reason_not_reported,didnt_know_police_handles,False,0,46,0.0,51916.595272310005,59455225.172021136
2021,haredi,all_personal,reason_not_reported,fear_revenge,True,1,46,895.11629785,51916.595272310005,59455225.172021136
2021,haredi,all_personal,reason_not_reported,handled_self,True,7,46,7893.9384982,51916.595272310005,59455225.172021136
2021,haredi,all_personal,reason_not_reported,not_worth_bothering,True,4,46,4763.7135093,51916.595272310005,59455225.172021136
2021,haredi,all_personal,reason_not_reported,other,True,2,46,2578.5322999,51916.595272310005,59455225.172021136
2021,haredi,all_personal,reason_not_reported,personal_time,True,7,46,7744.3349614300005,51916.595272310005,59455225.172021136
2021,haredi,all_personal,reason_not_reported,police_ineffective_past,True,4,46,3764.1051096700003,51916.595272310005,59455225.172021136
2021,haredi,all_personal,reason_not_reported,police_unable,True,5,46,6054.7611387,51916.595272310005,59455225.172021136
2021,haredi,all_personal,reason_not_reported,police_unwilling,True,8,46,9279.5739881,51916.595272310005,59455225.172021136
2021,haredi,all_personal,reason_not_reported,turned_elsewhere,True,8,46,8942.51946916,51916.595272310005,59455225.172021136
2021,nonharedi_jew,all_personal,reason_not_reported,ashamed,True,7,525,8207.119788529999,581342.05293483,660461385.8461013
2021,nonharedi_jew,all_personal,reason_not_reported,didnt_know_police_handles,False,0,525,0.0,581342.05293483,660461385.8461013
2021,nonharedi_jew,all_personal,reason_not_reported,fear_revenge,True,7,525,7932.920291969999,581342.05293483,660461385.8461013
2021,nonharedi_jew,all_personal,reason_not_reported,handled_self,True,66,525,73995.05359299999,581342.05293483,660461385.8461013
2021,nonharedi_jew,all_personal,reason_not_reported,not_worth_bothering,True,84,525,95620.9632861,581342.05293483,660461385.8461013
2021,nonharedi_jew,all_personal,reason_not_reported,other,True,28,525,29797.596790199997,581342.05293483,660461385.8461013
2021,nonharedi_jew,all_personal,reason_not_reported,personal_time,True,50,525,53827.31034668,581342.05293483,660461385.8461013
2021,nonharedi_jew,all_personal,reason_not_reported,police_ineffective_past,True,65,525,70228.23924509001,581342.05293483,660461385.8461013
2021,nonharedi_jew,all_personal,reason_not_reported,police_unable,True,68,525,76698.03533605,581342.05293483,660461385.8461013
2021,nonharedi_jew,all_personal,reason_not_reported,police_unwilling,True,75,525,82850.82610941,581342.05293483,660461385.8461013
2021,nonharedi_jew,all_personal,reason_not_reported,turned_elsewhere,True,75,525,82183.98814779999,581342.05293483,660461385.8461013
2022,all_20plus,all_personal,reason_not_reported,ashamed,True,35,662,43311.331225090005,819995.8214888499,1039968078.3727133
2022,all_20plus,all_personal,reason_not_reported,didnt_know_police_handles,True,27,662,32451.79820141,819995.8214888499,1039968078.3727133
2022,all_20plus,all_personal,reason_not_reported,fear_revenge,True,15,662,18628.70911018,819995.8214888499,1039968078.3727133
2022,all_20plus,all_personal,reason_not_reported,handled_self,True,50,662,62784.94431394001,819995.8214888499,1039968078.3727133
2022,all_20plus,all_personal,reason_not_reported,not_worth_bothering,True,69,662,86320.01322281,819995.8214888499,1039968078.3727133
2022,all_20plus,all_personal,reason_not_reported,other,True,35,662,41445.49957682,819995.8214888499,1039968078.3727133
2022,all_20plus,all_personal,reason_not_reported,personal_time,True,64,662,77594.96994232,819995.8214888499,1039968078.3727133
2022,all_20plus,all_personal,reason_not_reported,police_ineffective_past,True,74,662,91889.99064442,819995.8214888499,1039968078.3727133
2022,all_20plus,all_personal,reason_not_reported,police_unable,True,88,662,110098.82452536,819995.8214888499,1039968078.3727133
2022,all_20plus,all_personal,reason_not_reported,police_unwilling,True,97,662,122066.19560709,819995.8214888499,1039968078.3727133
2022,all_20plus,all_personal,reason_not_reported,turned_elsewhere,True,108,662,133403.54511941,819995.8214888499,1039968078.3727133
2022,haredi,all_personal,reason_not_reported,ashamed,True,2,45,2337.63063195,54399.61474039,67585390.80165124
2022,haredi,all_personal,reason_not_reported,didnt_know_police_handles,True,1,45,699.47260728,54399.61474039,67585390.80165124
2022,haredi,all_personal,reason_not_reported,fear_revenge,True,0,45,0.0,54399.61474039,67585390.80165124
2022,haredi,all_personal,reason_not_reported,handled_self,True,2,45,2337.9063205,54399.61474039,67585390.80165124
2022,haredi,all_personal,reason_not_reported,not_worth_bothering,True,7,45,8632.75293409,54399.61474039,67585390.80165124
2022,haredi,all_personal,reason_not_reported,other,True,4,45,4260.15388718,54399.61474039,67585390.80165124
2022,haredi,all_personal,reason_not_reported,personal_time,True,2,45,2442.3835819,54399.61474039,67585390.80165124
2022,haredi,all_personal,reason_not_reported,police_ineffective_past,True,10,45,12648.3479009,54399.61474039,67585390.80165124
2022,haredi,all_personal,reason_not_reported,police_unable,True,0,45,0.0,54399.61474039,67585390.80165124
2022,haredi,all_personal,reason_not_reported,police_unwilling,True,8,45,9944.3823014,54399.61474039,67585390.80165124
2022,haredi,all_personal,reason_not_reported,turned_elsewhere,True,9,45,11096.58457519,54399.61474039,67585390.80165124
2022,nonharedi_jew,all_personal,reason_not_reported,ashamed,True,29,528,35040.28080334,651072.6878139899,820047961.0002398
2022,nonharedi_jew,all_personal,reason_not_reported,didnt_know_police_handles,True,25,528,30437.257714229996,651072.6878139899,820047961.0002398
2022,nonharedi_jew,all_personal,reason_not_reported,fear_revenge,True,14,528,17266.41524678,651072.6878139899,820047961.0002398
2022,nonharedi_jew,all_personal,reason_not_reported,handled_self,True,40,528,49314.866657989995,651072.6878139899,820047961.0002398
2022,nonharedi_jew,all_personal,reason_not_reported,not_worth_bothering,True,56,528,70306.45793218,651072.6878139899,820047961.0002398
2022,nonharedi_jew,all_personal,reason_not_reported,other,True,28,528,33026.36753604,651072.6878139899,820047961.0002398
2022,nonharedi_jew,all_personal,reason_not_reported,personal_time,True,48,528,58014.79571516,651072.6878139899,820047961.0002398
2022,nonharedi_jew,all_personal,reason_not_reported,police_ineffective_past,True,58,528,71944.32400164,651072.6878139899,820047961.0002398
2022,nonharedi_jew,all_personal,reason_not_reported,police_unable,True,70,528,87615.91264795001,651072.6878139899,820047961.0002398
2022,nonharedi_jew,all_personal,reason_not_reported,police_unwilling,True,72,528,90637.77647536,651072.6878139899,820047961.0002398
2022,nonharedi_jew,all_personal,reason_not_reported,turned_elsewhere,True,88,528,107468.23308332002,651072.6878139899,820047961.0002398
2023,all_20plus,all_personal,reason_not_reported,ashamed,True,48,817,63352.201802569994,1066646.59359881,1432536420.2351563
2023,all_20plus,all_personal,reason_not_reported,didnt_know_police_handles,True,41,817,52867.7707941,1066646.59359881,1432536420.2351563
2023,all_20plus,all_personal,reason_not_reported,fear_revenge,True,12,817,17630.9525985,1066646.59359881,1432536420.2351563
2023,all_20plus,all_personal,reason_not_reported,handled_self,True,90,817,119561.48589911,1066646.59359881,1432536420.2351563
2023,all_20plus,all_personal,reason_not_reported,not_worth_bothering,True,86,817,111275.48230776002,1066646.59359881,1432536420.2351563
2023,all_20plus,all_personal,reason_not_reported,other,True,34,817,44966.525687240006,1066646.59359881,1432536420.2351563
2023,all_20plus,all_personal,reason_not_reported,personal_time,True,80,817,105008.06793794001,1066646.59359881,1432536420.2351563
2023,all_20plus,all_personal,reason_not_reported,police_ineffective_past,True,89,817,115243.01690834001,1066646.59359881,1432536420.2351563
2023,all_20plus,all_personal,reason_not_reported,police_unable,True,107,817,140521.88474563998,1066646.59359881,1432536420.2351563
2023,all_20plus,all_personal,reason_not_reported,police_unwilling,True,117,817,149862.28382808002,1066646.59359881,1432536420.2351563
2023,all_20plus,all_personal,reason_not_reported,turned_elsewhere,True,113,817,146356.92108953,1066646.59359881,1432536420.2351563
2023,haredi,all_personal,reason_not_reported,ashamed,True,6,68,7233.598132500001,82574.95676003999,103252976.93726176
2023,haredi,all_personal,reason_not_reported,didnt_know_police_handles,True,1,68,1181.9192889,82574.95676003999,103252976.93726176
2023,haredi,all_personal,reason_not_reported,fear_revenge,True,0,68,0.0,82574.95676003999,103252976.93726176
2023,haredi,all_personal,reason_not_reported,handled_self,True,3,68,3244.09863292,82574.95676003999,103252976.93726176
2023,haredi,all_personal,reason_not_reported,not_worth_bothering,True,11,68,13536.9181319,82574.95676003999,103252976.93726176
2023,haredi,all_personal,reason_not_reported,other,True,2,68,2642.785997,82574.95676003999,103252976.93726176
2023,haredi,all_personal,reason_not_reported,personal_time,True,1,68,1553.4860188,82574.95676003999,103252976.93726176
2023,haredi,all_personal,reason_not_reported,police_ineffective_past,True,13,68,15463.10437745,82574.95676003999,103252976.93726176
2023,haredi,all_personal,reason_not_reported,police_unable,True,9,68,10447.399605049999,82574.95676003999,103252976.93726176
2023,haredi,all_personal,reason_not_reported,police_unwilling,True,10,68,13062.1473698,82574.95676003999,103252976.93726176
2023,haredi,all_personal,reason_not_reported,turned_elsewhere,True,12,68,14209.49920572,82574.95676003999,103252976.93726176
2023,nonharedi_jew,all_personal,reason_not_reported,ashamed,True,34,631,46020.67994082,825894.99506818,1107043481.474217
2023,nonharedi_jew,all_personal,reason_not_reported,didnt_know_police_handles,True,35,631,44682.50342349999,825894.99506818,1107043481.474217
2023,nonharedi_jew,all_personal,reason_not_reported,fear_revenge,True,6,631,8395.1595358,825894.99506818,1107043481.474217
2023,nonharedi_jew,all_personal,reason_not_reported,handled_self,True,69,631,92135.96900777,825894.99506818,1107043481.474217
2023,nonharedi_jew,all_personal,reason_not_reported,not_worth_bothering,True,64,631,83387.42899833001,825894.99506818,1107043481.474217
2023,nonharedi_jew,all_personal,reason_not_reported,other,True,26,631,33152.038877340005,825894.99506818,1107043481.474217
2023,nonharedi_jew,all_personal,reason_not_reported,personal_time,True,65,631,84405.00996328,825894.99506818,1107043481.474217
2023,nonharedi_jew,all_personal,reason_not_reported,police_ineffective_past,True,63,631,81674.31551469,825894.99506818,1107043481.474217
2023,nonharedi_jew,all_personal,reason_not_reported,police_unable,True,90,631,120186.34679699,825894.99506818,1107043481.474217
2023,nonharedi_jew,all_personal,reason_not_reported,police_unwilling,True,88,631,113082.61345262,825894.99506818,1107043481.474217
2023,nonharedi_jew,all_personal,reason_not_reported,turned_elsewhere,True,91,631,118772.92955704,825894.99506818,1107043481.474217
2024,all_20plus,all_personal,reason_not_reported,ashamed,True,57,689,72903.0507426,902800.3615850001,1216798402.4941542
2024,all_20plus,all_personal,reason_not_reported,didnt_know_police_handles,True,24,689,30283.3714283,902800.3615850001,1216798402.4941542
2024,all_20plus,all_personal,reason_not_reported,fear_revenge,True,11,689,14190.017303999999,902800.3615850001,1216798402.4941542
2024,all_20plus,all_personal,reason_not_reported,handled_self,True,78,689,100971.28054549999,902800.3615850001,1216798402.4941542
2024,all_20plus,all_personal,reason_not_reported,not_worth_bothering,True,62,689,82071.5704851,902800.3615850001,1216798402.4941542
2024,all_20plus,all_personal,reason_not_reported,other,True,16,689,20814.8755114,902800.3615850001,1216798402.4941542
2024,all_20plus,all_personal,reason_not_reported,personal_time,True,59,689,75412.6028663,902800.3615850001,1216798402.4941542
2024,all_20plus,all_personal,reason_not_reported,police_ineffective_past,True,63,689,85526.5305108,902800.3615850001,1216798402.4941542
2024,all_20plus,all_personal,reason_not_reported,police_unable,True,67,689,89184.8140013,902800.3615850001,1216798402.4941542
2024,all_20plus,all_personal,reason_not_reported,police_unwilling,True,76,689,100842.3395168,902800.3615850001,1216798402.4941542
2024,all_20plus,all_personal,reason_not_reported,turned_elsewhere,True,176,689,230599.9086729,902800.3615850001,1216798402.4941542
2024,haredi,all_personal,reason_not_reported,ashamed,True,6,63,6700.931606299999,78190.48087079999,98435801.07932752
2024,haredi,all_personal,reason_not_reported,didnt_know_police_handles,True,1,63,1035.630719,78190.48087079999,98435801.07932752
2024,haredi,all_personal,reason_not_reported,fear_revenge,True,2,63,2274.563576,78190.48087079999,98435801.07932752
2024,haredi,all_personal,reason_not_reported,handled_self,True,7,63,8544.992493,78190.48087079999,98435801.07932752
2024,haredi,all_personal,reason_not_reported,not_worth_bothering,True,4,63,5040.352376999999,78190.48087079999,98435801.07932752
2024,haredi,all_personal,reason_not_reported,other,True,3,63,4078.465229,78190.48087079999,98435801.07932752
2024,haredi,all_personal,reason_not_reported,personal_time,True,10,63,12854.9994035,78190.48087079999,98435801.07932752
2024,haredi,all_personal,reason_not_reported,police_ineffective_past,True,7,63,8741.892677,78190.48087079999,98435801.07932752
2024,haredi,all_personal,reason_not_reported,police_unable,True,6,63,7229.416878,78190.48087079999,98435801.07932752
2024,haredi,all_personal,reason_not_reported,police_unwilling,True,9,63,11302.991844,78190.48087079999,98435801.07932752
2024,haredi,all_personal,reason_not_reported,turned_elsewhere,True,8,63,10386.244067999998,78190.48087079999,98435801.07932752
2024,nonharedi_jew,all_personal,reason_not_reported,ashamed,True,44,553,56636.300505600004,731532.3909385001,989331517.7419891
2024,nonharedi_jew,all_personal,reason_not_reported,didnt_know_police_handles,True,20,553,26022.245403200002,731532.3909385001,989331517.7419891
2024,nonharedi_jew,all_personal,reason_not_reported,fear_revenge,True,9,553,11915.453728,731532.3909385001,989331517.7419891
2024,nonharedi_jew,all_personal,reason_not_reported,handled_self,True,53,553,68993.9289464,731532.3909385001,989331517.7419891
2024,nonharedi_jew,all_personal,reason_not_reported,not_worth_bothering,True,52,553,70042.51553840001,731532.3909385001,989331517.7419891
2024,nonharedi_jew,all_personal,reason_not_reported,other,True,10,553,13428.128104399999,731532.3909385001,989331517.7419891
2024,nonharedi_jew,all_personal,reason_not_reported,personal_time,True,43,553,56569.0394908,731532.3909385001,989331517.7419891
2024,nonharedi_jew,all_personal,reason_not_reported,police_ineffective_past,True,49,553,66118.5965238,731532.3909385001,989331517.7419891
2024,nonharedi_jew,all_personal,reason_not_reported,police_unable,True,52,553,69600.2606931,731532.3909385001,989331517.7419891
2024,nonharedi_jew,all_personal,reason_not_reported,police_unwilling,True,62,553,83518.3074504,731532.3909385001,989331517.7419891
2024,nonharedi_jew,all_personal,reason_not_reported,turned_elsewhere,True,159,553,208687.6145544,731532.3909385001,989331517.7419891
2025,all_20plus,all_personal,reason_not_reported,ashamed,True,45,694,56526.505881139994,877633.5295218199,1154296324.1761258
2025,all_20plus,all_personal,reason_not_reported,didnt_know_police_handles,True,20,694,24878.635631999998,877633.5295218199,1154296324.1761258
2025,all_20plus,all_personal,reason_not_reported,fear_revenge,True,11,694,14651.096660060002,877633.5295218199,1154296324.1761258
2025,all_20plus,all_personal,reason_not_reported,handled_self,True,116,694,145332.82589801,877633.5295218199,1154296324.1761258
2025,all_20plus,all_personal,reason_not_reported,not_worth_bothering,True,49,694,63217.004280409994,877633.5295218199,1154296324.1761258
2025,all_20plus,all_personal,reason_not_reported,other,True,26,694,34165.6183551,877633.5295218199,1154296324.1761258
2025,all_20plus,all_personal,reason_not_reported,personal_time,True,75,694,96769.41142598,877633.5295218199,1154296324.1761258
2025,all_20plus,all_personal,reason_not_reported,police_ineffective_past,True,57,694,74302.91100666,877633.5295218199,1154296324.1761258
2025,all_20plus,all_personal,reason_not_reported,police_unable,True,79,694,99352.97974150999,877633.5295218199,1154296324.1761258
2025,all_20plus,all_personal,reason_not_reported,police_unwilling,True,78,694,98430.85649726,877633.5295218199,1154296324.1761258
2025,all_20plus,all_personal,reason_not_reported,turned_elsewhere,True,138,694,170005.68414368998,877633.5295218199,1154296324.1761258
2025,haredi,all_personal,reason_not_reported,ashamed,True,3,54,3719.4070202000003,68068.94409224001,87885304.53585182
2025,haredi,all_personal,reason_not_reported,didnt_know_police_handles,True,2,54,2513.3526475,68068.94409224001,87885304.53585182
2025,haredi,all_personal,reason_not_reported,fear_revenge,True,0,54,0.0,68068.94409224001,87885304.53585182
2025,haredi,all_personal,reason_not_reported,handled_self,True,10,54,12471.421628099999,68068.94409224001,87885304.53585182
2025,haredi,all_personal,reason_not_reported,not_worth_bothering,True,4,54,4643.80387363,68068.94409224001,87885304.53585182
2025,haredi,all_personal,reason_not_reported,other,True,4,54,5349.254735799999,68068.94409224001,87885304.53585182
2025,haredi,all_personal,reason_not_reported,personal_time,True,7,54,8852.73469,68068.94409224001,87885304.53585182
2025,haredi,all_personal,reason_not_reported,police_ineffective_past,True,4,54,4826.0998771,68068.94409224001,87885304.53585182
2025,haredi,all_personal,reason_not_reported,police_unable,True,5,54,6460.6057037,68068.94409224001,87885304.53585182
2025,haredi,all_personal,reason_not_reported,police_unwilling,True,5,54,6224.9715541000005,68068.94409224001,87885304.53585182
2025,haredi,all_personal,reason_not_reported,turned_elsewhere,True,10,54,13007.292362109998,68068.94409224001,87885304.53585182
2025,nonharedi_jew,all_personal,reason_not_reported,ashamed,True,35,537,44393.5973751,690281.50362424,919974952.308344
2025,nonharedi_jew,all_personal,reason_not_reported,didnt_know_police_handles,True,17,537,21278.713657300003,690281.50362424,919974952.308344
2025,nonharedi_jew,all_personal,reason_not_reported,fear_revenge,True,8,537,10896.0365184,690281.50362424,919974952.308344
2025,nonharedi_jew,all_personal,reason_not_reported,handled_self,True,81,537,104428.94792322,690281.50362424,919974952.308344
2025,nonharedi_jew,all_personal,reason_not_reported,not_worth_bothering,True,43,537,56045.11104628,690281.50362424,919974952.308344
2025,nonharedi_jew,all_personal,reason_not_reported,other,True,18,537,23718.719342700002,690281.50362424,919974952.308344
2025,nonharedi_jew,all_personal,reason_not_reported,personal_time,True,57,537,75110.88405095,690281.50362424,919974952.308344
2025,nonharedi_jew,all_personal,reason_not_reported,police_ineffective_past,True,50,537,65935.6931364,690281.50362424,919974952.308344
2025,nonharedi_jew,all_personal,reason_not_reported,police_unable,True,61,537,76937.81641018,690281.50362424,919974952.308344
2025,nonharedi_jew,all_personal,reason_not_reported,police_unwilling,True,61,537,78679.83191866,690281.50362424,919974952.308344
2025,nonharedi_jew,all_personal,reason_not_reported,turned_elsewhere,True,106,537,132856.15224505,690281.50362424,919974952.308344
2015,all_20plus,all_personal_excl_cyber,reason_not_reported,ashamed,True,14,363,15944.977201540001,419543.87687067,519736530.3949939
2015,all_20plus,all_personal_excl_cyber,reason_not_reported,fear_revenge,True,10,363,12828.03217301,419543.87687067,519736530.3949939
2015,all_20plus,all_personal_excl_cyber,reason_not_reported,handled_self,False,0,363,0.0,419543.87687067,519736530.3949939
2015,all_20plus,all_personal_excl_cyber,reason_not_reported,not_worth_bothering,True,71,363,79348.88393632,419543.87687067,519736530.3949939
2015,all_20plus,all_personal_excl_cyber,reason_not_reported,other,True,66,363,76271.22302104,419543.87687067,519736530.3949939
2015,all_20plus,all_personal_excl_cyber,reason_not_reported,personal_time,False,0,363,0.0,419543.87687067,519736530.3949939
2015,all_20plus,all_personal_excl_cyber,reason_not_reported,police_ineffective_past,True,79,363,95589.08759581001,419543.87687067,519736530.3949939
2015,all_20plus,all_personal_excl_cyber,reason_not_reported,police_unable,True,70,363,79316.44802352,419543.87687067,519736530.3949939
2015,all_20plus,all_personal_excl_cyber,reason_not_reported,police_unwilling,True,53,363,60245.224919429995,419543.87687067,519736530.3949939
2015,all_20plus,all_personal_excl_cyber,reason_not_reported,turned_elsewhere,False,0,363,0.0,419543.87687067,519736530.3949939
2015,haredi,all_personal_excl_cyber,reason_not_reported,ashamed,True,0,23,0.0,26101.20100354,31015527.435660336
2015,haredi,all_personal_excl_cyber,reason_not_reported,fear_revenge,True,0,23,0.0,26101.20100354,31015527.435660336
2015,haredi,all_personal_excl_cyber,reason_not_reported,handled_self,False,0,23,0.0,26101.20100354,31015527.435660336
2015,haredi,all_personal_excl_cyber,reason_not_reported,not_worth_bothering,True,4,23,3889.52063099,26101.20100354,31015527.435660336
2015,haredi,all_personal_excl_cyber,reason_not_reported,other,True,6,23,6432.86719677,26101.20100354,31015527.435660336
2015,haredi,all_personal_excl_cyber,reason_not_reported,personal_time,False,0,23,0.0,26101.20100354,31015527.435660336
2015,haredi,all_personal_excl_cyber,reason_not_reported,police_ineffective_past,True,4,23,5224.0563836,26101.20100354,31015527.435660336
2015,haredi,all_personal_excl_cyber,reason_not_reported,police_unable,True,6,23,7304.68259715,26101.20100354,31015527.435660336
2015,haredi,all_personal_excl_cyber,reason_not_reported,police_unwilling,True,3,23,3250.07419503,26101.20100354,31015527.435660336
2015,haredi,all_personal_excl_cyber,reason_not_reported,turned_elsewhere,False,0,23,0.0,26101.20100354,31015527.435660336
2015,nonharedi_jew,all_personal_excl_cyber,reason_not_reported,ashamed,True,12,287,12437.21324764,319498.22171026,372771115.3184324
2015,nonharedi_jew,all_personal_excl_cyber,reason_not_reported,fear_revenge,True,10,287,12828.03217301,319498.22171026,372771115.3184324
2015,nonharedi_jew,all_personal_excl_cyber,reason_not_reported,handled_self,False,0,287,0.0,319498.22171026,372771115.3184324
2015,nonharedi_jew,all_personal_excl_cyber,reason_not_reported,not_worth_bothering,True,58,287,63574.43200344999,319498.22171026,372771115.3184324
2015,nonharedi_jew,all_personal_excl_cyber,reason_not_reported,other,True,48,287,51859.8525855,319498.22171026,372771115.3184324
2015,nonharedi_jew,all_personal_excl_cyber,reason_not_reported,personal_time,False,0,287,0.0,319498.22171026,372771115.3184324
2015,nonharedi_jew,all_personal_excl_cyber,reason_not_reported,police_ineffective_past,True,62,287,72780.83755661,319498.22171026,372771115.3184324
2015,nonharedi_jew,all_personal_excl_cyber,reason_not_reported,police_unable,True,58,287,63577.57509487,319498.22171026,372771115.3184324
2015,nonharedi_jew,all_personal_excl_cyber,reason_not_reported,police_unwilling,True,39,287,42440.27904918,319498.22171026,372771115.3184324
2015,nonharedi_jew,all_personal_excl_cyber,reason_not_reported,turned_elsewhere,False,0,287,0.0,319498.22171026,372771115.3184324
2016,all_20plus,all_personal_excl_cyber,reason_not_reported,ashamed,True,4,307,4598.44246719,365215.05060549,452337176.6615076
2016,all_20plus,all_personal_excl_cyber,reason_not_reported,fear_revenge,True,5,307,5626.4747423,365215.05060549,452337176.6615076
2016,all_20plus,all_personal_excl_cyber,reason_not_reported,handled_self,False,0,307,0.0,365215.05060549,452337176.6615076
2016,all_20plus,all_personal_excl_cyber,reason_not_reported,not_worth_bothering,True,41,307,46164.41876677,365215.05060549,452337176.6615076
2016,all_20plus,all_personal_excl_cyber,reason_not_reported,other,True,47,307,57523.423435979996,365215.05060549,452337176.6615076
2016,all_20plus,all_personal_excl_cyber,reason_not_reported,personal_time,True,41,307,46331.38755925,365215.05060549,452337176.6615076
2016,all_20plus,all_personal_excl_cyber,reason_not_reported,police_ineffective_past,True,62,307,73724.39750546,365215.05060549,452337176.6615076
2016,all_20plus,all_personal_excl_cyber,reason_not_reported,police_unable,True,43,307,53975.55497251,365215.05060549,452337176.6615076
2016,all_20plus,all_personal_excl_cyber,reason_not_reported,police_unwilling,True,32,307,39058.89067044,365215.05060549,452337176.6615076
2016,all_20plus,all_personal_excl_cyber,reason_not_reported,turned_elsewhere,True,32,307,38212.06048559,365215.05060549,452337176.6615076
2016,haredi,all_personal_excl_cyber,reason_not_reported,ashamed,True,0,21,0.0,24567.46866654,29311532.720334828
2016,haredi,all_personal_excl_cyber,reason_not_reported,fear_revenge,True,1,21,1090.1236663,24567.46866654,29311532.720334828
2016,haredi,all_personal_excl_cyber,reason_not_reported,handled_self,False,0,21,0.0,24567.46866654,29311532.720334828
2016,haredi,all_personal_excl_cyber,reason_not_reported,not_worth_bothering,True,2,21,2184.8228191,24567.46866654,29311532.720334828
2016,haredi,all_personal_excl_cyber,reason_not_reported,other,True,3,21,4253.6700656,24567.46866654,29311532.720334828
2016,haredi,all_personal_excl_cyber,reason_not_reported,personal_time,True,4,21,4760.8165401,24567.46866654,29311532.720334828
2016,haredi,all_personal_excl_cyber,reason_not_reported,police_ineffective_past,True,3,21,3332.0819377,24567.46866654,29311532.720334828
2016,haredi,all_personal_excl_cyber,reason_not_reported,police_unable,True,1,21,1148.9896771,24567.46866654,29311532.720334828
2016,haredi,all_personal_excl_cyber,reason_not_reported,police_unwilling,True,4,21,4529.16216307,24567.46866654,29311532.720334828
2016,haredi,all_personal_excl_cyber,reason_not_reported,turned_elsewhere,True,3,21,3267.8017975699995,24567.46866654,29311532.720334828
2016,nonharedi_jew,all_personal_excl_cyber,reason_not_reported,ashamed,True,4,229,4598.44246719,271736.46798528,335195116.6020113
2016,nonharedi_jew,all_personal_excl_cyber,reason_not_reported,fear_revenge,True,4,229,4536.351076,271736.46798528,335195116.6020113
2016,nonharedi_jew,all_personal_excl_cyber,reason_not_reported,handled_self,False,0,229,0.0,271736.46798528,335195116.6020113
2016,nonharedi_jew,all_personal_excl_cyber,reason_not_reported,not_worth_bothering,True,34,229,38745.29151291,271736.46798528,335195116.6020113
2016,nonharedi_jew,all_personal_excl_cyber,reason_not_reported,other,True,36,229,43869.41671506,271736.46798528,335195116.6020113
2016,nonharedi_jew,all_personal_excl_cyber,reason_not_reported,personal_time,True,28,229,32653.40297681,271736.46798528,335195116.6020113
2016,nonharedi_jew,all_personal_excl_cyber,reason_not_reported,police_ineffective_past,True,49,229,57810.60067759,271736.46798528,335195116.6020113
2016,nonharedi_jew,all_personal_excl_cyber,reason_not_reported,police_unable,True,33,229,40792.9398389,271736.46798528,335195116.6020113
2016,nonharedi_jew,all_personal_excl_cyber,reason_not_reported,police_unwilling,True,20,229,23673.271451189998,271736.46798528,335195116.6020113
2016,nonharedi_jew,all_personal_excl_cyber,reason_not_reported,turned_elsewhere,True,21,229,25056.751269629996,271736.46798528,335195116.6020113
2017,all_20plus,all_personal_excl_cyber,reason_not_reported,ashamed,True,8,280,7936.14465932,339194.19314399,428961984.5933006
2017,all_20plus,all_personal_excl_cyber,reason_not_reported,fear_revenge,True,8,280,9097.12231006,339194.19314399,428961984.5933006
2017,all_20plus,all_personal_excl_cyber,reason_not_reported,handled_self,False,0,280,0.0,339194.19314399,428961984.5933006
2017,all_20plus,all_personal_excl_cyber,reason_not_reported,not_worth_bothering,True,45,280,54341.650489399995,339194.19314399,428961984.5933006
2017,all_20plus,all_personal_excl_cyber,reason_not_reported,other,True,27,280,33935.39165322,339194.19314399,428961984.5933006
2017,all_20plus,all_personal_excl_cyber,reason_not_reported,personal_time,True,33,280,38603.7966814,339194.19314399,428961984.5933006
2017,all_20plus,all_personal_excl_cyber,reason_not_reported,police_ineffective_past,True,41,280,49569.848173289996,339194.19314399,428961984.5933006
2017,all_20plus,all_personal_excl_cyber,reason_not_reported,police_unable,True,45,280,56452.39762204999,339194.19314399,428961984.5933006
2017,all_20plus,all_personal_excl_cyber,reason_not_reported,police_unwilling,True,41,280,52693.48396017,339194.19314399,428961984.5933006
2017,all_20plus,all_personal_excl_cyber,reason_not_reported,turned_elsewhere,True,32,280,36564.35759508,339194.19314399,428961984.5933006
2017,haredi,all_personal_excl_cyber,reason_not_reported,ashamed,True,0,19,0.0,22715.1363466,27649681.540511757
2017,haredi,all_personal_excl_cyber,reason_not_reported,fear_revenge,True,1,19,1225.9964559,22715.1363466,27649681.540511757
2017,haredi,all_personal_excl_cyber,reason_not_reported,handled_self,False,0,19,0.0,22715.1363466,27649681.540511757
2017,haredi,all_personal_excl_cyber,reason_not_reported,not_worth_bothering,True,4,19,4645.733338980001,22715.1363466,27649681.540511757
2017,haredi,all_personal_excl_cyber,reason_not_reported,other,True,0,19,0.0,22715.1363466,27649681.540511757
2017,haredi,all_personal_excl_cyber,reason_not_reported,personal_time,True,5,19,5983.8245449999995,22715.1363466,27649681.540511757
2017,haredi,all_personal_excl_cyber,reason_not_reported,police_ineffective_past,True,2,19,2535.68174452,22715.1363466,27649681.540511757
2017,haredi,all_personal_excl_cyber,reason_not_reported,police_unable,True,3,19,3520.5820829,22715.1363466,27649681.540511757
2017,haredi,all_personal_excl_cyber,reason_not_reported,police_unwilling,True,1,19,1434.9043049,22715.1363466,27649681.540511757
2017,haredi,all_personal_excl_cyber,reason_not_reported,turned_elsewhere,True,3,19,3368.4138744,22715.1363466,27649681.540511757
2017,nonharedi_jew,all_personal_excl_cyber,reason_not_reported,ashamed,True,6,203,6563.13650847,249033.63646641996,313515284.01548976
2017,nonharedi_jew,all_personal_excl_cyber,reason_not_reported,fear_revenge,True,5,203,6007.778200459999,249033.63646641996,313515284.01548976
2017,nonharedi_jew,all_personal_excl_cyber,reason_not_reported,handled_self,False,0,203,0.0,249033.63646641996,313515284.01548976
2017,nonharedi_jew,all_personal_excl_cyber,reason_not_reported,not_worth_bothering,True,33,203,40986.95771201,249033.63646641996,313515284.01548976
2017,nonharedi_jew,all_personal_excl_cyber,reason_not_reported,other,True,21,203,26916.522256360004,249033.63646641996,313515284.01548976
2017,nonharedi_jew,all_personal_excl_cyber,reason_not_reported,personal_time,True,19,203,23872.53303795,249033.63646641996,313515284.01548976
2017,nonharedi_jew,all_personal_excl_cyber,reason_not_reported,police_ineffective_past,True,31,203,37663.56702019,249033.63646641996,313515284.01548976
2017,nonharedi_jew,all_personal_excl_cyber,reason_not_reported,police_unable,True,37,203,46309.33121322001,249033.63646641996,313515284.01548976
2017,nonharedi_jew,all_personal_excl_cyber,reason_not_reported,police_unwilling,True,27,203,33261.28847336,249033.63646641996,313515284.01548976
2017,nonharedi_jew,all_personal_excl_cyber,reason_not_reported,turned_elsewhere,True,24,203,27452.5220444,249033.63646641996,313515284.01548976
2018,all_20plus,all_personal_excl_cyber,reason_not_reported,ashamed,True,10,318,12051.434755039998,359628.79128203995,418075674.436326
2018,all_20plus,all_personal_excl_cyber,reason_not_reported,fear_revenge,True,10,318,11870.50529054,359628.79128203995,418075674.436326
2018,all_20plus,all_personal_excl_cyber,reason_not_reported,handled_self,False,0,318,0.0,359628.79128203995,418075674.436326
2018,all_20plus,all_personal_excl_cyber,reason_not_reported,not_worth_bothering,True,47,318,53361.074281069996,359628.79128203995,418075674.436326
2018,all_20plus,all_personal_excl_cyber,reason_not_reported,other,True,44,318,49431.16036568001,359628.79128203995,418075674.436326
2018,all_20plus,all_personal_excl_cyber,reason_not_reported,personal_time,True,55,318,63725.54317668,359628.79128203995,418075674.436326
2018,all_20plus,all_personal_excl_cyber,reason_not_reported,police_ineffective_past,True,44,318,48601.00146246,359628.79128203995,418075674.436326
2018,all_20plus,all_personal_excl_cyber,reason_not_reported,police_unable,True,38,318,42411.59846455,359628.79128203995,418075674.436326
2018,all_20plus,all_personal_excl_cyber,reason_not_reported,police_unwilling,True,44,318,49165.068886919995,359628.79128203995,418075674.436326
2018,all_20plus,all_personal_excl_cyber,reason_not_reported,turned_elsewhere,True,26,318,29011.4045991,359628.79128203995,418075674.436326
2018,haredi,all_personal_excl_cyber,reason_not_reported,ashamed,True,0,14,0.0,15391.928487290003,17213546.467681795
2018,haredi,all_personal_excl_cyber,reason_not_reported,fear_revenge,True,0,14,0.0,15391.928487290003,17213546.467681795
2018,haredi,all_personal_excl_cyber,reason_not_reported,handled_self,False,0,14,0.0,15391.928487290003,17213546.467681795
2018,haredi,all_personal_excl_cyber,reason_not_reported,not_worth_bothering,True,5,14,5365.451421309999,15391.928487290003,17213546.467681795
2018,haredi,all_personal_excl_cyber,reason_not_reported,other,True,0,14,0.0,15391.928487290003,17213546.467681795
2018,haredi,all_personal_excl_cyber,reason_not_reported,personal_time,True,3,14,3574.1785303,15391.928487290003,17213546.467681795
2018,haredi,all_personal_excl_cyber,reason_not_reported,police_ineffective_past,True,2,14,2058.86956627,15391.928487290003,17213546.467681795
2018,haredi,all_personal_excl_cyber,reason_not_reported,police_unable,True,2,14,1944.94357811,15391.928487290003,17213546.467681795
2018,haredi,all_personal_excl_cyber,reason_not_reported,police_unwilling,True,1,14,1285.5832075,15391.928487290003,17213546.467681795
2018,haredi,all_personal_excl_cyber,reason_not_reported,turned_elsewhere,True,1,14,1162.9021838,15391.928487290003,17213546.467681795
2018,nonharedi_jew,all_personal_excl_cyber,reason_not_reported,ashamed,True,8,257,8905.28139804,290041.22456843,334948067.68136585
2018,nonharedi_jew,all_personal_excl_cyber,reason_not_reported,fear_revenge,True,8,257,9390.02075614,290041.22456843,334948067.68136585
2018,nonharedi_jew,all_personal_excl_cyber,reason_not_reported,handled_self,False,0,257,0.0,290041.22456843,334948067.68136585
2018,nonharedi_jew,all_personal_excl_cyber,reason_not_reported,not_worth_bothering,True,37,257,42356.49905715,290041.22456843,334948067.68136585
2018,nonharedi_jew,all_personal_excl_cyber,reason_not_reported,other,True,39,257,44574.4539125,290041.22456843,334948067.68136585
2018,nonharedi_jew,all_personal_excl_cyber,reason_not_reported,personal_time,True,43,257,48672.66569190999,290041.22456843,334948067.68136585
2018,nonharedi_jew,all_personal_excl_cyber,reason_not_reported,police_ineffective_past,True,36,257,40360.64290176,290041.22456843,334948067.68136585
2018,nonharedi_jew,all_personal_excl_cyber,reason_not_reported,police_unable,True,32,257,35845.90823904,290041.22456843,334948067.68136585
2018,nonharedi_jew,all_personal_excl_cyber,reason_not_reported,police_unwilling,True,31,257,34653.93025739,290041.22456843,334948067.68136585
2018,nonharedi_jew,all_personal_excl_cyber,reason_not_reported,turned_elsewhere,True,23,257,25281.8223545,290041.22456843,334948067.68136585
2019,all_20plus,all_personal_excl_cyber,reason_not_reported,ashamed,True,5,315,5589.90658708,355126.73683897004,413259574.6123417
2019,all_20plus,all_personal_excl_cyber,reason_not_reported,fear_revenge,True,10,315,11490.673001340001,355126.73683897004,413259574.6123417
2019,all_20plus,all_personal_excl_cyber,reason_not_reported,handled_self,False,0,315,0.0,355126.73683897004,413259574.6123417
2019,all_20plus,all_personal_excl_cyber,reason_not_reported,not_worth_bothering,True,62,315,69148.31005132999,355126.73683897004,413259574.6123417
2019,all_20plus,all_personal_excl_cyber,reason_not_reported,other,True,11,315,11331.921041720001,355126.73683897004,413259574.6123417
2019,all_20plus,all_personal_excl_cyber,reason_not_reported,personal_time,True,52,315,58433.974886359996,355126.73683897004,413259574.6123417
2019,all_20plus,all_personal_excl_cyber,reason_not_reported,police_ineffective_past,True,58,315,65404.7282097,355126.73683897004,413259574.6123417
2019,all_20plus,all_personal_excl_cyber,reason_not_reported,police_unable,True,54,315,61420.6601689,355126.73683897004,413259574.6123417
2019,all_20plus,all_personal_excl_cyber,reason_not_reported,police_unwilling,True,42,315,47344.5174596,355126.73683897004,413259574.6123417
2019,all_20plus,all_personal_excl_cyber,reason_not_reported,turned_elsewhere,True,21,315,24962.04543294,355126.73683897004,413259574.6123417
2019,haredi,all_personal_excl_cyber,reason_not_reported,ashamed,True,0,27,0.0,28261.85407242,30152754.556334496
2019,haredi,all_personal_excl_cyber,reason_not_reported,fear_revenge,True,2,27,2030.83235468,28261.85407242,30152754.556334496
2019,haredi,all_personal_excl_cyber,reason_not_reported,handled_self,False,0,27,0.0,28261.85407242,30152754.556334496
2019,haredi,all_personal_excl_cyber,reason_not_reported,not_worth_bothering,True,9,27,9078.97835787,28261.85407242,30152754.556334496
2019,haredi,all_personal_excl_cyber,reason_not_reported,other,True,0,27,0.0,28261.85407242,30152754.556334496
2019,haredi,all_personal_excl_cyber,reason_not_reported,personal_time,True,3,27,3334.3084534,28261.85407242,30152754.556334496
2019,haredi,all_personal_excl_cyber,reason_not_reported,police_ineffective_past,True,4,27,3918.96359094,28261.85407242,30152754.556334496
2019,haredi,all_personal_excl_cyber,reason_not_reported,police_unable,True,8,27,8899.54765687,28261.85407242,30152754.556334496
2019,haredi,all_personal_excl_cyber,reason_not_reported,police_unwilling,True,1,27,999.22365866,28261.85407242,30152754.556334496
2019,haredi,all_personal_excl_cyber,reason_not_reported,turned_elsewhere,True,0,27,0.0,28261.85407242,30152754.556334496
2019,nonharedi_jew,all_personal_excl_cyber,reason_not_reported,ashamed,True,3,239,3103.53225528,269675.24300655,312979615.3451762
2019,nonharedi_jew,all_personal_excl_cyber,reason_not_reported,fear_revenge,True,5,239,6210.564853600001,269675.24300655,312979615.3451762
2019,nonharedi_jew,all_personal_excl_cyber,reason_not_reported,handled_self,False,0,239,0.0,269675.24300655,312979615.3451762
2019,nonharedi_jew,all_personal_excl_cyber,reason_not_reported,not_worth_bothering,True,43,239,48528.23954106,269675.24300655,312979615.3451762
2019,nonharedi_jew,all_personal_excl_cyber,reason_not_reported,other,True,10,239,10596.40535407,269675.24300655,312979615.3451762
2019,nonharedi_jew,all_personal_excl_cyber,reason_not_reported,personal_time,True,42,239,47069.565319190006,269675.24300655,312979615.3451762
2019,nonharedi_jew,all_personal_excl_cyber,reason_not_reported,police_ineffective_past,True,48,239,53576.070589480005,269675.24300655,312979615.3451762
2019,nonharedi_jew,all_personal_excl_cyber,reason_not_reported,police_unable,True,40,239,45631.420362929995,269675.24300655,312979615.3451762
2019,nonharedi_jew,all_personal_excl_cyber,reason_not_reported,police_unwilling,True,32,239,36520.7717235,269675.24300655,312979615.3451762
2019,nonharedi_jew,all_personal_excl_cyber,reason_not_reported,turned_elsewhere,True,16,239,18438.67300744,269675.24300655,312979615.3451762
2020,all_20plus,all_personal_excl_cyber,reason_not_reported,ashamed,True,8,254,7819.199141499999,274030.34110243,306377583.8978745
2020,all_20plus,all_personal_excl_cyber,reason_not_reported,fear_revenge,True,15,254,14035.26147216,274030.34110243,306377583.8978745
2020,all_20plus,all_personal_excl_cyber,reason_not_reported,handled_self,True,32,254,33886.50758957,274030.34110243,306377583.8978745
2020,all_20plus,all_personal_excl_cyber,reason_not_reported,not_worth_bothering,True,34,254,36864.18689222,274030.34110243,306377583.8978745
2020,all_20plus,all_personal_excl_cyber,reason_not_reported,other,True,10,254,11250.73898414,274030.34110243,306377583.8978745
2020,all_20plus,all_personal_excl_cyber,reason_not_reported,personal_time,True,30,254,34886.967853,274030.34110243,306377583.8978745
2020,all_20plus,all_personal_excl_cyber,reason_not_reported,police_ineffective_past,True,31,254,33612.06213644,274030.34110243,306377583.8978745
2020,all_20plus,all_personal_excl_cyber,reason_not_reported,police_unable,True,44,254,47737.898296600004,274030.34110243,306377583.8978745
2020,all_20plus,all_personal_excl_cyber,reason_not_reported,police_unwilling,True,40,254,43301.73095947,274030.34110243,306377583.8978745
2020,all_20plus,all_personal_excl_cyber,reason_not_reported,turned_elsewhere,True,10,254,10635.787777329999,274030.34110243,306377583.8978745
2020,haredi,all_personal_excl_cyber,reason_not_reported,ashamed,True,0,16,0.0,15763.308200079999,15710960.859625183
2020,haredi,all_personal_excl_cyber,reason_not_reported,fear_revenge,True,2,16,1729.38157778,15763.308200079999,15710960.859625183
2020,haredi,all_personal_excl_cyber,reason_not_reported,handled_self,True,1,16,902.24970523,15763.308200079999,15710960.859625183
2020,haredi,all_personal_excl_cyber,reason_not_reported,not_worth_bothering,True,3,16,3004.24349738,15763.308200079999,15710960.859625183
2020,haredi,all_personal_excl_cyber,reason_not_reported,other,True,0,16,0.0,15763.308200079999,15710960.859625183
2020,haredi,all_personal_excl_cyber,reason_not_reported,personal_time,True,0,16,0.0,15763.308200079999,15710960.859625183
2020,haredi,all_personal_excl_cyber,reason_not_reported,police_ineffective_past,True,1,16,950.6121907,15763.308200079999,15710960.859625183
2020,haredi,all_personal_excl_cyber,reason_not_reported,police_unable,True,3,16,3170.81859981,15763.308200079999,15710960.859625183
2020,haredi,all_personal_excl_cyber,reason_not_reported,police_unwilling,True,6,16,6006.0026291799995,15763.308200079999,15710960.859625183
2020,haredi,all_personal_excl_cyber,reason_not_reported,turned_elsewhere,True,0,16,0.0,15763.308200079999,15710960.859625183
2020,nonharedi_jew,all_personal_excl_cyber,reason_not_reported,ashamed,True,4,196,4192.768788990001,212846.08971484,238024480.08267862
2020,nonharedi_jew,all_personal_excl_cyber,reason_not_reported,fear_revenge,True,10,196,10352.654302179999,212846.08971484,238024480.08267862
2020,nonharedi_jew,all_personal_excl_cyber,reason_not_reported,handled_self,True,28,196,30297.241687230002,212846.08971484,238024480.08267862
2020,nonharedi_jew,all_personal_excl_cyber,reason_not_reported,not_worth_bothering,True,26,196,28381.938174169998,212846.08971484,238024480.08267862
2020,nonharedi_jew,all_personal_excl_cyber,reason_not_reported,other,True,7,196,7439.96315734,212846.08971484,238024480.08267862
2020,nonharedi_jew,all_personal_excl_cyber,reason_not_reported,personal_time,True,21,196,24429.737280859998,212846.08971484,238024480.08267862
2020,nonharedi_jew,all_personal_excl_cyber,reason_not_reported,police_ineffective_past,True,25,196,27437.754941859996,212846.08971484,238024480.08267862
2020,nonharedi_jew,all_personal_excl_cyber,reason_not_reported,police_unable,True,36,196,37702.49289289,212846.08971484,238024480.08267862
2020,nonharedi_jew,all_personal_excl_cyber,reason_not_reported,police_unwilling,True,29,196,31975.75071199,212846.08971484,238024480.08267862
2020,nonharedi_jew,all_personal_excl_cyber,reason_not_reported,turned_elsewhere,True,10,196,10635.787777329999,212846.08971484,238024480.08267862
2021,all_20plus,all_personal_excl_cyber,reason_not_reported,ashamed,True,4,324,4601.3807840300005,366442.18031122,429280378.87085766
2021,all_20plus,all_personal_excl_cyber,reason_not_reported,fear_revenge,True,9,324,9924.309390620001,366442.18031122,429280378.87085766
2021,all_20plus,all_personal_excl_cyber,reason_not_reported,handled_self,True,33,324,37765.67065167,366442.18031122,429280378.87085766
2021,all_20plus,all_personal_excl_cyber,reason_not_reported,not_worth_bothering,True,54,324,63348.11057176,366442.18031122,429280378.87085766
2021,all_20plus,all_personal_excl_cyber,reason_not_reported,other,True,16,324,17904.65898335,366442.18031122,429280378.87085766
2021,all_20plus,all_personal_excl_cyber,reason_not_reported,personal_time,True,43,324,47421.576281,366442.18031122,429280378.87085766
2021,all_20plus,all_personal_excl_cyber,reason_not_reported,police_ineffective_past,True,56,324,62008.54170888,366442.18031122,429280378.87085766
2021,all_20plus,all_personal_excl_cyber,reason_not_reported,police_unable,True,39,324,44443.8639732,366442.18031122,429280378.87085766
2021,all_20plus,all_personal_excl_cyber,reason_not_reported,police_unwilling,True,52,324,58683.292893000005,366442.18031122,429280378.87085766
2021,all_20plus,all_personal_excl_cyber,reason_not_reported,turned_elsewhere,True,18,324,20340.77507371,366442.18031122,429280378.87085766
2021,haredi,all_personal_excl_cyber,reason_not_reported,ashamed,True,0,24,0.0,27075.769964990002,31003273.67442493
2021,haredi,all_personal_excl_cyber,reason_not_reported,fear_revenge,True,1,24,895.11629785,27075.769964990002,31003273.67442493
2021,haredi,all_personal_excl_cyber,reason_not_reported,handled_self,True,3,24,3356.5841625000003,27075.769964990002,31003273.67442493
2021,haredi,all_personal_excl_cyber,reason_not_reported,not_worth_bothering,True,3,24,3732.1115369999998,27075.769964990002,31003273.67442493
2021,haredi,all_personal_excl_cyber,reason_not_reported,other,True,0,24,0.0,27075.769964990002,31003273.67442493
2021,haredi,all_personal_excl_cyber,reason_not_reported,personal_time,True,4,24,4271.54576413,27075.769964990002,31003273.67442493
2021,haredi,all_personal_excl_cyber,reason_not_reported,police_ineffective_past,True,2,24,1981.67961261,27075.769964990002,31003273.67442493
2021,haredi,all_personal_excl_cyber,reason_not_reported,police_unable,True,3,24,3672.0693133,27075.769964990002,31003273.67442493
2021,haredi,all_personal_excl_cyber,reason_not_reported,police_unwilling,True,5,24,5731.2148607,27075.769964990002,31003273.67442493
2021,haredi,all_personal_excl_cyber,reason_not_reported,turned_elsewhere,True,3,24,3435.4484168999998,27075.769964990002,31003273.67442493
2021,nonharedi_jew,all_personal_excl_cyber,reason_not_reported,ashamed,True,4,255,4601.3807840300005,286714.24803750997,331153262.8168498
2021,nonharedi_jew,all_personal_excl_cyber,reason_not_reported,fear_revenge,True,7,255,7932.920291969999,286714.24803750997,331153262.8168498
2021,nonharedi_jew,all_personal_excl_cyber,reason_not_reported,handled_self,True,28,255,32515.674430419996,286714.24803750997,331153262.8168498
2021,nonharedi_jew,all_personal_excl_cyber,reason_not_reported,not_worth_bothering,True,41,255,47597.14899357,286714.24803750997,331153262.8168498
2021,nonharedi_jew,all_personal_excl_cyber,reason_not_reported,other,True,14,255,15600.912134650001,286714.24803750997,331153262.8168498
2021,nonharedi_jew,all_personal_excl_cyber,reason_not_reported,personal_time,True,32,255,35483.49671996,286714.24803750997,331153262.8168498
2021,nonharedi_jew,all_personal_excl_cyber,reason_not_reported,police_ineffective_past,True,43,255,46817.990587680004,286714.24803750997,331153262.8168498
2021,nonharedi_jew,all_personal_excl_cyber,reason_not_reported,police_unable,True,32,255,35511.630514480006,286714.24803750997,331153262.8168498
2021,nonharedi_jew,all_personal_excl_cyber,reason_not_reported,police_unwilling,True,41,255,46465.14147917,286714.24803750997,331153262.8168498
2021,nonharedi_jew,all_personal_excl_cyber,reason_not_reported,turned_elsewhere,True,13,255,14187.952101579998,286714.24803750997,331153262.8168498
2022,all_20plus,all_personal_excl_cyber,reason_not_reported,ashamed,True,3,300,3722.2558216000007,372171.40331357997,473307034.058681
2022,all_20plus,all_personal_excl_cyber,reason_not_reported,fear_revenge,True,13,300,16203.58638668,372171.40331357997,473307034.058681
2022,all_20plus,all_personal_excl_cyber,reason_not_reported,handled_self,True,22,300,26933.60441952,372171.40331357997,473307034.058681
2022,all_20plus,all_personal_excl_cyber,reason_not_reported,not_worth_bothering,True,41,300,51718.44657944,372171.40331357997,473307034.058681
2022,all_20plus,all_personal_excl_cyber,reason_not_reported,other,True,18,300,21705.08659586,372171.40331357997,473307034.058681
2022,all_20plus,all_personal_excl_cyber,reason_not_reported,personal_time,True,44,300,52314.020746170005,372171.40331357997,473307034.058681
2022,all_20plus,all_personal_excl_cyber,reason_not_reported,police_ineffective_past,True,44,300,54404.01299642,372171.40331357997,473307034.058681
2022,all_20plus,all_personal_excl_cyber,reason_not_reported,police_unable,True,51,300,64599.37395065,372171.40331357997,473307034.058681
2022,all_20plus,all_personal_excl_cyber,reason_not_reported,police_unwilling,True,60,300,75598.45104974,372171.40331357997,473307034.058681
2022,all_20plus,all_personal_excl_cyber,reason_not_reported,turned_elsewhere,True,4,300,4972.5647675,372171.40331357997,473307034.058681
2022,haredi,all_personal_excl_cyber,reason_not_reported,ashamed,True,0,21,0.0,25834.030855880002,32292928.705778234
2022,haredi,all_personal_excl_cyber,reason_not_reported,fear_revenge,True,0,21,0.0,25834.030855880002,32292928.705778234
2022,haredi,all_personal_excl_cyber,reason_not_reported,handled_self,True,1,21,1292.1953269,25834.030855880002,32292928.705778234
2022,haredi,all_personal_excl_cyber,reason_not_reported,not_worth_bothering,True,3,21,3857.2409523000006,25834.030855880002,32292928.705778234
2022,haredi,all_personal_excl_cyber,reason_not_reported,other,True,3,21,3017.68079888,25834.030855880002,32292928.705778234
2022,haredi,all_personal_excl_cyber,reason_not_reported,personal_time,True,2,21,2442.3835819,25834.030855880002,32292928.705778234
2022,haredi,all_personal_excl_cyber,reason_not_reported,police_ineffective_past,True,8,21,10252.991641100001,25834.030855880002,32292928.705778234
2022,haredi,all_personal_excl_cyber,reason_not_reported,police_unable,True,0,21,0.0,25834.030855880002,32292928.705778234
2022,haredi,all_personal_excl_cyber,reason_not_reported,police_unwilling,True,4,21,4971.5385548,25834.030855880002,32292928.705778234
2022,haredi,all_personal_excl_cyber,reason_not_reported,turned_elsewhere,True,0,21,0.0,25834.030855880002,32292928.705778234
2022,nonharedi_jew,all_personal_excl_cyber,reason_not_reported,ashamed,True,2,229,2237.7124645000004,283316.51348214,358482761.7624142
2022,nonharedi_jew,all_personal_excl_cyber,reason_not_reported,fear_revenge,True,13,229,16203.58638668,283316.51348214,358482761.7624142
2022,nonharedi_jew,all_personal_excl_cyber,reason_not_reported,handled_self,True,18,229,21493.869770870002,283316.51348214,358482761.7624142
2022,nonharedi_jew,all_personal_excl_cyber,reason_not_reported,not_worth_bothering,True,35,229,44380.528028,283316.51348214,358482761.7624142
2022,nonharedi_jew,all_personal_excl_cyber,reason_not_reported,other,True,13,229,15809.344180279999,283316.51348214,358482761.7624142
2022,nonharedi_jew,all_personal_excl_cyber,reason_not_reported,personal_time,True,30,229,35591.46735051,283316.51348214,358482761.7624142
2022,nonharedi_jew,all_personal_excl_cyber,reason_not_reported,police_ineffective_past,True,33,229,40323.32627058,283316.51348214,358482761.7624142
2022,nonharedi_jew,all_personal_excl_cyber,reason_not_reported,police_unable,True,39,229,49119.81399381,283316.51348214,358482761.7624142
2022,nonharedi_jew,all_personal_excl_cyber,reason_not_reported,police_unwilling,True,42,229,53184.30026941,283316.51348214,358482761.7624142
2022,nonharedi_jew,all_personal_excl_cyber,reason_not_reported,turned_elsewhere,True,4,229,4972.5647675,283316.51348214,358482761.7624142
2023,all_20plus,all_personal_excl_cyber,reason_not_reported,ashamed,True,8,396,10953.031173149999,520460.44879317994,704183175.5407894
2023,all_20plus,all_personal_excl_cyber,reason_not_reported,fear_revenge,True,8,396,11811.9582886,520460.44879317994,704183175.5407894
2023,all_20plus,all_personal_excl_cyber,reason_not_reported,handled_self,True,41,396,53984.17612524999,520460.44879317994,704183175.5407894
2023,all_20plus,all_personal_excl_cyber,reason_not_reported,not_worth_bothering,True,49,396,63460.89703657001,520460.44879317994,704183175.5407894
2023,all_20plus,all_personal_excl_cyber,reason_not_reported,other,True,16,396,21524.58444084,520460.44879317994,704183175.5407894
2023,all_20plus,all_personal_excl_cyber,reason_not_reported,personal_time,True,52,396,68967.77857808,520460.44879317994,704183175.5407894
2023,all_20plus,all_personal_excl_cyber,reason_not_reported,police_ineffective_past,True,59,396,76579.64119339,520460.44879317994,704183175.5407894
2023,all_20plus,all_personal_excl_cyber,reason_not_reported,police_unable,True,56,396,75217.25365311999,520460.44879317994,704183175.5407894
2023,all_20plus,all_personal_excl_cyber,reason_not_reported,police_unwilling,True,84,396,108271.31448367002,520460.44879317994,704183175.5407894
2023,all_20plus,all_personal_excl_cyber,reason_not_reported,turned_elsewhere,True,23,396,29689.81382051,520460.44879317994,704183175.5407894
2023,haredi,all_personal_excl_cyber,reason_not_reported,ashamed,True,1,39,1349.1819056,47865.333514859994,61104264.63193084
2023,haredi,all_personal_excl_cyber,reason_not_reported,fear_revenge,True,0,39,0.0,47865.333514859994,61104264.63193084
2023,haredi,all_personal_excl_cyber,reason_not_reported,handled_self,True,3,39,3244.09863292,47865.333514859994,61104264.63193084
2023,haredi,all_personal_excl_cyber,reason_not_reported,not_worth_bothering,True,6,39,7139.7829691,47865.333514859994,61104264.63193084
2023,haredi,all_personal_excl_cyber,reason_not_reported,other,True,1,39,1521.9415545,47865.333514859994,61104264.63193084
2023,haredi,all_personal_excl_cyber,reason_not_reported,personal_time,True,1,39,1553.4860188,47865.333514859994,61104264.63193084
2023,haredi,all_personal_excl_cyber,reason_not_reported,police_ineffective_past,True,8,39,9894.3451554,47865.333514859994,61104264.63193084
2023,haredi,all_personal_excl_cyber,reason_not_reported,police_unable,True,7,39,8369.07174182,47865.333514859994,61104264.63193084
2023,haredi,all_personal_excl_cyber,reason_not_reported,police_unwilling,True,8,39,10531.7988252,47865.333514859994,61104264.63193084
2023,haredi,all_personal_excl_cyber,reason_not_reported,turned_elsewhere,True,4,39,4261.62671152,47865.333514859994,61104264.63193084
2023,nonharedi_jew,all_personal_excl_cyber,reason_not_reported,ashamed,True,4,293,5472.75943695,386821.49775542004,524173673.67933166
2023,nonharedi_jew,all_personal_excl_cyber,reason_not_reported,fear_revenge,True,5,293,7035.1004068,386821.49775542004,524173673.67933166
2023,nonharedi_jew,all_personal_excl_cyber,reason_not_reported,handled_self,True,30,293,40917.943568799994,386821.49775542004,524173673.67933166
2023,nonharedi_jew,all_personal_excl_cyber,reason_not_reported,not_worth_bothering,True,38,293,49444.60255117,386821.49775542004,524173673.67933166
2023,nonharedi_jew,all_personal_excl_cyber,reason_not_reported,other,True,12,293,15922.005495640002,386821.49775542004,524173673.67933166
2023,nonharedi_jew,all_personal_excl_cyber,reason_not_reported,personal_time,True,41,293,53334.77388848,386821.49775542004,524173673.67933166
2023,nonharedi_jew,all_personal_excl_cyber,reason_not_reported,police_ineffective_past,True,42,293,54369.048934290004,386821.49775542004,524173673.67933166
2023,nonharedi_jew,all_personal_excl_cyber,reason_not_reported,police_unable,True,43,293,59732.1614889,386821.49775542004,524173673.67933166
2023,nonharedi_jew,all_personal_excl_cyber,reason_not_reported,police_unwilling,True,65,293,83657.98500877,386821.49775542004,524173673.67933166
2023,nonharedi_jew,all_personal_excl_cyber,reason_not_reported,turned_elsewhere,True,13,293,16935.11697562,386821.49775542004,524173673.67933166
2024,all_20plus,all_personal_excl_cyber,reason_not_reported,ashamed,True,11,301,14016.245751199998,401061.0453792,552062022.7778289
2024,all_20plus,all_personal_excl_cyber,reason_not_reported,fear_revenge,True,11,301,14190.017303999999,401061.0453792,552062022.7778289
2024,all_20plus,all_personal_excl_cyber,reason_not_reported,handled_self,True,42,301,55676.7359251,401061.0453792,552062022.7778289
2024,all_20plus,all_personal_excl_cyber,reason_not_reported,not_worth_bothering,True,31,301,41436.178591100004,401061.0453792,552062022.7778289
2024,all_20plus,all_personal_excl_cyber,reason_not_reported,other,True,8,301,10843.6247044,401061.0453792,552062022.7778289
2024,all_20plus,all_personal_excl_cyber,reason_not_reported,personal_time,True,47,301,61394.9126565,401061.0453792,552062022.7778289
2024,all_20plus,all_personal_excl_cyber,reason_not_reported,police_ineffective_past,True,46,301,61796.3859868,401061.0453792,552062022.7778289
2024,all_20plus,all_personal_excl_cyber,reason_not_reported,police_unable,True,35,301,47319.8969177,401061.0453792,552062022.7778289
2024,all_20plus,all_personal_excl_cyber,reason_not_reported,police_unwilling,True,46,301,61720.1687654,401061.0453792,552062022.7778289
2024,all_20plus,all_personal_excl_cyber,reason_not_reported,turned_elsewhere,True,24,301,32666.878776999998,401061.0453792,552062022.7778289
2024,haredi,all_personal_excl_cyber,reason_not_reported,ashamed,True,0,39,0.0,50181.530890999995,65364792.00494538
2024,haredi,all_personal_excl_cyber,reason_not_reported,fear_revenge,True,2,39,2274.563576,50181.530890999995,65364792.00494538
2024,haredi,all_personal_excl_cyber,reason_not_reported,handled_self,True,6,39,7380.839054,50181.530890999995,65364792.00494538
2024,haredi,all_personal_excl_cyber,reason_not_reported,not_worth_bothering,True,2,39,2535.2087149999998,50181.530890999995,65364792.00494538
2024,haredi,all_personal_excl_cyber,reason_not_reported,other,True,2,39,2947.316505,50181.530890999995,65364792.00494538
2024,haredi,all_personal_excl_cyber,reason_not_reported,personal_time,True,8,39,10873.306581,50181.530890999995,65364792.00494538
2024,haredi,all_personal_excl_cyber,reason_not_reported,police_ineffective_past,True,6,39,7693.758466,50181.530890999995,65364792.00494538
2024,haredi,all_personal_excl_cyber,reason_not_reported,police_unable,True,4,39,4884.580018,50181.530890999995,65364792.00494538
2024,haredi,all_personal_excl_cyber,reason_not_reported,police_unwilling,True,8,39,10025.24329,50181.530890999995,65364792.00494538
2024,haredi,all_personal_excl_cyber,reason_not_reported,turned_elsewhere,True,1,39,1566.714686,50181.530890999995,65364792.00494538
2024,nonharedi_jew,all_personal_excl_cyber,reason_not_reported,ashamed,True,8,224,10153.2766515,303143.7031738,420739908.0257625
2024,nonharedi_jew,all_personal_excl_cyber,reason_not_reported,fear_revenge,True,9,224,11915.453728,303143.7031738,420739908.0257625
2024,nonharedi_jew,all_personal_excl_cyber,reason_not_reported,handled_self,True,24,224,32776.330853,303143.7031738,420739908.0257625
2024,nonharedi_jew,all_personal_excl_cyber,reason_not_reported,not_worth_bothering,True,25,224,34728.2132634,303143.7031738,420739908.0257625
2024,nonharedi_jew,all_personal_excl_cyber,reason_not_reported,other,True,4,224,5599.9768864,303143.7031738,420739908.0257625
2024,nonharedi_jew,all_personal_excl_cyber,reason_not_reported,personal_time,True,34,224,45437.530677799994,303143.7031738,420739908.0257625
2024,nonharedi_jew,all_personal_excl_cyber,reason_not_reported,police_ineffective_past,True,36,224,48599.0774028,303143.7031738,420739908.0257625
2024,nonharedi_jew,all_personal_excl_cyber,reason_not_reported,police_unable,True,26,224,35346.8801795,303143.7031738,420739908.0257625
2024,nonharedi_jew,all_personal_excl_cyber,reason_not_reported,police_unwilling,True,37,224,50539.477842399996,303143.7031738,420739908.0257625
2024,nonharedi_jew,all_personal_excl_cyber,reason_not_reported,turned_elsewhere,True,21,224,28047.485689,303143.7031738,420739908.0257625
2025,all_20plus,all_personal_excl_cyber,reason_not_reported,ashamed,True,7,322,8740.260108800001,406397.97584766,535688934.4593653
2025,all_20plus,all_personal_excl_cyber,reason_not_reported,fear_revenge,True,8,322,11290.2884434,406397.97584766,535688934.4593653
2025,all_20plus,all_personal_excl_cyber,reason_not_reported,handled_self,True,58,322,71994.06705806,406397.97584766,535688934.4593653
2025,all_20plus,all_personal_excl_cyber,reason_not_reported,not_worth_bothering,True,32,322,41075.93456181,406397.97584766,535688934.4593653
2025,all_20plus,all_personal_excl_cyber,reason_not_reported,other,True,12,322,15390.3732192,406397.97584766,535688934.4593653
2025,all_20plus,all_personal_excl_cyber,reason_not_reported,personal_time,True,58,322,75110.39868238001,406397.97584766,535688934.4593653
2025,all_20plus,all_personal_excl_cyber,reason_not_reported,police_ineffective_past,True,36,322,46377.08981424,406397.97584766,535688934.4593653
2025,all_20plus,all_personal_excl_cyber,reason_not_reported,police_unable,True,43,322,52249.09392726,406397.97584766,535688934.4593653
2025,all_20plus,all_personal_excl_cyber,reason_not_reported,police_unwilling,True,53,322,65664.99578915001,406397.97584766,535688934.4593653
2025,all_20plus,all_personal_excl_cyber,reason_not_reported,turned_elsewhere,True,15,322,18505.47424336,406397.97584766,535688934.4593653
2025,haredi,all_personal_excl_cyber,reason_not_reported,ashamed,True,0,28,0.0,33515.21728844,41093571.3121811
2025,haredi,all_personal_excl_cyber,reason_not_reported,fear_revenge,True,0,28,0.0,33515.21728844,41093571.3121811
2025,haredi,all_personal_excl_cyber,reason_not_reported,handled_self,True,5,28,5746.9629781,33515.21728844,41093571.3121811
2025,haredi,all_personal_excl_cyber,reason_not_reported,not_worth_bothering,True,2,28,1902.61166423,33515.21728844,41093571.3121811
2025,haredi,all_personal_excl_cyber,reason_not_reported,other,True,0,28,0.0,33515.21728844,41093571.3121811
2025,haredi,all_personal_excl_cyber,reason_not_reported,personal_time,True,6,28,7428.162928199999,33515.21728844,41093571.3121811
2025,haredi,all_personal_excl_cyber,reason_not_reported,police_ineffective_past,True,4,28,4826.0998771,33515.21728844,41093571.3121811
2025,haredi,all_personal_excl_cyber,reason_not_reported,police_unable,True,4,28,5141.835570699999,33515.21728844,41093571.3121811
2025,haredi,all_personal_excl_cyber,reason_not_reported,police_unwilling,True,5,28,6224.9715541000005,33515.21728844,41093571.3121811
2025,haredi,all_personal_excl_cyber,reason_not_reported,turned_elsewhere,True,2,28,2244.57271601,33515.21728844,41093571.3121811
2025,nonharedi_jew,all_personal_excl_cyber,reason_not_reported,ashamed,True,5,238,6342.8470493,308619.85046383005,416451538.3442968
2025,nonharedi_jew,all_personal_excl_cyber,reason_not_reported,fear_revenge,True,7,238,9623.9386428,308619.85046383005,416451538.3442968
2025,nonharedi_jew,all_personal_excl_cyber,reason_not_reported,handled_self,True,36,238,47160.950992590006,308619.85046383005,416451538.3442968
2025,nonharedi_jew,all_personal_excl_cyber,reason_not_reported,not_worth_bothering,True,28,238,36645.23353708,308619.85046383005,416451538.3442968
2025,nonharedi_jew,all_personal_excl_cyber,reason_not_reported,other,True,8,238,10292.728942599999,308619.85046383005,416451538.3442968
2025,nonharedi_jew,all_personal_excl_cyber,reason_not_reported,personal_time,True,43,238,57489.83383235,308619.85046383005,416451538.3442968
2025,nonharedi_jew,all_personal_excl_cyber,reason_not_reported,police_ineffective_past,True,30,238,39291.694054780004,308619.85046383005,416451538.3442968
2025,nonharedi_jew,all_personal_excl_cyber,reason_not_reported,police_unable,True,30,238,36649.33497613,308619.85046383005,416451538.3442968
2025,nonharedi_jew,all_personal_excl_cyber,reason_not_reported,police_unwilling,True,40,238,50850.03726220001,308619.85046383005,416451538.3442968
2025,nonharedi_jew,all_personal_excl_cyber,reason_not_reported,turned_elsewhere,True,11,238,14273.251173999999,308619.85046383005,416451538.3442968
2015,all_20plus,all_personal,reason_broad,handled_otherwise,False,0,541,0.0,623329.1982424201,767746280.8819733
2015,all_20plus,all_personal,reason_broad,not_worth_it,True,95,541,108056.94438329,623329.1982424201,767746280.8819733
2015,all_20plus,all_personal,reason_broad,other,True,106,541,120419.48844174,623329.1982424201,767746280.8819733
2015,all_20plus,all_personal,reason_broad,police_wont_help,True,309,541,357303.29961419,623329.1982424201,767746280.8819733
2015,all_20plus,all_personal,reason_broad,shame_fear,True,31,541,37549.4658032,623329.1982424201,767746280.8819733
2015,haredi,all_personal,reason_broad,handled_otherwise,False,0,28,0.0,31402.273168480002,36700587.86510448
2015,haredi,all_personal,reason_broad,not_worth_it,True,4,28,3889.52063099,31402.273168480002,36700587.86510448
2015,haredi,all_personal,reason_broad,other,True,6,28,6432.86719677,31402.273168480002,36700587.86510448
2015,haredi,all_personal,reason_broad,police_wont_help,True,16,28,18906.63566321,31402.273168480002,36700587.86510448
2015,haredi,all_personal,reason_broad,shame_fear,True,2,28,2173.24967751,31402.273168480002,36700587.86510448
2015,nonharedi_jew,all_personal,reason_broad,handled_otherwise,False,0,436,0.0,487069.05852831004,571955184.1316645
2015,nonharedi_jew,all_personal,reason_broad,not_worth_it,True,78,436,86720.49126052,487069.05852831004,571955184.1316645
2015,nonharedi_jew,all_personal,reason_broad,other,True,83,436,89827.99397538,487069.05852831004,571955184.1316645
2015,nonharedi_jew,all_personal,reason_broad,police_wont_help,True,249,436,281267.94313822,487069.05852831004,571955184.1316645
2015,nonharedi_jew,all_personal,reason_broad,shame_fear,True,26,436,29252.630154190003,487069.05852831004,571955184.1316645
2016,all_20plus,all_personal,reason_broad,handled_otherwise,True,78,467,88581.85218577,551705.93681299,678821324.4317201
2016,all_20plus,all_personal,reason_broad,not_worth_it,True,125,467,142312.48117655,551705.93681299,678821324.4317201
2016,all_20plus,all_personal,reason_broad,other,True,67,467,81632.66368149,551705.93681299,678821324.4317201
2016,all_20plus,all_personal,reason_broad,police_wont_help,True,182,467,220617.22562239,551705.93681299,678821324.4317201
2016,all_20plus,all_personal,reason_broad,shame_fear,True,15,467,18561.71414679,551705.93681299,678821324.4317201
2016,haredi,all_personal,reason_broad,handled_otherwise,True,4,26,4151.154975279999,30396.27014965,36276925.1878757
2016,haredi,all_personal,reason_broad,not_worth_it,True,8,26,9185.3354861,30396.27014965,36276925.1878757
2016,haredi,all_personal,reason_broad,other,True,3,26,4253.6700656,30396.27014965,36276925.1878757
2016,haredi,all_personal,reason_broad,police_wont_help,True,10,26,11715.985956370001,30396.27014965,36276925.1878757
2016,haredi,all_personal,reason_broad,shame_fear,True,1,26,1090.1236663,30396.27014965,36276925.1878757
2016,nonharedi_jew,all_personal,reason_broad,handled_otherwise,True,57,352,63794.65168120999,413056.8380055,503328126.8543409
2016,nonharedi_jew,all_personal,reason_broad,not_worth_it,True,95,352,109303.42337106001,413056.8380055,503328126.8543409
2016,nonharedi_jew,all_personal,reason_broad,other,True,52,352,62820.87672863,413056.8380055,503328126.8543409
2016,nonharedi_jew,all_personal,reason_broad,police_wont_help,True,138,352,165291.95166151,413056.8380055,503328126.8543409
2016,nonharedi_jew,all_personal,reason_broad,shame_fear,True,10,352,11845.934563089999,413056.8380055,503328126.8543409
2017,all_20plus,all_personal,reason_broad,handled_otherwise,True,70,429,83715.66681056,522861.95995402004,666303997.2148046
2017,all_20plus,all_personal,reason_broad,not_worth_it,True,120,429,145837.2596217,522861.95995402004,666303997.2148046
2017,all_20plus,all_personal,reason_broad,other,True,47,429,59049.76435556,522861.95995402004,666303997.2148046
2017,all_20plus,all_personal,reason_broad,police_wont_help,True,175,429,215599.59185352,522861.95995402004,666303997.2148046
2017,all_20plus,all_personal,reason_broad,shame_fear,True,17,429,18659.67731268,522861.95995402004,666303997.2148046
2017,haredi,all_personal,reason_broad,handled_otherwise,True,4,25,4567.874490300001,29568.671311500002,35498007.47689663
2017,haredi,all_personal,reason_broad,not_worth_it,True,12,25,13990.00902408,29568.671311500002,35498007.47689663
2017,haredi,all_personal,reason_broad,other,True,1,25,1090.7721985,29568.671311500002,35498007.47689663
2017,haredi,all_personal,reason_broad,police_wont_help,True,7,25,8694.01914272,29568.671311500002,35498007.47689663
2017,haredi,all_personal,reason_broad,shame_fear,True,1,25,1225.9964559,29568.671311500002,35498007.47689663
2017,nonharedi_jew,all_personal,reason_broad,handled_otherwise,True,57,320,67335.69777498,391402.51244386,491608536.00325584
2017,nonharedi_jew,all_personal,reason_broad,not_worth_it,True,82,320,101913.90746694,391402.51244386,491608536.00325584
2017,nonharedi_jew,all_personal,reason_broad,other,True,38,320,48365.3972693,391402.51244386,491608536.00325584
2017,nonharedi_jew,all_personal,reason_broad,police_wont_help,True,132,320,161216.59522371,391402.51244386,491608536.00325584
2017,nonharedi_jew,all_personal,reason_broad,shame_fear,True,11,320,12570.914708929999,391402.51244386,491608536.00325584
2018,all_20plus,all_personal,reason_broad,handled_otherwise,True,49,475,54478.10785223,530439.4953707099,608842107.8578184
2018,all_20plus,all_personal,reason_broad,not_worth_it,True,142,475,159401.4877301,530439.4953707099,608842107.8578184
2018,all_20plus,all_personal,reason_broad,other,True,74,475,83527.60969632,530439.4953707099,608842107.8578184
2018,all_20plus,all_personal,reason_broad,police_wont_help,True,188,475,206765.82590424002,530439.4953707099,608842107.8578184
2018,all_20plus,all_personal,reason_broad,shame_fear,True,22,475,26266.46418782,530439.4953707099,608842107.8578184
2018,haredi,all_personal,reason_broad,handled_otherwise,True,3,19,3236.1979610999997,20877.47395909,23255784.933041852
2018,haredi,all_personal,reason_broad,not_worth_it,True,9,19,10031.32743781,20877.47395909,23255784.933041852
2018,haredi,all_personal,reason_broad,other,True,1,19,1094.5065782,20877.47395909,23255784.933041852
2018,haredi,all_personal,reason_broad,police_wont_help,True,6,19,6515.4419819800005,20877.47395909,23255784.933041852
2018,haredi,all_personal,reason_broad,shame_fear,True,0,19,0.0,20877.47395909,23255784.933041852
2018,nonharedi_jew,all_personal,reason_broad,handled_otherwise,True,42,390,46466.04872533,433357.70633201,493387651.4118305
2018,nonharedi_jew,all_personal,reason_broad,not_worth_it,True,116,390,128681.31377821,433357.70633201,493387651.4118305
2018,nonharedi_jew,all_personal,reason_broad,other,True,64,390,72385.88207364,433357.70633201,493387651.4118305
2018,nonharedi_jew,all_personal,reason_broad,police_wont_help,True,151,390,166051.83668735,433357.70633201,493387651.4118305
2018,nonharedi_jew,all_personal,reason_broad,shame_fear,True,17,390,19772.62506748,433357.70633201,493387651.4118305
2019,all_20plus,all_personal,reason_broad,handled_otherwise,True,71,488,81723.66273503,547960.01132563,635058024.0137053
2019,all_20plus,all_personal,reason_broad,not_worth_it,True,157,488,174330.09401951998,547960.01132563,635058024.0137053
2019,all_20plus,all_personal,reason_broad,other,True,28,488,31416.43214681,547960.01132563,635058024.0137053
2019,all_20plus,all_personal,reason_broad,police_wont_help,True,212,488,238257.55711085998,547960.01132563,635058024.0137053
2019,all_20plus,all_personal,reason_broad,shame_fear,True,20,488,22232.26531341,547960.01132563,635058024.0137053
2019,haredi,all_personal,reason_broad,handled_otherwise,True,1,37,1051.3099071,39055.87706513,42053327.2080352
2019,haredi,all_personal,reason_broad,not_worth_it,True,16,37,16549.00657403,39055.87706513,42053327.2080352
2019,haredi,all_personal,reason_broad,other,True,1,37,1349.667484,39055.87706513,42053327.2080352
2019,haredi,all_personal,reason_broad,police_wont_help,True,16,37,16946.17197522,39055.87706513,42053327.2080352
2019,haredi,all_personal,reason_broad,shame_fear,True,3,37,3159.72112478,39055.87706513,42053327.2080352
2019,nonharedi_jew,all_personal,reason_broad,handled_otherwise,True,62,379,71008.54952202001,427657.2850425299,495188753.3372681
2019,nonharedi_jew,all_personal,reason_broad,not_worth_it,True,121,379,135768.64501702,427657.2850425299,495188753.3372681
2019,nonharedi_jew,all_personal,reason_broad,other,True,22,379,23901.22683951,427657.2850425299,495188753.3372681
2019,nonharedi_jew,all_personal,reason_broad,police_wont_help,True,164,379,185889.64801874,427657.2850425299,495188753.3372681
2019,nonharedi_jew,all_personal,reason_broad,shame_fear,True,10,379,11089.21564524,427657.2850425299,495188753.3372681
2020,all_20plus,all_personal,reason_broad,handled_otherwise,True,104,428,112143.72651087,464405.22133973,521766015.4404148
2020,all_20plus,all_personal,reason_broad,not_worth_it,True,105,428,116513.31044851,464405.22133973,521766015.4404148
2020,all_20plus,all_personal,reason_broad,other,True,16,428,18966.29011686,464405.22133973,521766015.4404148
2020,all_20plus,all_personal,reason_broad,police_wont_help,True,179,428,193814.75145063,464405.22133973,521766015.4404148
2020,all_20plus,all_personal,reason_broad,shame_fear,True,24,428,22967.142812860002,464405.22133973,521766015.4404148
2020,haredi,all_personal,reason_broad,handled_otherwise,True,2,18,1652.43430245,17700.0897872,17681750.20597106
2020,haredi,all_personal,reason_broad,not_worth_it,True,3,18,3004.24349738,17700.0897872,17681750.20597106
2020,haredi,all_personal,reason_broad,other,True,0,18,0.0,17700.0897872,17681750.20597106
2020,haredi,all_personal,reason_broad,police_wont_help,True,11,18,11314.03040959,17700.0897872,17681750.20597106
2020,haredi,all_personal,reason_broad,shame_fear,True,2,18,1729.38157778,17700.0897872,17681750.20597106
2020,nonharedi_jew,all_personal,reason_broad,handled_otherwise,True,90,347,97232.70857236,378647.86070053,424966567.87816054
2020,nonharedi_jew,all_personal,reason_broad,not_worth_it,True,85,347,94194.30100403,378647.86070053,424966567.87816054
2020,nonharedi_jew,all_personal,reason_broad,other,True,12,347,14067.59461136,378647.86070053,424966567.87816054
2020,nonharedi_jew,all_personal,reason_broad,police_wont_help,True,145,347,157495.15122241,378647.86070053,424966567.87816054
2020,nonharedi_jew,all_personal,reason_broad,shame_fear,True,15,347,15658.10529037,378647.86070053,424966567.87816054
2021,all_20plus,all_personal,reason_broad,handled_otherwise,True,169,647,189213.36344885,720704.02066453,830558082.6343722
2021,all_20plus,all_personal,reason_broad,not_worth_it,True,165,647,184470.54562798003,720704.02066453,830558082.6343722
2021,all_20plus,all_personal,reason_broad,other,True,37,647,39964.92251357,720704.02066453,830558082.6343722
2021,all_20plus,all_personal,reason_broad,police_wont_help,True,260,647,288923.75989498,720704.02066453,830558082.6343722
2021,all_20plus,all_personal,reason_broad,shame_fear,True,16,647,18131.42917915,720704.02066453,830558082.6343722
2021,haredi,all_personal,reason_broad,handled_otherwise,True,15,46,16836.457967360002,51916.595272310005,59455225.172021136
2021,haredi,all_personal,reason_broad,not_worth_it,True,11,46,12508.04847073,51916.595272310005,59455225.172021136
2021,haredi,all_personal,reason_broad,other,True,2,46,2578.5322999,51916.595272310005,59455225.172021136
2021,haredi,all_personal,reason_broad,police_wont_help,True,17,46,19098.44023647,51916.595272310005,59455225.172021136
2021,haredi,all_personal,reason_broad,shame_fear,True,1,46,895.11629785,51916.595272310005,59455225.172021136
2021,nonharedi_jew,all_personal,reason_broad,handled_otherwise,True,141,525,156179.0417408,581342.05293483,660461385.8461013
2021,nonharedi_jew,all_personal,reason_broad,not_worth_it,True,134,525,149448.27363278,581342.05293483,660461385.8461013
2021,nonharedi_jew,all_personal,reason_broad,other,True,28,525,29797.596790199997,581342.05293483,660461385.8461013
2021,nonharedi_jew,all_personal,reason_broad,police_wont_help,True,208,525,229777.10069055,581342.05293483,660461385.8461013
2021,nonharedi_jew,all_personal,reason_broad,shame_fear,True,14,525,16140.040080499999,581342.05293483,660461385.8461013
2022,all_20plus,all_personal,reason_broad,handled_otherwise,True,158,662,196188.48943334998,819995.8214888499,1039968078.3727133
2022,all_20plus,all_personal,reason_broad,not_worth_it,True,133,662,163914.98316513002,819995.8214888499,1039968078.3727133
2022,all_20plus,all_personal,reason_broad,other,True,35,662,41445.49957682,819995.8214888499,1039968078.3727133
2022,all_20plus,all_personal,reason_broad,police_wont_help,True,286,662,356506.80897828,819995.8214888499,1039968078.3727133
2022,all_20plus,all_personal,reason_broad,shame_fear,True,50,662,61940.04033527,819995.8214888499,1039968078.3727133
2022,haredi,all_personal,reason_broad,handled_otherwise,True,11,45,13434.49089569,54399.61474039,67585390.80165124
2022,haredi,all_personal,reason_broad,not_worth_it,True,9,45,11075.13651599,54399.61474039,67585390.80165124
2022,haredi,all_personal,reason_broad,other,True,4,45,4260.15388718,54399.61474039,67585390.80165124
2022,haredi,all_personal,reason_broad,police_wont_help,True,19,45,23292.202809579998,54399.61474039,67585390.80165124
2022,haredi,all_personal,reason_broad,shame_fear,True,2,45,2337.63063195,54399.61474039,67585390.80165124
2022,nonharedi_jew,all_personal,reason_broad,handled_otherwise,True,128,528,156783.09974131003,651072.6878139899,820047961.0002398
2022,nonharedi_jew,all_personal,reason_broad,not_worth_it,True,104,528,128321.25364734,651072.6878139899,820047961.0002398
2022,nonharedi_jew,all_personal,reason_broad,other,True,28,528,33026.36753604,651072.6878139899,820047961.0002398
2022,nonharedi_jew,all_personal,reason_broad,police_wont_help,True,225,528,280635.27083918,651072.6878139899,820047961.0002398
2022,nonharedi_jew,all_personal,reason_broad,shame_fear,True,43,528,52306.69605012,651072.6878139899,820047961.0002398
2023,all_20plus,all_personal,reason_broad,handled_otherwise,True,203,817,265918.40698863997,1066646.59359881,1432536420.2351563
2023,all_20plus,all_personal,reason_broad,not_worth_it,True,166,817,216283.55024570003,1066646.59359881,1432536420.2351563
2023,all_20plus,all_personal,reason_broad,other,True,34,817,44966.525687240006,1066646.59359881,1432536420.2351563
2023,all_20plus,all_personal,reason_broad,police_wont_help,True,354,817,458494.95627616,1066646.59359881,1432536420.2351563
2023,all_20plus,all_personal,reason_broad,shame_fear,True,60,817,80983.15440107,1066646.59359881,1432536420.2351563
2023,haredi,all_personal,reason_broad,handled_otherwise,True,15,68,17453.597838640002,82574.95676003999,103252976.93726176
2023,haredi,all_personal,reason_broad,not_worth_it,True,12,68,15090.4041507,82574.95676003999,103252976.93726176
2023,haredi,all_personal,reason_broad,other,True,2,68,2642.785997,82574.95676003999,103252976.93726176
2023,haredi,all_personal,reason_broad,police_wont_help,True,33,68,40154.5706412,82574.95676003999,103252976.93726176
2023,haredi,all_personal,reason_broad,shame_fear,True,6,68,7233.598132500001,82574.95676003999,103252976.93726176
2023,nonharedi_jew,all_personal,reason_broad,handled_otherwise,True,160,631,210908.89856481002,825894.99506818,1107043481.474217
2023,nonharedi_jew,all_personal,reason_broad,not_worth_it,True,129,631,167792.43896161002,825894.99506818,1107043481.474217
2023,nonharedi_jew,all_personal,reason_broad,other,True,26,631,33152.038877340005,825894.99506818,1107043481.474217
2023,nonharedi_jew,all_personal,reason_broad,police_wont_help,True,276,631,359625.77918779996,825894.99506818,1107043481.474217
2023,nonharedi_jew,all_personal,reason_broad,shame_fear,True,40,631,54415.83947662001,825894.99506818,1107043481.474217
2024,all_20plus,all_personal,reason_broad,handled_otherwise,True,254,689,331571.1892184,902800.3615850001,1216798402.4941542
2024,all_20plus,all_personal,reason_broad,not_worth_it,True,121,689,157484.1733514,902800.3615850001,1216798402.4941542
2024,all_20plus,all_personal,reason_broad,other,True,16,689,20814.8755114,902800.3615850001,1216798402.4941542
2024,all_20plus,all_personal,reason_broad,police_wont_help,True,230,689,305837.0554572,902800.3615850001,1216798402.4941542
2024,all_20plus,all_personal,reason_broad,shame_fear,True,68,689,87093.06804659999,902800.3615850001,1216798402.4941542
2024,haredi,all_personal,reason_broad,handled_otherwise,True,15,63,18931.236560999998,78190.48087079999,98435801.07932752
2024,haredi,all_personal,reason_broad,not_worth_it,True,14,63,17895.3517805,78190.48087079999,98435801.07932752
2024,haredi,all_personal,reason_broad,other,True,3,63,4078.465229,78190.48087079999,98435801.07932752
2024,haredi,all_personal,reason_broad,police_wont_help,True,23,63,28309.932118,78190.48087079999,98435801.07932752
2024,haredi,all_personal,reason_broad,shame_fear,True,8,63,8975.4951823,78190.48087079999,98435801.07932752
2024,nonharedi_jew,all_personal,reason_broad,handled_otherwise,True,212,553,277681.5435008,731532.3909385001,989331517.7419891
2024,nonharedi_jew,all_personal,reason_broad,not_worth_it,True,95,553,126611.5550292,731532.3909385001,989331517.7419891
2024,nonharedi_jew,all_personal,reason_broad,other,True,10,553,13428.128104399999,731532.3909385001,989331517.7419891
2024,nonharedi_jew,all_personal,reason_broad,police_wont_help,True,183,553,245259.41007050002,731532.3909385001,989331517.7419891
2024,nonharedi_jew,all_personal,reason_broad,shame_fear,True,53,553,68551.7542336,731532.3909385001,989331517.7419891
2025,all_20plus,all_personal,reason_broad,handled_otherwise,True,254,694,315338.5100417,877633.5295218199,1154296324.1761258
2025,all_20plus,all_personal,reason_broad,not_worth_it,True,124,694,159986.41570639,877633.5295218199,1154296324.1761258
2025,all_20plus,all_personal,reason_broad,other,True,26,694,34165.6183551,877633.5295218199,1154296324.1761258
2025,all_20plus,all_personal,reason_broad,police_wont_help,True,234,694,296965.38287743,877633.5295218199,1154296324.1761258
2025,all_20plus,all_personal,reason_broad,shame_fear,True,56,694,71177.6025412,877633.5295218199,1154296324.1761258
2025,haredi,all_personal,reason_broad,handled_otherwise,True,20,54,25478.71399021,68068.94409224001,87885304.53585182
2025,haredi,all_personal,reason_broad,not_worth_it,True,11,54,13496.53856363,68068.94409224001,87885304.53585182
2025,haredi,all_personal,reason_broad,other,True,4,54,5349.254735799999,68068.94409224001,87885304.53585182
2025,haredi,all_personal,reason_broad,police_wont_help,True,16,54,20025.0297824,68068.94409224001,87885304.53585182
2025,haredi,all_personal,reason_broad,shame_fear,True,3,54,3719.4070202000003,68068.94409224001,87885304.53585182
2025,nonharedi_jew,all_personal,reason_broad,handled_otherwise,True,187,537,237285.10016827,690281.50362424,919974952.308344
2025,nonharedi_jew,all_personal,reason_broad,not_worth_it,True,100,537,131155.99509722998,690281.50362424,919974952.308344
2025,nonharedi_jew,all_personal,reason_broad,other,True,18,537,23718.719342700002,690281.50362424,919974952.308344
2025,nonharedi_jew,all_personal,reason_broad,police_wont_help,True,189,537,242832.05512254,690281.50362424,919974952.308344
2025,nonharedi_jew,all_personal,reason_broad,shame_fear,True,43,537,55289.633893499995,690281.50362424,919974952.308344
2015,all_20plus,all_personal_excl_cyber,reason_broad,handled_otherwise,False,0,363,0.0,419543.87687067,519736530.3949939
2015,all_20plus,all_personal_excl_cyber,reason_broad,not_worth_it,True,71,363,79348.88393632,419543.87687067,519736530.3949939
2015,all_20plus,all_personal_excl_cyber,reason_broad,other,True,66,363,76271.22302104,419543.87687067,519736530.3949939
2015,all_20plus,all_personal_excl_cyber,reason_broad,police_wont_help,True,202,363,235150.76053876,419543.87687067,519736530.3949939
2015,all_20plus,all_personal_excl_cyber,reason_broad,shame_fear,True,24,363,28773.00937455,419543.87687067,519736530.3949939
2015,haredi,all_personal_excl_cyber,reason_broad,handled_otherwise,False,0,23,0.0,26101.20100354,31015527.435660336
2015,haredi,all_personal_excl_cyber,reason_broad,not_worth_it,True,4,23,3889.52063099,26101.20100354,31015527.435660336
2015,haredi,all_personal_excl_cyber,reason_broad,other,True,6,23,6432.86719677,26101.20100354,31015527.435660336
2015,haredi,all_personal_excl_cyber,reason_broad,police_wont_help,True,13,23,15778.81317578,26101.20100354,31015527.435660336
2015,haredi,all_personal_excl_cyber,reason_broad,shame_fear,True,0,23,0.0,26101.20100354,31015527.435660336
2015,nonharedi_jew,all_personal_excl_cyber,reason_broad,handled_otherwise,False,0,287,0.0,319498.22171026,372771115.3184324
2015,nonharedi_jew,all_personal_excl_cyber,reason_broad,not_worth_it,True,58,287,63574.43200344999,319498.22171026,372771115.3184324
2015,nonharedi_jew,all_personal_excl_cyber,reason_broad,other,True,48,287,51859.8525855,319498.22171026,372771115.3184324
2015,nonharedi_jew,all_personal_excl_cyber,reason_broad,police_wont_help,True,159,287,178798.69170065998,319498.22171026,372771115.3184324
2015,nonharedi_jew,all_personal_excl_cyber,reason_broad,shame_fear,True,22,287,25265.24542065,319498.22171026,372771115.3184324
2016,all_20plus,all_personal_excl_cyber,reason_broad,handled_otherwise,True,32,307,38212.06048559,365215.05060549,452337176.6615076
2016,all_20plus,all_personal_excl_cyber,reason_broad,not_worth_it,True,82,307,92495.80632602,365215.05060549,452337176.6615076
2016,all_20plus,all_personal_excl_cyber,reason_broad,other,True,47,307,57523.423435979996,365215.05060549,452337176.6615076
2016,all_20plus,all_personal_excl_cyber,reason_broad,police_wont_help,True,137,307,166758.84314841,365215.05060549,452337176.6615076
2016,all_20plus,all_personal_excl_cyber,reason_broad,shame_fear,True,9,307,10224.917209489999,365215.05060549,452337176.6615076
2016,haredi,all_personal_excl_cyber,reason_broad,handled_otherwise,True,3,21,3267.8017975699995,24567.46866654,29311532.720334828
2016,haredi,all_personal_excl_cyber,reason_broad,not_worth_it,True,6,21,6945.6393591999995,24567.46866654,29311532.720334828
2016,haredi,all_personal_excl_cyber,reason_broad,other,True,3,21,4253.6700656,24567.46866654,29311532.720334828
2016,haredi,all_personal_excl_cyber,reason_broad,police_wont_help,True,8,21,9010.23377787,24567.46866654,29311532.720334828
2016,haredi,all_personal_excl_cyber,reason_broad,shame_fear,True,1,21,1090.1236663,24567.46866654,29311532.720334828
2016,nonharedi_jew,all_personal_excl_cyber,reason_broad,handled_otherwise,True,21,229,25056.751269629996,271736.46798528,335195116.6020113
2016,nonharedi_jew,all_personal_excl_cyber,reason_broad,not_worth_it,True,62,229,71398.69448972,271736.46798528,335195116.6020113
2016,nonharedi_jew,all_personal_excl_cyber,reason_broad,other,True,36,229,43869.41671506,271736.46798528,335195116.6020113
2016,nonharedi_jew,all_personal_excl_cyber,reason_broad,police_wont_help,True,102,229,122276.81196768001,271736.46798528,335195116.6020113
2016,nonharedi_jew,all_personal_excl_cyber,reason_broad,shame_fear,True,8,229,9134.79354319,271736.46798528,335195116.6020113
2017,all_20plus,all_personal_excl_cyber,reason_broad,handled_otherwise,True,32,280,36564.35759508,339194.19314399,428961984.5933006
2017,all_20plus,all_personal_excl_cyber,reason_broad,not_worth_it,True,78,280,92945.4471708,339194.19314399,428961984.5933006
2017,all_20plus,all_personal_excl_cyber,reason_broad,other,True,27,280,33935.39165322,339194.19314399,428961984.5933006
2017,all_20plus,all_personal_excl_cyber,reason_broad,police_wont_help,True,127,280,158715.72975551,339194.19314399,428961984.5933006
2017,all_20plus,all_personal_excl_cyber,reason_broad,shame_fear,True,16,280,17033.266969379998,339194.19314399,428961984.5933006
2017,haredi,all_personal_excl_cyber,reason_broad,handled_otherwise,True,3,19,3368.4138744,22715.1363466,27649681.540511757
2017,haredi,all_personal_excl_cyber,reason_broad,not_worth_it,True,9,19,10629.55788398,22715.1363466,27649681.540511757
2017,haredi,all_personal_excl_cyber,reason_broad,other,True,0,19,0.0,22715.1363466,27649681.540511757
2017,haredi,all_personal_excl_cyber,reason_broad,police_wont_help,True,6,19,7491.16813232,22715.1363466,27649681.540511757
2017,haredi,all_personal_excl_cyber,reason_broad,shame_fear,True,1,19,1225.9964559,22715.1363466,27649681.540511757
2017,nonharedi_jew,all_personal_excl_cyber,reason_broad,handled_otherwise,True,24,203,27452.5220444,249033.63646641996,313515284.01548976
2017,nonharedi_jew,all_personal_excl_cyber,reason_broad,not_worth_it,True,52,203,64859.490749959994,249033.63646641996,313515284.01548976
2017,nonharedi_jew,all_personal_excl_cyber,reason_broad,other,True,21,203,26916.522256360004,249033.63646641996,313515284.01548976
2017,nonharedi_jew,all_personal_excl_cyber,reason_broad,police_wont_help,True,95,203,117234.18670677001,249033.63646641996,313515284.01548976
2017,nonharedi_jew,all_personal_excl_cyber,reason_broad,shame_fear,True,11,203,12570.914708929999,249033.63646641996,313515284.01548976
2018,all_20plus,all_personal_excl_cyber,reason_broad,handled_otherwise,True,26,318,29011.4045991,359628.79128203995,418075674.436326
2018,all_20plus,all_personal_excl_cyber,reason_broad,not_worth_it,True,102,318,117086.61745775,359628.79128203995,418075674.436326
2018,all_20plus,all_personal_excl_cyber,reason_broad,other,True,44,318,49431.16036568001,359628.79128203995,418075674.436326
2018,all_20plus,all_personal_excl_cyber,reason_broad,police_wont_help,True,126,318,140177.66881393,359628.79128203995,418075674.436326
2018,all_20plus,all_personal_excl_cyber,reason_broad,shame_fear,True,20,318,23921.94004558,359628.79128203995,418075674.436326
2018,haredi,all_personal_excl_cyber,reason_broad,handled_otherwise,True,1,14,1162.9021838,15391.928487290003,17213546.467681795
2018,haredi,all_personal_excl_cyber,reason_broad,not_worth_it,True,8,14,8939.62995161,15391.928487290003,17213546.467681795
2018,haredi,all_personal_excl_cyber,reason_broad,other,True,0,14,0.0,15391.928487290003,17213546.467681795
2018,haredi,all_personal_excl_cyber,reason_broad,police_wont_help,True,5,14,5289.39635188,15391.928487290003,17213546.467681795
2018,haredi,all_personal_excl_cyber,reason_broad,shame_fear,True,0,14,0.0,15391.928487290003,17213546.467681795
2018,nonharedi_jew,all_personal_excl_cyber,reason_broad,handled_otherwise,True,23,257,25281.8223545,290041.22456843,334948067.68136585
2018,nonharedi_jew,all_personal_excl_cyber,reason_broad,not_worth_it,True,80,257,91029.16474905999,290041.22456843,334948067.68136585
2018,nonharedi_jew,all_personal_excl_cyber,reason_broad,other,True,39,257,44574.4539125,290041.22456843,334948067.68136585
2018,nonharedi_jew,all_personal_excl_cyber,reason_broad,police_wont_help,True,99,257,110860.48139819,290041.22456843,334948067.68136585
2018,nonharedi_jew,all_personal_excl_cyber,reason_broad,shame_fear,True,16,257,18295.30215418,290041.22456843,334948067.68136585
2019,all_20plus,all_personal_excl_cyber,reason_broad,handled_otherwise,True,21,315,24962.04543294,355126.73683897004,413259574.6123417
2019,all_20plus,all_personal_excl_cyber,reason_broad,not_worth_it,True,114,315,127582.28493769,355126.73683897004,413259574.6123417
2019,all_20plus,all_personal_excl_cyber,reason_broad,other,True,11,315,11331.921041720001,355126.73683897004,413259574.6123417
2019,all_20plus,all_personal_excl_cyber,reason_broad,police_wont_help,True,154,315,174169.90583819998,355126.73683897004,413259574.6123417
2019,all_20plus,all_personal_excl_cyber,reason_broad,shame_fear,True,15,315,17080.579588419998,355126.73683897004,413259574.6123417
2019,haredi,all_personal_excl_cyber,reason_broad,handled_otherwise,True,0,27,0.0,28261.85407242,30152754.556334496
2019,haredi,all_personal_excl_cyber,reason_broad,not_worth_it,True,12,27,12413.28681127,28261.85407242,30152754.556334496
2019,haredi,all_personal_excl_cyber,reason_broad,other,True,0,27,0.0,28261.85407242,30152754.556334496
2019,haredi,all_personal_excl_cyber,reason_broad,police_wont_help,True,13,27,13817.73490647,28261.85407242,30152754.556334496
2019,haredi,all_personal_excl_cyber,reason_broad,shame_fear,True,2,27,2030.83235468,28261.85407242,30152754.556334496
2019,nonharedi_jew,all_personal_excl_cyber,reason_broad,handled_otherwise,True,16,239,18438.67300744,269675.24300655,312979615.3451762
2019,nonharedi_jew,all_personal_excl_cyber,reason_broad,not_worth_it,True,85,239,95597.80486025,269675.24300655,312979615.3451762
2019,nonharedi_jew,all_personal_excl_cyber,reason_broad,other,True,10,239,10596.40535407,269675.24300655,312979615.3451762
2019,nonharedi_jew,all_personal_excl_cyber,reason_broad,police_wont_help,True,120,239,135728.26267591,269675.24300655,312979615.3451762
2019,nonharedi_jew,all_personal_excl_cyber,reason_broad,shame_fear,True,8,239,9314.09710888,269675.24300655,312979615.3451762
2020,all_20plus,all_personal_excl_cyber,reason_broad,handled_otherwise,True,42,254,44522.2953669,274030.34110243,306377583.8978745
2020,all_20plus,all_personal_excl_cyber,reason_broad,not_worth_it,True,64,254,71751.15474522,274030.34110243,306377583.8978745
2020,all_20plus,all_personal_excl_cyber,reason_broad,other,True,10,254,11250.73898414,274030.34110243,306377583.8978745
2020,all_20plus,all_personal_excl_cyber,reason_broad,police_wont_help,True,115,254,124651.69139251,274030.34110243,306377583.8978745
2020,all_20plus,all_personal_excl_cyber,reason_broad,shame_fear,True,23,254,21854.460613659998,274030.34110243,306377583.8978745
2020,haredi,all_personal_excl_cyber,reason_broad,handled_otherwise,True,1,16,902.24970523,15763.308200079999,15710960.859625183
2020,haredi,all_personal_excl_cyber,reason_broad,not_worth_it,True,3,16,3004.24349738,15763.308200079999,15710960.859625183
2020,haredi,all_personal_excl_cyber,reason_broad,other,True,0,16,0.0,15763.308200079999,15710960.859625183
2020,haredi,all_personal_excl_cyber,reason_broad,police_wont_help,True,10,16,10127.433419689998,15763.308200079999,15710960.859625183
2020,haredi,all_personal_excl_cyber,reason_broad,shame_fear,True,2,16,1729.38157778,15763.308200079999,15710960.859625183
2020,nonharedi_jew,all_personal_excl_cyber,reason_broad,handled_otherwise,True,38,196,40933.02946456,212846.08971484,238024480.08267862
2020,nonharedi_jew,all_personal_excl_cyber,reason_broad,not_worth_it,True,47,196,52811.675455029996,212846.08971484,238024480.08267862
2020,nonharedi_jew,all_personal_excl_cyber,reason_broad,other,True,7,196,7439.96315734,212846.08971484,238024480.08267862
2020,nonharedi_jew,all_personal_excl_cyber,reason_broad,police_wont_help,True,90,196,97115.99854674,212846.08971484,238024480.08267862
2020,nonharedi_jew,all_personal_excl_cyber,reason_broad,shame_fear,True,14,196,14545.42309117,212846.08971484,238024480.08267862
2021,all_20plus,all_personal_excl_cyber,reason_broad,handled_otherwise,True,51,324,58106.44572538,366442.18031122,429280378.87085766
2021,all_20plus,all_personal_excl_cyber,reason_broad,not_worth_it,True,97,324,110769.68685276,366442.18031122,429280378.87085766
2021,all_20plus,all_personal_excl_cyber,reason_broad,other,True,16,324,17904.65898335,366442.18031122,429280378.87085766
2021,all_20plus,all_personal_excl_cyber,reason_broad,police_wont_help,True,147,324,165135.69857508002,366442.18031122,429280378.87085766
2021,all_20plus,all_personal_excl_cyber,reason_broad,shame_fear,True,13,324,14525.69017465,366442.18031122,429280378.87085766
2021,haredi,all_personal_excl_cyber,reason_broad,handled_otherwise,True,6,24,6792.0325794,27075.769964990002,31003273.67442493
2021,haredi,all_personal_excl_cyber,reason_broad,not_worth_it,True,7,24,8003.657301130001,27075.769964990002,31003273.67442493
2021,haredi,all_personal_excl_cyber,reason_broad,other,True,0,24,0.0,27075.769964990002,31003273.67442493
2021,haredi,all_personal_excl_cyber,reason_broad,police_wont_help,True,10,24,11384.96378661,27075.769964990002,31003273.67442493
2021,haredi,all_personal_excl_cyber,reason_broad,shame_fear,True,1,24,895.11629785,27075.769964990002,31003273.67442493
2021,nonharedi_jew,all_personal_excl_cyber,reason_broad,handled_otherwise,True,41,255,46703.626531999995,286714.24803750997,331153262.8168498
2021,nonharedi_jew,all_personal_excl_cyber,reason_broad,not_worth_it,True,73,255,83080.64571353,286714.24803750997,331153262.8168498
2021,nonharedi_jew,all_personal_excl_cyber,reason_broad,other,True,14,255,15600.912134650001,286714.24803750997,331153262.8168498
2021,nonharedi_jew,all_personal_excl_cyber,reason_broad,police_wont_help,True,116,255,128794.76258133001,286714.24803750997,331153262.8168498
2021,nonharedi_jew,all_personal_excl_cyber,reason_broad,shame_fear,True,11,255,12534.301076,286714.24803750997,331153262.8168498
2022,all_20plus,all_personal_excl_cyber,reason_broad,handled_otherwise,True,26,300,31906.16918702,372171.40331357997,473307034.058681
2022,all_20plus,all_personal_excl_cyber,reason_broad,not_worth_it,True,85,300,104032.46732561,372171.40331357997,473307034.058681
2022,all_20plus,all_personal_excl_cyber,reason_broad,other,True,18,300,21705.08659586,372171.40331357997,473307034.058681
2022,all_20plus,all_personal_excl_cyber,reason_broad,police_wont_help,True,155,300,194601.83799680998,372171.40331357997,473307034.058681
2022,all_20plus,all_personal_excl_cyber,reason_broad,shame_fear,True,16,300,19925.842208280003,372171.40331357997,473307034.058681
2022,haredi,all_personal_excl_cyber,reason_broad,handled_otherwise,True,1,21,1292.1953269,25834.030855880002,32292928.705778234
2022,haredi,all_personal_excl_cyber,reason_broad,not_worth_it,True,5,21,6299.6245342,25834.030855880002,32292928.705778234
2022,haredi,all_personal_excl_cyber,reason_broad,other,True,3,21,3017.68079888,25834.030855880002,32292928.705778234
2022,haredi,all_personal_excl_cyber,reason_broad,police_wont_help,True,12,21,15224.5301959,25834.030855880002,32292928.705778234
2022,haredi,all_personal_excl_cyber,reason_broad,shame_fear,True,0,21,0.0,25834.030855880002,32292928.705778234
2022,nonharedi_jew,all_personal_excl_cyber,reason_broad,handled_otherwise,True,22,229,26466.43453837,283316.51348214,358482761.7624142
2022,nonharedi_jew,all_personal_excl_cyber,reason_broad,not_worth_it,True,65,229,79971.99537851001,283316.51348214,358482761.7624142
2022,nonharedi_jew,all_personal_excl_cyber,reason_broad,other,True,13,229,15809.344180279999,283316.51348214,358482761.7624142
2022,nonharedi_jew,all_personal_excl_cyber,reason_broad,police_wont_help,True,114,229,142627.4405338,283316.51348214,358482761.7624142
2022,nonharedi_jew,all_personal_excl_cyber,reason_broad,shame_fear,True,15,229,18441.29885118,283316.51348214,358482761.7624142
2023,all_20plus,all_personal_excl_cyber,reason_broad,handled_otherwise,True,64,396,83673.98994576,520460.44879317994,704183175.5407894
2023,all_20plus,all_personal_excl_cyber,reason_broad,not_worth_it,True,101,396,132428.67561465,520460.44879317994,704183175.5407894
2023,all_20plus,all_personal_excl_cyber,reason_broad,other,True,16,396,21524.58444084,520460.44879317994,704183175.5407894
2023,all_20plus,all_personal_excl_cyber,reason_broad,police_wont_help,True,199,396,260068.20933018002,520460.44879317994,704183175.5407894
2023,all_20plus,all_personal_excl_cyber,reason_broad,shame_fear,True,16,396,22764.98946175,520460.44879317994,704183175.5407894
2023,haredi,all_personal_excl_cyber,reason_broad,handled_otherwise,True,7,39,7505.725344439999,47865.333514859994,61104264.63193084
2023,haredi,all_personal_excl_cyber,reason_broad,not_worth_it,True,7,39,8693.268987899999,47865.333514859994,61104264.63193084
2023,haredi,all_personal_excl_cyber,reason_broad,other,True,1,39,1521.9415545,47865.333514859994,61104264.63193084
2023,haredi,all_personal_excl_cyber,reason_broad,police_wont_help,True,23,39,28795.215722420002,47865.333514859994,61104264.63193084
2023,haredi,all_personal_excl_cyber,reason_broad,shame_fear,True,1,39,1349.1819056,47865.333514859994,61104264.63193084
2023,nonharedi_jew,all_personal_excl_cyber,reason_broad,handled_otherwise,True,43,293,57853.06054442,386821.49775542004,524173673.67933166
2023,nonharedi_jew,all_personal_excl_cyber,reason_broad,not_worth_it,True,79,293,102779.37643965,386821.49775542004,524173673.67933166
2023,nonharedi_jew,all_personal_excl_cyber,reason_broad,other,True,12,293,15922.005495640002,386821.49775542004,524173673.67933166
2023,nonharedi_jew,all_personal_excl_cyber,reason_broad,police_wont_help,True,150,293,197759.19543196,386821.49775542004,524173673.67933166
2023,nonharedi_jew,all_personal_excl_cyber,reason_broad,shame_fear,True,9,293,12507.85984375,386821.49775542004,524173673.67933166
2024,all_20plus,all_personal_excl_cyber,reason_broad,handled_otherwise,True,66,301,88343.61470209999,401061.0453792,552062022.7778289
2024,all_20plus,all_personal_excl_cyber,reason_broad,not_worth_it,True,78,301,102831.0912476,401061.0453792,552062022.7778289
2024,all_20plus,all_personal_excl_cyber,reason_broad,other,True,8,301,10843.6247044,401061.0453792,552062022.7778289
2024,all_20plus,all_personal_excl_cyber,reason_broad,police_wont_help,True,127,301,170836.45166989998,401061.0453792,552062022.7778289
2024,all_20plus,all_personal_excl_cyber,reason_broad,shame_fear,True,22,301,28206.263055199997,401061.0453792,552062022.7778289
2024,haredi,all_personal_excl_cyber,reason_broad,handled_otherwise,True,7,39,8947.55374,50181.530890999995,65364792.00494538
2024,haredi,all_personal_excl_cyber,reason_broad,not_worth_it,True,10,39,13408.515296000001,50181.530890999995,65364792.00494538
2024,haredi,all_personal_excl_cyber,reason_broad,other,True,2,39,2947.316505,50181.530890999995,65364792.00494538
2024,haredi,all_personal_excl_cyber,reason_broad,police_wont_help,True,18,39,22603.581774,50181.530890999995,65364792.00494538
2024,haredi,all_personal_excl_cyber,reason_broad,shame_fear,True,2,39,2274.563576,50181.530890999995,65364792.00494538
2024,nonharedi_jew,all_personal_excl_cyber,reason_broad,handled_otherwise,True,45,224,60823.816542,303143.7031738,420739908.0257625
2024,nonharedi_jew,all_personal_excl_cyber,reason_broad,not_worth_it,True,59,224,80165.7439412,303143.7031738,420739908.0257625
2024,nonharedi_jew,all_personal_excl_cyber,reason_broad,other,True,4,224,5599.9768864,303143.7031738,420739908.0257625
2024,nonharedi_jew,all_personal_excl_cyber,reason_broad,police_wont_help,True,99,224,134485.4354247,303143.7031738,420739908.0257625
2024,nonharedi_jew,all_personal_excl_cyber,reason_broad,shame_fear,True,17,224,22068.7303795,303143.7031738,420739908.0257625
2025,all_20plus,all_personal_excl_cyber,reason_broad,handled_otherwise,True,73,322,90499.54130142,406397.97584766,535688934.4593653
2025,all_20plus,all_personal_excl_cyber,reason_broad,not_worth_it,True,90,322,116186.33324419,406397.97584766,535688934.4593653
2025,all_20plus,all_personal_excl_cyber,reason_broad,other,True,12,322,15390.3732192,406397.97584766,535688934.4593653
2025,all_20plus,all_personal_excl_cyber,reason_broad,police_wont_help,True,132,322,164291.17953065,406397.97584766,535688934.4593653
2025,all_20plus,all_personal_excl_cyber,reason_broad,shame_fear,True,15,322,20030.5485522,406397.97584766,535688934.4593653
2025,haredi,all_personal_excl_cyber,reason_broad,handled_otherwise,True,7,28,7991.53569411,33515.21728844,41093571.3121811
2025,haredi,all_personal_excl_cyber,reason_broad,not_worth_it,True,8,28,9330.77459243,33515.21728844,41093571.3121811
2025,haredi,all_personal_excl_cyber,reason_broad,other,True,0,28,0.0,33515.21728844,41093571.3121811
2025,haredi,all_personal_excl_cyber,reason_broad,police_wont_help,True,13,28,16192.9070019,33515.21728844,41093571.3121811
2025,haredi,all_personal_excl_cyber,reason_broad,shame_fear,True,0,28,0.0,33515.21728844,41093571.3121811
2025,nonharedi_jew,all_personal_excl_cyber,reason_broad,handled_otherwise,True,47,238,61434.202166589996,308619.85046383005,416451538.3442968
2025,nonharedi_jew,all_personal_excl_cyber,reason_broad,not_worth_it,True,71,238,94135.06736942999,308619.85046383005,416451538.3442968
2025,nonharedi_jew,all_personal_excl_cyber,reason_broad,other,True,8,238,10292.728942599999,308619.85046383005,416451538.3442968
2025,nonharedi_jew,all_personal_excl_cyber,reason_broad,police_wont_help,True,100,238,126791.06629311001,308619.85046383005,416451538.3442968
2025,nonharedi_jew,all_personal_excl_cyber,reason_broad,shame_fear,True,12,238,15966.785692100002,308619.85046383005,416451538.3442968
